key,doi,reference_authors,citation,year,title,journal,volume,issue,pages,evidence_level,crossref_path,abstract_path
kaczensky_2007,10.22353/mjbs.2007.05.03,"Kaczensky P, Ganbaatar O, von Wehrden H, Enksaikhan N, Lkhagvasuren D, Walzer C",Kaczensky et al. 2007,2007,Przewalski’s Horse (Equus ferus przewalskii) Re-introduction in the Great Gobi B Strictly Protected Area: from Species to Ecosystem Conservation,Mongolian Journal of Biological Sciences,5,1-2,13-18,FULL_TEXT_LOCAL,data/raw/20261007T063000Z/literature_expansion/kaczensky_2007_crossref.json,
delia_2015,10.1016/j.biocon.2015.01.002,"D’Elia J, Haig SM, Johnson M, Marcot BG, Young R",D’Elia et al. 2015,2015,Activity-specific ecological niche models for planning reintroductions of California condors ( Gymnogyps californianus ),Biological Conservation,184,,90-99,FULL_TEXT_LOCAL,data/raw/20261007T063000Z/literature_expansion/delia_2015_crossref.json,
mee_2007,10.1017/s095927090700069x,"Mee A, Rideout BA, Hamber JA, Todd JN, Austin G, Clark M, Wallace MP",Mee et al. 2007,2007,Junk ingestion and nestling mortality in a reintroduced population of California Condors Gymnogyps californianus,Bird Conservation International,17,2,119-130,FULL_TEXT_LOCAL,data/raw/20261007T063000Z/literature_expansion/mee_2007_crossref.json,
williams_brown_2022,10.1002/ece3.9197,"Williams BK, Brown ED",Williams & Brown 2022,2022,Partial observability and management of ecological systems,Ecology and Evolution,12,9,e9197,FULL_TEXT_LOCAL,data/raw/20261007T063000Z/literature_expansion/williams_brown_2022_crossref.json,
conde_2011_science,10.1126/science.1200674,"Conde DA, Flesness N, Colchero F, Jones OR, Scheuerlein A",Conde et al. 2011,2011,An Emerging Role of Zoos to Conserve Biodiversity,Science,331,6023,1390-1391,ABSTRACT_LOCAL,data/raw/20261007T055717Z/literature_expansion/conde_2011_science_crossref.json,data/raw/20261007T055717Z/literature_expansion/conde_2011_science_openalex.json
conde_2013_plos,10.1371/journal.pone.0080311,"Conde DA, Colchero F, Gusset M, Pearce-Kelly P, Byers O, Flesness N, Browne RK, Jones OR",Conde et al. 2013,2013,Zoos through the Lens of the IUCN Red List: A Global Metapopulation Approach to Support Conservation Breeding Programs,PLoS ONE,8,12,e80311,ABSTRACT_LOCAL,data/raw/20261007T061500Z/literature_expansion/conde_2013_plos_crossref.json,data/raw/20261007T061500Z/literature_expansion/conde_2013_plos_openalex.json
pritchard_2012,10.1017/S0030605310001766,"Pritchard DJ, Fa JE, Oldfield S, Harrop SR",Pritchard et al. 2012,2012,Bring the captive closer to the wild: redefining the role of ex situ conservation,Oryx,46,1,18-23,ABSTRACT_LOCAL,data/raw/20261007T055717Z/literature_expansion/pritchard_2012_crossref.json,data/raw/20261007T055717Z/literature_expansion/pritchard_2012_openalex.json
redford_2012,10.1126/science.1228899,"Redford KH, Jensen DB, Breheny JJ",Redford et al. 2012,2012,Integrating the Captive and the Wild,Science,338,6111,1157-1158,ABSTRACT_LOCAL,data/raw/20261007T055717Z/literature_expansion/redford_2012_crossref.json,data/raw/20261007T055717Z/literature_expansion/redford_2012_openalex.json
seddon_2014,10.1126/science.1251818,"Seddon PJ, Griffiths CJ, Soorae PS, Armstrong DP",Seddon et al. 2014,2014,Reversing defaunation: Restoring species in a changing world,Science,345,6195,406-412,ABSTRACT_LOCAL,data/raw/20261007T055717Z/literature_expansion/seddon_2014_crossref.json,data/raw/20261007T055717Z/literature_expansion/seddon_2014_openalex.json
gilbert_2017,10.1111/izy.12159,"Gilbert T, Gardner R, Kraaijeveld AR, Riordan P",Gilbert et al. 2017,2017,Contributions of zoos and aquariums to reintroductions: historical reintroduction efforts in the context of changing conservation perspectives,International Zoo Yearbook,51,1,15-31,ABSTRACT_LOCAL,data/raw/20261007T055717Z/literature_expansion/gilbert_2017_crossref.json,data/raw/20261007T055717Z/literature_expansion/gilbert_2017_openalex.json
snyder_1996,10.1046/j.1523-1739.1996.10020338.x,"Snyder NFR, Derrickson SR, Beissinger SR, Wiley JW, Smith TB, Toone WD, Miller B",Snyder et al. 1996,1996,Limitations of Captive Breeding in Endangered Species Recovery,Conservation Biology,10,2,338-348,ABSTRACT_LOCAL,data/raw/20261007T055717Z/literature_expansion/snyder_1996_crossref.json,data/raw/20261007T055717Z/literature_expansion/snyder_1996_openalex.json
frankham_2008,10.1111/j.1365-294X.2007.03399.x,Frankham R,Frankham 2008,2008,Genetic adaptation to captivity in species conservation programs,Molecular Ecology,17,1,325-333,ABSTRACT_LOCAL,data/raw/20261007T061500Z/literature_expansion/frankham_2008_crossref.json,data/raw/20261007T061500Z/literature_expansion/frankham_2008_openalex.json
araki_2007,10.1126/science.1145621,"Araki H, Cooper B, Blouin MS",Araki et al. 2007,2007,"Genetic Effects of Captive Breeding Cause a Rapid, Cumulative Fitness Decline in the Wild",Science,318,5847,100-103,ABSTRACT_LOCAL,data/raw/20261007T061500Z/literature_expansion/araki_2007_crossref.json,data/raw/20261007T061500Z/literature_expansion/araki_2007_openalex.json
williams_hoffman_2009,10.1016/j.biocon.2009.05.034,"Williams SE, Hoffman EA",Williams & Hoffman 2009,2009,Minimizing genetic adaptation in captive breeding programs: A review,Biological Conservation,142,11,2388-2400,METADATA_ONLY,data/raw/20261007T061500Z/literature_expansion/williams_hoffman_2009_crossref.json,
hoban_2020,10.1016/j.biocon.2020.108654,"Hoban S, Bruford M, D'Urban Jackson J, Lopes-Fernandes M, Heuertz M, Hohenlohe PA, Paz-Vinas I, Sjögren-Gulve P, Segelbacher G, Vernesi C, Aitken S, Bertola LD, Bloomer P, Breed M, Rodríguez-Correa H, Funk WC, Grueber CE, Hunter ME, Jaffe R, Liggins L, Mergeay J, Moharrek F, O'Brien D, Ogden R, Palma-Silva C, Pierson J, Ramakrishnan U, Simo-Droissart M, Tani N, Waits L, Laikre L",Hoban et al. 2020,2020,Genetic diversity targets and indicators in the CBD post-2020 Global Biodiversity Framework must be improved,Biological Conservation,248,,108654,ABSTRACT_LOCAL,data/raw/20261007T055717Z/literature_expansion/hoban_2020_crossref.json,data/raw/20261007T055717Z/literature_expansion/hoban_2020_openalex.json
jule_2008,10.1016/j.biocon.2007.11.007,"Jule KR, Leaver LA, Lea SEG",Jule et al. 2008,2008,The effects of captive experience on reintroduction survival in carnivores: A review and analysis,Biological Conservation,141,2,355-363,METADATA_ONLY,data/raw/20261007T061500Z/literature_expansion/jule_2008_crossref.json,
dickens_2010,10.1016/j.biocon.2010.02.032,"Dickens MJ, Delehanty DJ, Romero LM",Dickens et al. 2010,2010,Stress: An inevitable component of animal translocation,Biological Conservation,143,6,1329-1341,METADATA_ONLY,data/raw/20261007T055717Z/literature_expansion/dickens_2010_crossref.json,
kock_2010,10.20506/rst.29.2.1980,"Kock RA, Woodford MH, Rossiter PB",Kock et al. 2010,2010,Disease risks associated with the translocation of wildlife,Revue Scientifique et Technique de l'OIE,29,2,329-350,ABSTRACT_LOCAL,data/raw/20261007T055717Z/literature_expansion/kock_2010_crossref.json,data/raw/20261007T055717Z/literature_expansion/kock_2010_openalex.json
harrington_2013,10.1111/cobi.12021,"Harrington LA, Moehrenschlager A, Gelling M, Atkinson RPD, Hughes J, Macdonald DW",Harrington et al. 2013,2013,Conflicting and Complementary Ethics of Animal Welfare Considerations in Reintroductions,Conservation Biology,27,3,486-500,ABSTRACT_LOCAL,data/raw/20261007T055717Z/literature_expansion/harrington_2013_crossref.json,data/raw/20261007T055717Z/literature_expansion/harrington_2013_openalex.json
beausoleil_2018,10.3389/fvets.2018.00296,"Beausoleil NJ, Mellor DJ, Baker L, Baker SE, Bellio M, Clarke AS, Dale A, Garlick S, Jones B, Harvey A, Pitcher BJ, Sherwen S, Stockin KA, Zito S",Beausoleil et al. 2018,2018,"“Feelings and Fitness” Not “Feelings or Fitness”–The Raison d'être of Conservation Welfare, Which Aligns Conservation and Animal Welfare Objectives",Frontiers in Veterinary Science,5,,296,ABSTRACT_LOCAL,data/raw/20261007T055717Z/literature_expansion/beausoleil_2018_crossref.json,data/raw/20261007T055717Z/literature_expansion/beausoleil_2018_openalex.json
mellor_2020,10.3390/ani10101870,"Mellor DJ, Beausoleil NJ, Littlewood KE, McLean AN, McGreevy PD, Jones B, Wilkins C",Mellor et al. 2020,2020,The 2020 Five Domains Model: Including Human–Animal Interactions in Assessments of Animal Welfare,Animals,10,10,1870,ABSTRACT_LOCAL,data/raw/20261007T055717Z/literature_expansion/mellor_2020_crossref.json,data/raw/20261007T055717Z/literature_expansion/mellor_2020_openalex.json
hoegh_guldberg_2008,10.1126/science.1157897,"Hoegh-Guldberg O, Hughes L, McIntyre S, Lindenmayer DB, Parmesan C, Possingham HP, Thomas CD",Hoegh-Guldberg et al. 2008,2008,Assisted Colonization and Rapid Climate Change,Science,321,5887,345-346,ABSTRACT_LOCAL,data/raw/20261007T055717Z/literature_expansion/hoegh_guldberg_2008_crossref.json,data/raw/20261007T055717Z/literature_expansion/hoegh_guldberg_2008_openalex.json
mclachlan_2007,10.1111/j.1523-1739.2007.00676.x,"McLachlan JS, Hellmann JJ, Schwartz MW",McLachlan et al. 2007,2007,A Framework for Debate of Assisted Migration in an Era of Climate Change,Conservation Biology,21,2,297-302,ABSTRACT_LOCAL,data/raw/20261007T055717Z/literature_expansion/mclachlan_2007_crossref.json,data/raw/20261007T055717Z/literature_expansion/mclachlan_2007_openalex.json
richardson_2009,10.1073/pnas.0902327106,"Richardson DM, Hellmann JJ, McLachlan JS, Sax DF, Schwartz MW, Gonzalez P, Brennan EJ, Camacho A, Root TL, Sala OE, Schneider SH, Ashe DM, Clark JR, Early R, Etterson JR, Fielder ED, Gill JL, Minteer BA, Polasky S, Safford HD, Thompson AR, Vellend M",Richardson et al. 2009,2009,Multidimensional evaluation of managed relocation,Proceedings of the National Academy of Sciences,106,24,9721-9724,ABSTRACT_LOCAL,data/raw/20261007T055717Z/literature_expansion/richardson_2009_crossref.json,data/raw/20261007T055717Z/literature_expansion/richardson_2009_openalex.json
thomas_2011,10.1016/j.tree.2011.02.006,Thomas CD,Thomas 2011,2011,"Translocation of species, climate change, and the end of trying to recreate past ecological communities",Trends in Ecology & Evolution,26,5,216-221,METADATA_ONLY,data/raw/20261007T061500Z/literature_expansion/thomas_2011_crossref.json,
mora_2011,10.1371/journal.pbio.1001127,"Mora C, Tittensor DP, Adl S, Simpson AGB, Worm B",Mora et al. 2011,2011,How Many Species Are There on Earth and in the Ocean?,PLoS Biology,9,8,e1001127,ABSTRACT_LOCAL,data/raw/20261007T055717Z/literature_expansion/mora_2011_crossref.json,data/raw/20261007T055717Z/literature_expansion/mora_2011_openalex.json
costello_2013,10.1126/science.1230318,"Costello MJ, May RM, Stork NE",Costello et al. 2013,2013,Can We Name Earth's Species Before They Go Extinct?,Science,339,6118,413-416,ABSTRACT_LOCAL,data/raw/20261007T055717Z/literature_expansion/costello_2013_crossref.json,data/raw/20261007T055717Z/literature_expansion/costello_2013_openalex.json
tedesco_2014,10.1111/cobi.12285,"Tedesco PA, Bigorne R, Bogan AE, Giam X, Jézéquel C, Hugueny B",Tedesco et al. 2014,2014,Estimating How Many Undescribed Species Have Gone Extinct,Conservation Biology,28,5,1360-1370,ABSTRACT_LOCAL,data/raw/20261007T055717Z/literature_expansion/tedesco_2014_crossref.json,data/raw/20261007T055717Z/literature_expansion/tedesco_2014_openalex.json
boehm_cronk_2021,10.1098/rsbl.2021.0007,"Boehm MMA, Cronk QCB",Boehm & Cronk 2021,2021,Dark extinction: the problem of unknown historical extinctions,Biology Letters,17,3,20210007,ABSTRACT_LOCAL,data/raw/20261007T055717Z/literature_expansion/boehm_cronk_2021_crossref.json,data/raw/20261007T055717Z/literature_expansion/boehm_cronk_2021_openalex.json
liu_2022,10.1111/conl.12876,"Liu J, Slik F, Zheng S, Lindenmayer DB",Liu et al. 2022,2022,Undescribed species have higher extinction risk than known species,Conservation Letters,15,3,e12876,ABSTRACT_LOCAL,data/raw/20261007T055717Z/literature_expansion/liu_2022_crossref.json,data/raw/20261007T055717Z/literature_expansion/liu_2022_openalex.json
chades_2008,10.1073/pnas.0805265105,"Chadès I, McDonald-Madden E, McCarthy MA, Wintle B, Linkie M, Possingham HP",Chadès et al. 2008,2008,When to stop managing or surveying cryptic threatened species,Proceedings of the National Academy of Sciences,105,37,13936-13940,ABSTRACT_LOCAL,data/raw/20261007T055717Z/literature_expansion/chades_2008_crossref.json,data/raw/20261007T055717Z/literature_expansion/chades_2008_openalex.json
chades_2021,10.1111/2041-210X.13692,"Chadès I, Pascal LV, Nicol S, Fletcher CS, Ferrer-Mestres J",Chadès et al. 2021,2021,A primer on partially observable Markov decision processes (POMDPs),Methods in Ecology and Evolution,12,11,2058-2072,ABSTRACT_LOCAL,data/raw/20261007T055717Z/literature_expansion/chades_2021_crossref.json,data/raw/20261007T055717Z/literature_expansion/chades_2021_openalex.json
canessa_2015,10.1111/2041-210X.12423,"Canessa S, Guillera-Arroita G, Lahoz-Monfort JJ, Southwell DM, Armstrong DP, Chadès I, Lacy RC, Converse SJ",Canessa et al. 2015,2015,When do we need more data? A primer on calculating the value of information for applied ecologists,Methods in Ecology and Evolution,6,10,1219-1228,ABSTRACT_LOCAL,data/raw/20261007T055717Z/literature_expansion/canessa_2015_crossref.json,data/raw/20261007T055717Z/literature_expansion/canessa_2015_openalex.json
mccarthy_possingham_2007,10.1111/j.1523-1739.2007.00677.x,"McCarthy MA, Possingham HP",McCarthy & Possingham 2007,2007,Active Adaptive Management for Conservation,Conservation Biology,21,4,956-963,ABSTRACT_LOCAL,data/raw/20261007T055717Z/literature_expansion/mccarthy_possingham_2007_crossref.json,data/raw/20261007T055717Z/literature_expansion/mccarthy_possingham_2007_openalex.json
joseph_2009,10.1111/j.1523-1739.2008.01124.x,"Joseph LN, Maloney RF, Possingham HP",Joseph et al. 2009,2009,Optimal Allocation of Resources among Threatened Species: a Project Prioritization Protocol,Conservation Biology,23,2,328-338,ABSTRACT_LOCAL,data/raw/20261007T055717Z/literature_expansion/joseph_2009_crossref.json,data/raw/20261007T055717Z/literature_expansion/joseph_2009_openalex.json
kennedy_2008,10.1111/j.1365-2664.2007.01367.x,"Kennedy MC, Ford ED, Singleton P, Finney M, Agee JK",Kennedy et al. 2008,2008,Informed multi-objective decision-making in environmental management using Pareto optimality,Journal of Applied Ecology,45,1,181-192,ABSTRACT_LOCAL,data/raw/20261007T055717Z/literature_expansion/kennedy_2008_crossref.json,data/raw/20261007T055717Z/literature_expansion/kennedy_2008_openalex.json
howell_2021,10.1111/conl.12776,"Howell LG, Frankham R, Rodger JC, Witt RR, Clulow S, Upton RMO, Clulow J",Howell et al. 2021,2021,Integrating biobanking minimises inbreeding and produces significant cost benefits for a threatened frog captive breeding programme,Conservation Letters,14,2,e12776,ABSTRACT_LOCAL,data/raw/20261007T055717Z/literature_expansion/howell_2021_crossref.json,data/raw/20261007T055717Z/literature_expansion/howell_2021_openalex.json
bolton_2022,10.1530/RAF-22-0005,"Bolton RL, Mooney A, Pettit MT, Bolton AE, Morgan L, Drake GJ, Appeltant R, Walker SL, Gillis JD, Hvilsom C",Bolton et al. 2022,2022,Resurrecting biodiversity: advanced assisted reproductive technologies and biobanking,Reproduction and Fertility,3,3,R121-R146,ABSTRACT_LOCAL,data/raw/20261007T055717Z/literature_expansion/bolton_2022_crossref.json,data/raw/20261007T055717Z/literature_expansion/bolton_2022_openalex.json
moss_2015,10.1111/cobi.12383,"Moss A, Jensen E, Gusset M",Moss et al. 2015,2015,Evaluating the contribution of zoos and aquariums to Aichi Biodiversity Target 1,Conservation Biology,29,2,537-544,ABSTRACT_LOCAL,data/raw/20261007T055717Z/literature_expansion/moss_2015_crossref.json,data/raw/20261007T055717Z/literature_expansion/moss_2015_openalex.json
watson_2014,10.1038/nature13947,"Watson JEM, Dudley N, Segan DB, Hockings M",Watson et al. 2014,2014,The performance and potential of protected areas,Nature,515,7525,67-73,METADATA_ONLY,data/raw/20261007T061500Z/literature_expansion/watson_2014_crossref.json,
