species,rank,title,doi,year,journal,publisher,crossref_citations,verification_status
Przewalski's horse,1,PRESERVATION OF THE PRZEWALSKI HORSE Equus przewalski przewalski Pol. IN THE USSR,10.1111/j.1748-1090.1963.tb03618.x,1963,International Zoo Yearbook,Wiley,2,Crossref metadata verified; article content requires human appraisal
Przewalski's horse,2,PRESERVATION OF THE PRZEWALSKI HORSE Equus przewalski przewalski Pol. IN THE USSR,10.1111/j.1748-1090.1962.tb00043.x,1962,International Zoo Yearbook,Wiley,1,Crossref metadata verified; article content requires human appraisal
Przewalski's horse,3,Przewalski’s Horse: Prospects for Reintroduction into the Wild,10.1046/j.1523-1739.1993.07010013.x,1993,Conservation Biology,Wiley,19,Crossref metadata verified; article content requires human appraisal
Przewalski's horse,4,Evaluation of the fodder stocks for the Przewalski horse Equus ferus przewalskii on the «Pre-Ural steppe» plot of the Orenburg State Nature Reserve,10.24189/ncr.2016.033,2016,Nature Conservation Research,Fund for Support and Development of Protected Areas,0,Crossref metadata verified; article content requires human appraisal
Przewalski's horse,5,A comparision of horn quality of the white line in the domestic horse(Equus caballus)( and the Przewalski horse (Equus przewalski),10.21836/pem19960461,1996,Pferdeheilkunde Equine Medicine,Hippiatrika Verlag,6,Crossref metadata verified; article content requires human appraisal
Przewalski's horse,6,Ungulate Reintroductions: Experiences with the Takhi or Przewalski Horse ( Equus ferus przewalskii ) in Mongolia,10.1046/j.1523-1739.1996.10030728.x,1996,Conservation Biology,Wiley,54,Crossref metadata verified; article content requires human appraisal
Przewalski's horse,7,THE SECOND INTERNATIONAL SYMPOSIUM ON THE PRZEWALSKI HORSE Equus przewalski,10.1111/j.1748-1090.1966.tb01770.x,1966,International Zoo Yearbook,Wiley,0,Crossref metadata verified; article content requires human appraisal
Przewalski's horse,8,"Reintroduction of Przewalski’s horse ( Equus ferus przewalskii ) in Xinjiang, China: The status and experience",10.1016/j.biocon.2014.06.021,2014,Biological Conservation,Elsevier BV,49,Crossref metadata verified; article content requires human appraisal
Przewalski's horse,9,PRESERVATION OF THE PRZEWALSKI HORSE,10.1111/j.1748-1090.1959.tb02431.x,1959,International Zoo Yearbook,Wiley,0,Crossref metadata verified; article content requires human appraisal
Przewalski's horse,10,PRESERVATION OF THE PRZEWALSKI HORSE,10.1111/j.1748-1090.1960.tb02948.x,1960,International Zoo Yearbook,Wiley,0,Crossref metadata verified; article content requires human appraisal
Przewalski's horse,11,Genetics and hereditary diseases of the przewalski horse,10.1016/0301-6226(80)90118-9,1980,Livestock Production Science,Elsevier BV,0,Crossref metadata verified; article content requires human appraisal
Przewalski's horse,12,An Update on Status and Conservation of the Przewalski’s Horse (Equus ferus przewalskii): Captive Breeding and Reintroduction Projects,10.3390/ani12223158,2022,Animals,MDPI AG,27,Crossref metadata verified; article content requires human appraisal
Przewalski's horse,13,Evaluating the reintroduction project of Przewalski’s horse in China using genetic and pedigree data,10.1016/j.biocon.2013.11.022,2014,Biological Conservation,Elsevier BV,29,Crossref metadata verified; article content requires human appraisal
Przewalski's horse,14,Reintroduction efficiency: a stepping stone approach to reintroduction success?,10.1111/acv.12501,2019,Animal Conservation,Wiley,7,Crossref metadata verified; article content requires human appraisal
Przewalski's horse,15,Studbook of the Przewalski horse Equus przewalskii,10.1111/j.1748-1090.1967.tb00382.x,1967,International Zoo Yearbook,Wiley,0,Crossref metadata verified; article content requires human appraisal
Przewalski's horse,16,Phaeochromocytoma in a Przewalski Horse,10.2307/20094698,1984,The Journal of Zoo Animal Medicine,JSTOR,0,Crossref metadata verified; article content requires human appraisal
Przewalski's horse,17,Saving orangutans: habitat conservation or reintroduction?,10.1071/ec14187,2014,ECOS,CSIRO Publishing,0,Crossref metadata verified; article content requires human appraisal
Przewalski's horse,18,Conservation implications of parasite co‐reintroduction,10.1111/cobi.12421,2014,Conservation Biology,Wiley,38,Crossref metadata verified; article content requires human appraisal
Przewalski's horse,19,"Toward better horses. A review of Breeding Przewalski Horses in captivity for release into the wild, edited by Jan Bouman, Inge Bouman, and Annette Groenveld. Rotterdam, Netherlands, Foundation for the Preservation and Protection of the Przewalski Horse. 1982, 241 pp, $32.50",10.1002/zoo.1430040315,1985,Zoo Biology,Wiley,0,Crossref metadata verified; article content requires human appraisal
Przewalski's horse,20,The reintroduction of the beaver into the South,10.1016/0006-3207(93)90422-w,1993,Biological Conservation,Elsevier BV,0,Crossref metadata verified; article content requires human appraisal
Scimitar-horned oryx,1,"Reintroduction of Scimitar-horned oryx Oryx dammah to Bou-Hedma National Park, Tunisia",10.1111/j.1748-1090.1992.tb02483.x,1992,International Zoo Yearbook,Wiley,0,Crossref metadata verified; article content requires human appraisal
Scimitar-horned oryx,2,Benefits and pitfalls of captive conservation genetic management: Evaluating diversity in scimitar-horned oryx to support reintroduction planning,10.1016/j.biocon.2019.108244,2020,Biological Conservation,Elsevier BV,46,Crossref metadata verified; article content requires human appraisal
Scimitar-horned oryx,3,Reproductive seasonality in the female scimitar-horned oryx (Oryx dammah),10.1017/s1367943099000591,1999,Animal Conservation,Wiley,0,Crossref metadata verified; article content requires human appraisal
Scimitar-horned oryx,4,"Reintroduction of Scimitar‐horned oryx Oryx dammah to Bou‐Hedma National Park, Tunisia",10.1111/j.1748-1090.1993.tb03517.x,1993,International Zoo Yearbook,Wiley,10,Crossref metadata verified; article content requires human appraisal
Scimitar-horned oryx,5,Fears for Scimitar-horned Oryx,10.1017/s0376892900005245,1978,Environmental Conservation,Cambridge University Press (CUP),1,Crossref metadata verified; article content requires human appraisal
Scimitar-horned oryx,6,Reproductive seasonality in the female scimitar‐horned oryx (Oryx dammah),10.1111/j.1469-1795.1999.tb00072.x,1999,Animal Conservation,Wiley,15,Crossref metadata verified; article content requires human appraisal
Scimitar-horned oryx,7,Scimitar-horned Oryx–the End of the Line?,10.1017/s0030605300015520,1978,Oryx,Cambridge University Press (CUP),15,Crossref metadata verified; article content requires human appraisal
Scimitar-horned oryx,8,"Characterisation of 16 microsatellite markers via 454 sequencing, to aid ex-situ conservation of the scimitar-horned oryx, Oryx dammah",10.1007/s12686-013-9910-z,2013,Conservation Genetics Resources,Springer Science and Business Media LLC,0,Crossref metadata verified; article content requires human appraisal
Scimitar-horned oryx,9,"The C-, G-, and R-Banded Karyotype of the Scimitar-Horned Oryx (Oryx Dammah)",10.1111/j.1601-5223.1994.00001.x,2004,Hereditas,Springer Science and Business Media LLC,6,Crossref metadata verified; article content requires human appraisal
Scimitar-horned oryx,10,Sex Differences in Social Play of Scimitar‐horned Oryx Calves (Oryx dammah),10.1111/j.1439-0310.1985.tb00153.x,1985,Zeitschrift für Tierpsychologie,Wiley,13,Crossref metadata verified; article content requires human appraisal
Scimitar-horned oryx,11,Flehmen and Dominance among Captive Adult Female Scimitar-Horned Oryx (Oryx dammah),10.2307/1380974,1985,Journal of Mammalogy,Oxford University Press (OUP),10,Crossref metadata verified; article content requires human appraisal
Scimitar-horned oryx,12,24 Investigating pregnancy diagnosis methods in scimitar-horned oryx ( Oryx dammah ),10.1071/rdv37n1ab24,2024,"Reproduction, Fertility and Development",CSIRO Publishing,0,Crossref metadata verified; article content requires human appraisal
Scimitar-horned oryx,13,"NOTES ON THE SCIMITAR‐HORNED ORYX Oryx dummah1 (Cretzschmar, 1826)",10.1111/j.1748-1090.1966.tb01772.x,1966,International Zoo Yearbook,Wiley,5,Crossref metadata verified; article content requires human appraisal
Scimitar-horned oryx,14,Age-Related Changes in the Blood Count of the Scimitar-Horned Oryx (Oryx tao),10.2307/20094716,1984,The Journal of Zoo Animal Medicine,JSTOR,6,Crossref metadata verified; article content requires human appraisal
Scimitar-horned oryx,15,Ovarian activity in the scimitar-horned oryx (Oryx dammah) determined by faecal steroid analysis,10.1016/s0378-4320(98)00113-4,1998,Animal Reproduction Science,Elsevier BV,35,Crossref metadata verified; article content requires human appraisal
Scimitar-horned oryx,16,"Physiological effects of etorphine, acepromazine and xylazine in the scimitar horned oryx (Oryx dammah)",10.1016/s0034-5288(18)31235-9,1989,Research in Veterinary Science,Elsevier BV,6,Crossref metadata verified; article content requires human appraisal
Scimitar-horned oryx,17,Hand-feeding an orphaned Scimitar-horned oryx calf after its integration with the herd.,10.1111/j.1748-1090.1983.tb01491.x,1983,International Zoo Yearbook,Wiley,1,Crossref metadata verified; article content requires human appraisal
Scimitar-horned oryx,18,The use of cross-species genome-wide arrays to discover SNP markers for conservation genetics: a case study from Arabian and scimitar-horned oryx,10.1007/s12686-011-9577-2,2011,Conservation Genetics Resources,Springer Science and Business Media LLC,34,Crossref metadata verified; article content requires human appraisal
Scimitar-horned oryx,19,The complete mitochondrial genome of scimitar-horned oryx (Oryx dammah),10.3109/19401736.2012.696626,2012,Mitochondrial DNA,Informa UK Limited,19,Crossref metadata verified; article content requires human appraisal
Scimitar-horned oryx,20,Hand‐feeding an orphaned Scimitar‐horned oryx calf after its integration with the herd,10.1111/j.1748-1090.1984.tb03044.x,1984,International Zoo Yearbook,Wiley,4,Crossref metadata verified; article content requires human appraisal
California condor,1,Activity-specific ecological niche models for planning reintroductions of California condors ( Gymnogyps californianus ),10.1016/j.biocon.2015.01.002,2015,Biological Conservation,Elsevier BV,51,Crossref metadata verified; article content requires human appraisal
California condor,2,[Photograph]: The California Vulture (Gymnogyps californianus),10.2307/1361494,1904,The Condor,Oxford University Press (OUP),0,Crossref metadata verified; article content requires human appraisal
California condor,3,Analysis of California Condor (Gymnogyps californianus) Activity Using Satellite Telemetry Data,10.2174/1874453201205010082,2012,The Open Ornithology Journal,Bentham Science Publishers Ltd.,11,Crossref metadata verified; article content requires human appraisal
California condor,4,California Condor (Gymnogyps californianus),10.2173/bna.calcon.02,2015,The Birds of North America Online,Cornell Laboratory of Ornithology,0,Crossref metadata verified; article content requires human appraisal
California condor,5,California Condor (Gymnogyps californianus),10.2173/bna.610,2015,The Birds of North America Online,Cornell Laboratory of Ornithology,2,Crossref metadata verified; article content requires human appraisal
California condor,6,Captive California Condor (Gymnogyps californianus) Incubates Bones,10.3356/jrr-21-40,2022,Journal of Raptor Research,"The Raptor Research Foundation, Inc.",0,Crossref metadata verified; article content requires human appraisal
California condor,7,Junk ingestion and nestling mortality in a reintroduced population of California Condors Gymnogyps californianus,10.1017/s095927090700069x,2007,Bird Conservation International,Cambridge University Press (CUP),54,Crossref metadata verified; article content requires human appraisal
California condor,8,An analysis of monthly home range size in the critically endangered California Condor Gymnogyps californianus – CORRIGENDUM,10.1017/s0959270915000039,2015,Bird Conservation International,Cambridge University Press (CUP),0,Crossref metadata verified; article content requires human appraisal
California condor,9,An analysis of monthly home range size in the critically endangered California CondorGymnogyps californianus,10.1017/s0959270913000592,2014,Bird Conservation International,Cambridge University Press (CUP),29,Crossref metadata verified; article content requires human appraisal
California condor,10,"Home range and presence of the California Condor Gymnogyps californianus in a protected area in Baja California: seasonal, biological, and food supplementation influences",10.1017/s0959270925000085,2025,Bird Conservation International,Cambridge University Press (CUP),2,Crossref metadata verified; article content requires human appraisal
California condor,11,Reproductive behavior in captive California condors (Gymnogyps californianus),10.1002/(sici)1098-2361(1996)15:2<115::aid-zoo2>3.0.co;2-e,1996,Zoo Biology,Wiley,3,Crossref metadata verified; article content requires human appraisal
California condor,12,Reproductive behavior in captive California condors (Gymnogyps californianus),10.1002/(sici)1098-2361(1996)15:2<115::aid-zoo2>3.3.co;2-v,1996,Zoo Biology,Wiley,0,Crossref metadata verified; article content requires human appraisal
California condor,13,Captive management of the California condorGymnogyps californianus,10.1111/j.1748-1090.1988.tb03196.x,1988,International Zoo Yearbook,Wiley,9,Crossref metadata verified; article content requires human appraisal
California condor,14,Captive management of the California condor Gymnogyps californianus,10.1111/j.1748-1090.1987.tb01513.x,1987,International Zoo Yearbook,Wiley,5,Crossref metadata verified; article content requires human appraisal
California condor,15,A late Pleistocene nest cave of Gymnogyps californianus (California Condor) in Texas: New radiocarbon and stable isotope analyses,10.1093/ornithology/ukae032,2024,Ornithology,Oxford University Press (OUP),1,Crossref metadata verified; article content requires human appraisal
California condor,16,Maturation and behaviour of the California condor: Gymnogyps californianus: at the Los Angeles Zoo,10.1111/j.1748-1090.1974.tb00804.x,1974,International Zoo Yearbook,Wiley,1,Crossref metadata verified; article content requires human appraisal
California condor,17,Competitive interactions among Gymnogyps californianus (California Condor) and other avian scavengers in southern Utah,10.1093/ornithology/ukaf024,2025,Ornithology,Oxford University Press (OUP),3,Crossref metadata verified; article content requires human appraisal
California condor,18,Fourteen tail feathers: An autosomal recessive trait in california condors (Gymnogyps californianus),10.1002/zoo.21335,2016,Zoo Biology,Wiley,1,Crossref metadata verified; article content requires human appraisal
California condor,19,A note on the California condor Gymnogyps californianus at Los Angeles Zoo,10.1111/j.1748-1090.1968.tb00489.x,1968,International Zoo Yearbook,Wiley,2,Crossref metadata verified; article content requires human appraisal
California condor,20,Artificial incubation of California condor Gymnogyps californianus eggs removed from the wild,10.1002/zoo.1430070205,1988,Zoo Biology,Wiley,17,Crossref metadata verified; article content requires human appraisal
cross-cutting decision theory,1,Information Flow Based Decomposition of Decision-Making Problems Involving Partial Observability,10.3182/20080706-5-kr-1001.00161,2008,IFAC Proceedings Volumes,Elsevier BV,0,Crossref metadata verified; article content requires human appraisal
cross-cutting decision theory,2,An Efficient Method for Computing Single-Parameter Partial Expected Value of Perfect Information,10.1177/0272989x12465123,2012,Medical Decision Making,SAGE Publications,62,Crossref metadata verified; article content requires human appraisal
cross-cutting decision theory,3,Combining Structured Decision Making and Value‐of‐Information Analyses to Identify Robust Management Strategies,10.1111/j.1523-1739.2012.01907.x,2012,Conservation Biology,Wiley,67,Crossref metadata verified; article content requires human appraisal
cross-cutting decision theory,4,Calculating Partial Expected Value of Perfect Information via Monte Carlo Sampling Algorithms,10.1177/0272989x07302555,2007,Medical Decision Making,SAGE Publications,108,Crossref metadata verified; article content requires human appraisal
cross-cutting decision theory,5,Value of Information analysis for marine conservation decision making,10.1016/j.envsci.2025.104164,2025,Environmental Science &amp; Policy,Elsevier BV,0,Crossref metadata verified; article content requires human appraisal
cross-cutting decision theory,6,Adaptive management of ecological systems under partial observability,10.1016/j.biocon.2018.05.009,2018,Biological Conservation,Elsevier BV,21,Crossref metadata verified; article content requires human appraisal
cross-cutting decision theory,7,Top-Down Fuzzy Decision Making with Partial Preference Information,10.1023/a:1015731117218,2002,Fuzzy Optimization and Decision Making,Springer Science and Business Media LLC,6,Crossref metadata verified; article content requires human appraisal
cross-cutting decision theory,8,Computing Expected Value of Partial Sample Information from Probabilistic Sensitivity Analysis Using Linear Regression Metamodeling,10.1177/0272989x15578125,2015,Medical Decision Making,SAGE Publications,44,Crossref metadata verified; article content requires human appraisal
cross-cutting decision theory,9,Estimating Multiparameter Partial Expected Value of Perfect Information from a Probabilistic Sensitivity Analysis Sample,10.1177/0272989x13505910,2013,Medical Decision Making,SAGE Publications,236,Crossref metadata verified; article content requires human appraisal
cross-cutting decision theory,10,Multiple‐attribute decision making with partial information: The expected‐value criterion,10.1002/nav.3800260206,1979,Naval Research Logistics Quarterly,Wiley,6,Crossref metadata verified; article content requires human appraisal
cross-cutting decision theory,11,Value of information: impact of monitoring on decision-making,10.1002/stc.1631,2013,Structural Control and Health Monitoring,Wiley,133,Crossref metadata verified; article content requires human appraisal
cross-cutting decision theory,12,Strategies for Efficient Computation of the Expected Value of Partial Perfect Information,10.1177/0272989x13514774,2014,Medical Decision Making,SAGE Publications,35,Crossref metadata verified; article content requires human appraisal
cross-cutting decision theory,13,The expected value of perfect information in unrepeatable decision-making,10.1016/j.dss.2018.03.003,2018,Decision Support Systems,Elsevier BV,17,Crossref metadata verified; article content requires human appraisal
cross-cutting decision theory,14,A Simulation-Based Approach to Decision Making with Partial Information,10.1287/deca.1120.0252,2012,Decision Analysis,Institute for Operations Research and the Management Sciences (INFORMS),25,Crossref metadata verified; article content requires human appraisal
cross-cutting decision theory,15,Uncertainty-Aware Policy Optimization for Robust Multi-Agent Decision Making under Partial Observability,10.66238/fsrma56,2026,Fundamental Scientific Reports in Multidisciplinary Areas,Lyndon & Francis Publishing Group,0,Crossref metadata verified; article content requires human appraisal
cross-cutting decision theory,16,Engineering Real-Time Observability and Kernel-Level Security in Microservices via eBPF-Driven Analytics,10.59543/jidmis.v3.847,2026,Journal of Intelligent Decision Making and Information Science,"Auricle Technologies, Pvt., Ltd.",0,Crossref metadata verified; article content requires human appraisal
cross-cutting decision theory,17,On the foundations of decision making under partial information,10.1007/bf00133984,1992,Theory and Decision,Springer Science and Business Media LLC,17,Crossref metadata verified; article content requires human appraisal
cross-cutting decision theory,18,Lottery attractiveness and presentation mode of probability and value information,10.1002/bdm.685,2010,Journal of Behavioral Decision Making,Wiley,8,Crossref metadata verified; article content requires human appraisal
cross-cutting decision theory,19,Overstating the value of the IUCN Red List for business decision‐making,10.1111/conl.12456,2018,Conservation Letters,Wiley,5,Crossref metadata verified; article content requires human appraisal
cross-cutting decision theory,20,From Raw Data to Actionable Insights: How Data Pipelines Enable Effective Data Observability for Informed Decision Making,10.21275/sr24705081043,2024,International Journal of Science and Research (IJSR),International Journal of Science and Research,1,Crossref metadata verified; article content requires human appraisal
cross-cutting decision theory,81,Partial observability and management of ecological systems,10.1002/ece3.9197,2022,Ecology and Evolution,Wiley,12,Crossref metadata and complete article text verified
Przewalski's horse,82,Przewalski’s Horse (Equus ferus przewalskii) Re-introduction in the Great Gobi B Strictly Protected Area: from Species to Ecosystem Conservation,10.22353/mjbs.2007.05.03,2007,Mongolian Journal of Biological Sciences,National University of Mongolia,4,Crossref metadata and complete article text verified
