analysis,design,policy,survival_100,fraction_ebd,mean_individual_welfare
ablations,biobank,S4,0.3020833333333333,0.4444444444444444,0.5967450995983018
ablations,biobank,S6,0.4479166666666667,0.25,0.6787063130872842
ablations,biobank,S7,0.40625,0.27777777777777773,0.5885080251819945
ablations,climate,S4,0.3958333333333333,0.4166666666666667,0.6360504976118422
ablations,climate,S6,0.6145833333333334,0.3055555555555555,0.762334780390631
ablations,climate,S7,0.5416666666666666,0.27777777777777773,0.6595726288151513
ablations,disease,S4,0.4166666666666667,0.3611111111111111,0.598536850064247
ablations,disease,S6,0.3333333333333333,0.19444444444444442,0.698187151117097
ablations,disease,S7,0.5208333333333334,0.25,0.5389731482660437
ablations,genetics,S4,0.3229166666666667,0.38888888888888884,0.6318611538758355
ablations,genetics,S6,0.4895833333333333,0.19444444444444442,0.7536327572940674
ablations,genetics,S7,0.4895833333333333,0.25,0.6007427239782815
ablations,human_feedback,S4,0.2604166666666667,0.5277777777777778,0.5864775358237032
ablations,human_feedback,S6,0.1875,0.25,0.604463777668057
ablations,human_feedback,S7,0.34375,0.3055555555555555,0.6129223450232529
ablations,latent_species,S4,0.3541666666666667,0.0,0.6115781234459545
ablations,latent_species,S6,0.5729166666666666,0.0,0.727496384583659
ablations,latent_species,S7,0.4270833333333333,0.0,0.6361443790496183
ablations,origin_fidelity,S4,0.4166666666666667,0.27777777777777773,0.6024701879204146
ablations,origin_fidelity,S6,0.5208333333333334,0.13888888888888887,0.7216287074512068
ablations,origin_fidelity,S7,0.6354166666666666,0.19444444444444442,0.5860189234664491
ablations,partial_observability,S4,0.4166666666666667,0.3333333333333333,0.5702499308364064
ablations,partial_observability,S6,0.4270833333333333,0.13888888888888887,0.7034908119168666
ablations,partial_observability,S7,0.46875,0.2222222222222222,0.593295653971612
ablations,welfare,S4,0.3958333333333333,0.25,1.0
ablations,welfare,S6,0.4791666666666667,0.16666666666666666,0.9541666666666666
ablations,welfare,S7,0.4895833333333333,0.16666666666666666,1.0
adverse_conditions,efficient_restoration,S4,0.78125,0.19444444444444442,0.7307739416928863
adverse_conditions,efficient_restoration,S6,0.9375,0.05555555555555555,0.7867146218092178
adverse_conditions,efficient_restoration,S7,0.8229166666666666,0.05555555555555555,0.7686597768357691
adverse_conditions,excellent_origin,S4,0.7395833333333334,0.2222222222222222,0.6835937604832226
adverse_conditions,excellent_origin,S6,0.8958333333333334,0.027777777777777776,0.7853196870688323
adverse_conditions,excellent_origin,S7,0.7604166666666666,0.19444444444444442,0.7601665535150501
adverse_conditions,high_captivity_penalty,S4,0.3125,0.4444444444444444,0.4673863880657036
adverse_conditions,high_captivity_penalty,S6,0.4895833333333333,0.1111111111111111,0.7097752885112562
adverse_conditions,high_captivity_penalty,S7,0.4791666666666667,0.27777777777777773,0.5315205251778609
adverse_conditions,high_relocation_harm,S4,0.3125,0.3055555555555555,0.611935451836452
adverse_conditions,high_relocation_harm,S6,0.5833333333333334,0.05555555555555555,0.7400446666256677
adverse_conditions,high_relocation_harm,S7,0.3229166666666667,0.1111111111111111,0.6067129407381576
adverse_conditions,negative_engagement,S4,0.3125,0.38888888888888884,0.6313646178089103
adverse_conditions,negative_engagement,S6,0.5208333333333334,0.2222222222222222,0.7583928814903894
adverse_conditions,negative_engagement,S7,0.46875,0.2222222222222222,0.6326038790927812
adverse_conditions,zero_breeding_advantage,S4,0.3229166666666667,0.4166666666666667,0.6230523834827156
adverse_conditions,zero_breeding_advantage,S6,0.53125,0.08333333333333333,0.7123339202213006
adverse_conditions,zero_breeding_advantage,S7,0.4375,0.25,0.6284660454465788
