policy,metric,parameter,spearman_rho,n_designs,replicates_per_design
S4,survival_100,habitat_deterioration,-0.6762558168738505,128,4
S4,survival_100,climate_velocity,-0.1342797680523217,128,4
S4,survival_100,relocation_mortality,-0.0907419788808045,128,4
S4,survival_100,relocation_stress,-0.1059956969240937,128,4
S4,survival_100,ex_situ_breeding_benefit,0.1549011194337705,128,4
S4,survival_100,release_survival_penalty,-0.0341193283221438,128,4
S4,survival_100,movement_disease_risk,-0.0458357444381477,128,4
S4,survival_100,captivity_welfare_penalty,-0.0503255072250102,128,4
S4,survival_100,survey_cost,-0.0940641164572816,128,4
S4,survival_100,engagement_coefficient,0.1565019422037828,128,4
S4,survival_100,initial_budget,0.2616455882986764,128,4
S4,survival_100,habitat_protection_efficiency,0.413732358023877,128,4
S4,fraction_ebd,habitat_deterioration,0.3098465299941336,128,4
S4,fraction_ebd,climate_velocity,0.1732958011345447,128,4
S4,fraction_ebd,relocation_mortality,-0.2157331237446971,128,4
S4,fraction_ebd,relocation_stress,0.0537470387890272,128,4
S4,fraction_ebd,ex_situ_breeding_benefit,-9.779510429342427e-05,128,4
S4,fraction_ebd,release_survival_penalty,-0.0496367680821065,128,4
S4,fraction_ebd,movement_disease_risk,0.0955947144468222,128,4
S4,fraction_ebd,captivity_welfare_penalty,-0.0531861551026384,128,4
S4,fraction_ebd,survey_cost,0.6086422132031104,128,4
S4,fraction_ebd,engagement_coefficient,-0.0238131078954488,128,4
S4,fraction_ebd,initial_budget,-0.2964888692782906,128,4
S4,fraction_ebd,habitat_protection_efficiency,-0.1451883376299758,128,4
S4,mean_individual_welfare,habitat_deterioration,-0.5506546420069585,128,4
S4,mean_individual_welfare,climate_velocity,-0.0776414576084966,128,4
S4,mean_individual_welfare,relocation_mortality,-0.0156679179637429,128,4
S4,mean_individual_welfare,relocation_stress,0.0392270188610144,128,4
S4,mean_individual_welfare,ex_situ_breeding_benefit,0.038191265336019,128,4
S4,mean_individual_welfare,release_survival_penalty,-0.0923937923457242,128,4
S4,mean_individual_welfare,movement_disease_risk,-0.0581795916498809,128,4
S4,mean_individual_welfare,captivity_welfare_penalty,-0.4494769730818531,128,4
S4,mean_individual_welfare,survey_cost,0.0361197582860282,128,4
S4,mean_individual_welfare,engagement_coefficient,0.1202103552462919,128,4
S4,mean_individual_welfare,initial_budget,0.0149297289873649,128,4
S4,mean_individual_welfare,habitat_protection_efficiency,0.2442489928584508,128,4
S4,future_option_value,habitat_deterioration,-0.7213651345907343,128,4
S4,future_option_value,climate_velocity,-0.0836499725325032,128,4
S4,future_option_value,relocation_mortality,-0.0695671580296649,128,4
S4,future_option_value,relocation_stress,-0.0862078831715802,128,4
S4,future_option_value,ex_situ_breeding_benefit,0.1681869163156931,128,4
S4,future_option_value,release_survival_penalty,-0.0249267533418787,128,4
S4,future_option_value,movement_disease_risk,-0.0480566746017213,128,4
S4,future_option_value,captivity_welfare_penalty,-0.0454644295916498,128,4
S4,future_option_value,survey_cost,-0.0829060611609595,128,4
S4,future_option_value,engagement_coefficient,0.1751224592565464,128,4
S4,future_option_value,initial_budget,0.2405466031862296,128,4
S4,future_option_value,habitat_protection_efficiency,0.4257919794909357,128,4
S6,survival_100,habitat_deterioration,-0.4856225202979047,128,4
S6,survival_100,climate_velocity,-0.3723780292154144,128,4
S6,survival_100,relocation_mortality,0.053465146112383,128,4
S6,survival_100,relocation_stress,-0.0276641761663475,128,4
S6,survival_100,ex_situ_breeding_benefit,0.028441990826573,128,4
S6,survival_100,release_survival_penalty,0.0199422214977209,128,4
S6,survival_100,movement_disease_risk,-0.0728691080353471,128,4
S6,survival_100,captivity_welfare_penalty,-0.0833947444450147,128,4
S6,survival_100,survey_cost,-0.0993355087743512,128,4
S6,survival_100,engagement_coefficient,0.0470858829104574,128,4
S6,survival_100,initial_budget,-0.1240924917429737,128,4
S6,survival_100,habitat_protection_efficiency,0.7122031840388053,128,4
S6,fraction_ebd,habitat_deterioration,0.3567000292612084,128,4
S6,fraction_ebd,climate_velocity,0.1102217159438041,128,4
S6,fraction_ebd,relocation_mortality,-0.1737078131512169,128,4
S6,fraction_ebd,relocation_stress,0.0878206123066739,128,4
S6,fraction_ebd,ex_situ_breeding_benefit,0.0159822926668711,128,4
S6,fraction_ebd,release_survival_penalty,0.0051730265013563,128,4
S6,fraction_ebd,movement_disease_risk,0.1383568806583554,128,4
S6,fraction_ebd,captivity_welfare_penalty,0.029300390372532,128,4
S6,fraction_ebd,survey_cost,0.5504583550308636,128,4
S6,fraction_ebd,engagement_coefficient,-0.0345510985844203,128,4
S6,fraction_ebd,initial_budget,-0.1146725902472514,128,4
S6,fraction_ebd,habitat_protection_efficiency,-0.5693666587944418,128,4
S6,mean_individual_welfare,habitat_deterioration,-0.534895165720564,128,4
S6,mean_individual_welfare,climate_velocity,-0.368630974180553,128,4
S6,mean_individual_welfare,relocation_mortality,0.0045950833180736,128,4
S6,mean_individual_welfare,relocation_stress,-0.0466661325764512,128,4
S6,mean_individual_welfare,ex_situ_breeding_benefit,0.060594442409815,128,4
S6,mean_individual_welfare,release_survival_penalty,0.0278222852957333,128,4
S6,mean_individual_welfare,movement_disease_risk,-0.0599649789415857,128,4
S6,mean_individual_welfare,captivity_welfare_penalty,-0.0366519410364402,128,4
S6,mean_individual_welfare,survey_cost,-0.0513985533785021,128,4
S6,mean_individual_welfare,engagement_coefficient,0.0682910639077092,128,4
S6,mean_individual_welfare,initial_budget,-0.1148713605566746,128,4
S6,mean_individual_welfare,habitat_protection_efficiency,0.7527124153085516,128,4
S6,future_option_value,habitat_deterioration,-0.5359766984068852,128,4
S6,future_option_value,climate_velocity,-0.3160650521882439,128,4
S6,future_option_value,relocation_mortality,0.0159883720930232,128,4
S6,future_option_value,relocation_stress,-0.0205033418787767,128,4
S6,future_option_value,ex_situ_breeding_benefit,0.0719991759750961,128,4
S6,future_option_value,release_survival_penalty,0.0108496612342061,128,4
S6,future_option_value,movement_disease_risk,-0.0796500183116645,128,4
S6,future_option_value,captivity_welfare_penalty,-0.053836293719099,128,4
S6,future_option_value,survey_cost,-0.072451245193188,128,4
S6,future_option_value,engagement_coefficient,0.0445030672038088,128,4
S6,future_option_value,initial_budget,-0.1146539095403772,128,4
S6,future_option_value,habitat_protection_efficiency,0.7563518586339498,128,4
S7,survival_100,habitat_deterioration,-0.672358052673622,128,4
S7,survival_100,climate_velocity,-0.095211236720266,128,4
S7,survival_100,relocation_mortality,-0.0357006305206898,128,4
S7,survival_100,relocation_stress,-0.127345817428226,128,4
S7,survival_100,ex_situ_breeding_benefit,0.1219967427091311,128,4
S7,survival_100,release_survival_penalty,0.0273903584892558,128,4
S7,survival_100,movement_disease_risk,-0.0974844501459049,128,4
S7,survival_100,captivity_welfare_penalty,-0.0336452786591727,128,4
S7,survival_100,survey_cost,-0.1485156549418999,128,4
S7,survival_100,engagement_coefficient,0.15633573845406,128,4
S7,survival_100,initial_budget,0.1583480913226584,128,4
S7,survival_100,habitat_protection_efficiency,0.5937702266157521,128,4
S7,fraction_ebd,habitat_deterioration,0.3844956070844529,128,4
S7,fraction_ebd,climate_velocity,0.1376174159416551,128,4
S7,fraction_ebd,relocation_mortality,-0.1671913509692971,128,4
S7,fraction_ebd,relocation_stress,0.0507330361977925,128,4
S7,fraction_ebd,ex_situ_breeding_benefit,-0.0376528645653358,128,4
S7,fraction_ebd,release_survival_penalty,-0.0100311939604486,128,4
S7,fraction_ebd,movement_disease_risk,0.1695972297726331,128,4
S7,fraction_ebd,captivity_welfare_penalty,-0.0314659089314586,128,4
S7,fraction_ebd,survey_cost,0.6447008738896441,128,4
S7,fraction_ebd,engagement_coefficient,-0.014647725124845,128,4
S7,fraction_ebd,initial_budget,-0.2422702729096781,128,4
S7,fraction_ebd,habitat_protection_efficiency,-0.2255927669805866,128,4
S7,mean_individual_welfare,habitat_deterioration,-0.6583329518403223,128,4
S7,mean_individual_welfare,climate_velocity,-0.2630585057681743,128,4
S7,mean_individual_welfare,relocation_mortality,-0.0355017396081303,128,4
S7,mean_individual_welfare,relocation_stress,0.0473985991576634,128,4
S7,mean_individual_welfare,ex_situ_breeding_benefit,0.0607890038454495,128,4
S7,mean_individual_welfare,release_survival_penalty,-0.0002174510162973,128,4
S7,mean_individual_welfare,movement_disease_risk,0.0026838033327229,128,4
S7,mean_individual_welfare,captivity_welfare_penalty,-0.2015770921076725,128,4
S7,mean_individual_welfare,survey_cost,-0.0566860465116279,128,4
S7,mean_individual_welfare,engagement_coefficient,0.1147168558872001,128,4
S7,mean_individual_welfare,initial_budget,-0.0117824116462186,128,4
S7,mean_individual_welfare,habitat_protection_efficiency,0.4245731093206372,128,4
S7,future_option_value,habitat_deterioration,-0.7020348837209303,128,4
S7,future_option_value,climate_velocity,-0.0904596227797106,128,4
S7,future_option_value,relocation_mortality,-0.0241656747848379,128,4
S7,future_option_value,relocation_stress,-0.1053149606299212,128,4
S7,future_option_value,ex_situ_breeding_benefit,0.1219556857718366,128,4
S7,future_option_value,release_survival_penalty,0.0253215986083134,128,4
S7,future_option_value,movement_disease_risk,-0.0969774308734664,128,4
S7,future_option_value,captivity_welfare_penalty,-0.0309982146127082,128,4
S7,future_option_value,survey_cost,-0.1270943966306537,128,4
S7,future_option_value,engagement_coefficient,0.1813026460355246,128,4
S7,future_option_value,initial_budget,0.1466993224684123,128,4
S7,future_option_value,habitat_protection_efficiency,0.5919703351034609,128,4
