key,manuscript_section,claim_summary,evidence_basis,evidence_excerpt
conde_2011_science,Introduction,About one in seven threatened terrestrial vertebrate species is held in captivity.,ABSTRACT,Roughly one in seven threatened terrestrial vertebrate species are held in captivity
conde_2013_plos,Introduction,Threatened species are unevenly represented in the zoo network and managing zoo metapopulations requires coordination among many institutions.,ABSTRACT,"695 of the 3,955 (23%) terrestrial vertebrate species in ISIS zoos are threatened; the management of a zoo metapopulation of more than 250 individuals will require the coordination of a cluster of 11 to 24 ISIS zoos"
pritchard_2012,Introduction,Ex situ conservation has been argued to deserve a larger and more integrated role alongside dominant in situ approaches.,ABSTRACT,"Ex situ approaches, in contrast, have been relegated to a subsidiary role; make the case for an enhanced role for ex situ conservation"
redford_2012,Introduction,Conservation management increasingly integrates zoo-derived and wild management approaches.,ABSTRACT,Modern conservation management increasingly integrates approaches developed in zoos with those from the wild
seddon_2014,Introduction,Conservation translocations span reinforcement and reintroduction to conservation introductions outside the indigenous range.,ABSTRACT,the full spectrum of conservation translocations from reinforcement and reintroduction to controversial conservation introductions
gilbert_2017,Introduction,Zoos and aquariums can provide source populations for reintroductions but do not necessarily hold globally rare species.,ABSTRACT,Ex situ populations are a potential source for reintroduction projects but many zoos and aquariums do not necessarily maintain globally rare species
snyder_1996,Introduction,Captive breeding has documented limitations including reintroduction failure; cost; domestication; disease; and preemption of other recovery techniques.,ABSTRACT,poor success in reintroductions; high costs; domestication; preemption of other recovery techniques; disease outbreaks
frankham_2008,Introduction,Genetic adaptation to captivity is generally deleterious when populations are returned to the wild.,ABSTRACT,these genetic adaptations are overwhelmingly deleterious when populations are returned to wild environments
araki_2007,Introduction,In steelhead trout captive rearing reduced subsequent reproductive success in the wild by about 40% per captive-reared generation.,ABSTRACT,genetic effects of domestication reduce subsequent reproductive capabilities by approximately 40% per captive-reared generation
williams_hoffman_2009,Methods,Approaches for minimizing genetic adaptation in captive breeding programs have been reviewed.,TITLE_METADATA,Minimizing genetic adaptation in captive breeding programs: a review
hoban_2020,Methods,Genetic-diversity targets and indicators were undeveloped in earlier global biodiversity strategies.,ABSTRACT,"targets and indicators for genetic diversity (variation at the DNA level within species, which facilitates species adaptation and ecosystem function) were undeveloped"
jule_2008,Methods,Captive experience has been analyzed as a determinant of reintroduction survival in carnivores.,TITLE_METADATA,The effects of captive experience on reintroduction survival in carnivores: a review and analysis
dickens_2010,Methods,Stress is an inherent component of animal translocation.,TITLE_METADATA,Stress: an inevitable component of animal translocation
kock_2010,Methods,Translocation of wildlife carries disease risks.,TITLE_METADATA,Disease risks associated with the translocation of wildlife
harrington_2013,Introduction,Potential welfare issues were recorded in most reviewed reintroduction projects whereas welfare was rarely addressed explicitly.,ABSTRACT,"Potential welfare issues (of variable nature and extent) were recorded in 67% of 199 projects reviewed; Animal welfare, explicitly, was referred to in 6% of projects"
beausoleil_2018,Introduction,Conservation welfare argues that welfare harms to individuals can also hamper conservation goals.,ABSTRACT,activities impacting detrimentally on the welfare of individual animals also hamper achievement of some conservation goals
mellor_2020,Methods,The Five Domains Model assesses welfare through nutrition; physical environment; health; behavioural interactions; and mental state.,ABSTRACT,"The domains of the most up-to-date Model described here are: 1 Nutrition, 2 Physical Environment, 3 Health, 4 Behavioural Interactions and 5 Mental State"
hoegh_guldberg_2008,Introduction,Moving species outside historic ranges has been proposed to mitigate biodiversity loss under climate change.,ABSTRACT,Moving species outside their historic ranges may mitigate loss of biodiversity in the face of global climate change
mclachlan_2007,Introduction,Assisted migration under climate change requires an explicit framework for debate.,ABSTRACT,A Framework for Debate of Assisted Migration in an Era of Climate Change; Warming is projected to either significantly reduce or eliminate suitable habitat for most narrowly endemic taxa
richardson_2009,Discussion,Managed relocation involves interacting value-laden considerations and decisions under imperfect information.,ABSTRACT,numerous interacting and value-laden considerations demand a more inclusive strategy for evaluating MR; decision making with imperfect information
thomas_2011,Discussion,Climate-driven translocation challenges the goal of recreating past ecological communities.,TITLE_METADATA,"Translocation of species, climate change, and the end of trying to recreate past ecological communities"
mora_2011,Introduction,Most eukaryotic species may remain undescribed.,ABSTRACT,some 86% of existing species on Earth and 91% of species in the ocean still await description
costello_2013,Introduction,Estimates of species richness and of extinction before description are contested.,ABSTRACT,such worries result from overestimates of how many species may exist; 5 ± 3 million of which 1.5 million are named
tedesco_2014,Introduction,Undescribed extinct species may form a substantial share of recent extinctions.,ABSTRACT,the proportion of undiscovered extinct species over all extinctions ranged from 0.15 to 0.59
boehm_cronk_2021,Introduction,Dark extinction denotes extinction of species before they are discovered and named.,ABSTRACT,The extinction of species before they are discovered and named (dark extinction)
liu_2022,Introduction,More recently described vertebrate species are more often threatened; implying elevated risk for undescribed species.,ABSTRACT,the proportion of threatened species among newly described species has increased from 11.9% for species described between 1758 and 1767 to 30.0% for those described between 2011 and 2020
chades_2008,Introduction,Managing for a cryptic threatened species can be optimal even when its presence is uncertain; and management versus survey is a partially observable decision.,ABSTRACT,managing a protected area for a cryptic threatened species can be optimal even if we are not sure the species is present
chades_2021,Methods,Partially observable Markov decision processes formalize trade-offs between management and surveillance under imperfect observation.,ABSTRACT,POMDPs have helped solve the trade-offs between investing in management or surveillance
canessa_2015,Methods,Value-of-information analysis asks whether reducing uncertainty would change a management decision.,ABSTRACT,calculate the VoI and assess whether reducing uncertainty will change a decision
mccarthy_possingham_2007,Discussion,Active adaptive management balances management performance against learning.,ABSTRACT,Active adaptive management balances the requirements of management with the need to learn about the system being managed
joseph_2009,Methods,Resource allocation among threatened species should account for management cost and probability of success.,ABSTRACT,These approaches ignore 2 crucial factors: the cost of management and the likelihood that the management will succeed
kennedy_2008,Methods,Pareto non-dominance displays trade-offs among conflicting objectives without weighting them into a single value.,ABSTRACT,approximates the non-dominated Pareto frontier without the use of weightings allowing for visualization of the trade-offs among objectives
howell_2021,Discussion,Integrating biobanked sperm into captive breeding reduced inbreeding and programme cost in a modeled amphibian system.,ABSTRACT,Backcrossing with frozen sperm every generation resulted in very large reductions in required programme expenditure compared to traditional captive breeding; integration of biobanking into captive breeding would make longstanding and previously unachievable genetic diversity retention targets feasible
bolton_2022,Methods,Cryobanking with assisted reproductive technologies can reinstate lost genetic diversity.,ABSTRACT,ART/aART can be used to reinstate lost genetics back into a population
moss_2015,Methods,Biodiversity understanding increased over zoo and aquarium visits in a multinational visitor study.,ABSTRACT,Aggregate biodiversity understanding and knowledge of actions to help protect biodiversity both significantly increased
watson_2014,Discussion,The performance of protected areas depends on recognition; funding; planning; and enforcement.,TITLE_METADATA,The performance and potential of protected areas
