frankham_2008	10.1111/j.1365-294X.2007.03399.x	genetics
araki_2007	10.1126/science.1145621	genetics
teixeira_2007	10.1016/j.anbehav.2006.06.002	welfare
conde_2013_plos	10.1371/journal.pone.0080311	exsitu
bowkett_2009	10.1111/j.1523-1739.2008.01157.x	exsitu
williams_hoffman_2009	10.1016/j.biocon.2009.05.034	genetics
armstrong_seddon_2008	10.1016/j.tree.2007.10.003	reintroduction
fischer_lindenmayer_2000	10.1016/S0006-3207(00)00048-3	reintroduction
dickens_2010	10.1016/j.biocon.2010.02.032	welfare
jule_2008	10.1016/j.biocon.2007.11.007	reintroduction
thomas_2011	10.1016/j.tree.2011.02.006	relocation
lees_pimm_2015	10.1016/j.cub.2014.12.017	hidden
runge_2011	10.1016/j.biocon.2010.12.020	decision
williams_2011	10.1016/j.jenvman.2010.10.041	decision
clubb_mason_2003	10.1038/425473a	welfare
watson_2014	10.1038/nature13947	habitat
