conde_2011_science	10.1126/science.1200674	exsitu
conde_2013_plos	10.1371/journal.pone.0080311	exsitu
pritchard_2012	10.1017/S0030605310001766	exsitu
redford_2012	10.1126/science.1228899	exsitu
gilbert_2017	10.1111/izy.12159	exsitu
bowkett_2009	10.1111/j.1523-1739.2008.01157.x	exsitu
snyder_1996	10.1046/j.1523-1739.1996.10020338.x	exsitu
frankham_2008	10.1111/j.1365-294X.2007.03399.x	genetics
araki_2007	10.1126/science.1145621	genetics
williams_hoffman_2009	10.1016/j.biocon.2009.05.034	genetics
hoban_2020	10.1016/j.biocon.2020.108654	genetics
seddon_2014	10.1126/science.1251818	reintroduction
armstrong_seddon_2008	10.1016/j.tree.2007.10.003	reintroduction
fischer_lindenmayer_2000	10.1016/S0006-3207(00)00048-3	reintroduction
griffith_1989	10.1126/science.245.4917.477	reintroduction
teixeira_2007	10.1016/j.anbehav.2006.06.002	welfare
dickens_2010	10.1016/j.biocon.2010.02.032	welfare
jule_2008	10.1016/j.biocon.2007.11.007	reintroduction
kock_2010	10.20506/rst.29.2.1980	disease
hoegh_guldberg_2008	10.1126/science.1157897	relocation
richardson_2009	10.1073/pnas.0902327106	relocation
mclachlan_2007	10.1111/j.1523-1739.2007.00676.x	relocation
thomas_2011	10.1016/j.tree.2011.02.006	relocation
pecl_2017	10.1126/science.aai9214	relocation
mora_2011	10.1371/journal.pbio.1001127	hidden
tedesco_2014	10.1111/cobi.12285	hidden
boehm_cronk_2021	10.1098/rsbl.2021.0007	hidden
lees_pimm_2015	10.1016/j.cub.2014.12.017	hidden
liu_2022	10.1111/conl.12876	hidden
costello_2013	10.1126/science.1230318	hidden
hortal_2015	10.1146/annurev-ecolsys-112414-054400	hidden
chades_2008	10.1073/pnas.0805265105	decision
chades_2021	10.1111/2041-210X.13692	decision
canessa_2015	10.1111/2041-210X.12423	decision
runge_2011	10.1016/j.biocon.2010.12.020	decision
williams_2011	10.1016/j.jenvman.2010.10.041	decision
mccarthy_possingham_2007	10.1111/j.1523-1739.2007.00677.x	decision
joseph_2009	10.1111/j.1523-1739.2008.01124.x	decision
kennedy_2008	10.1111/j.1365-2664.2007.01367.x	decision
mcdonald_madden_2008	10.1111/j.1365-2664.2008.01553.x	decision
beausoleil_2018	10.3389/fvets.2018.00296	welfare
mellor_2020	10.3390/ani10101870	welfare
harrington_2013	10.1111/cobi.12021	welfare
clubb_mason_2003	10.1038/425473a	welfare
comizzoli_holt_2019	10.1093/biolre/ioz031	biobank
howell_2021	10.1111/conl.12776	biobank
bolton_2022	10.1530/RAF-22-0005	biobank
moss_2015	10.1111/cobi.12383	engagement
watson_2014	10.1038/nature13947	habitat
