key,doi,source,url,accessed_utc,http_status,local_path,file_size,sha256,license,completeness
conde_2011_science,10.1126/science.1200674,Crossref REST API,https://api.crossref.org/works/10.1126%2Fscience.1200674,2026-10-07T05:57:17+00:00,200,data/raw/20261007T055717Z/literature_expansion/conde_2011_science_crossref.json,5736,9eea75042580c0f98bc8ef8a417a9e5b1690c569553fc55a7cc465a0f8490203,Crossref metadata terms; article rights remain with publisher,complete exact-DOI API response
conde_2011_science,10.1126/science.1200674,OpenAlex API,https://api.openalex.org/works/doi:10.1126/science.1200674,2026-10-07T05:57:17+00:00,200,data/raw/20261007T055717Z/literature_expansion/conde_2011_science_openalex.json,20528,4d81f45cb92c5497e4160f23627174ce0bbc6e0a2d49264fb9379c727280824c,OpenAlex CC0 metadata; abstract text rights remain with publisher,complete exact-DOI API response
conde_2011_plos,10.1371/journal.pone.0028637,Crossref REST API,https://api.crossref.org/works/10.1371%2Fjournal.pone.0028637,2026-10-07T05:57:18+00:00,200,data/raw/20261007T055717Z/literature_expansion/conde_2011_plos_crossref.json,45236,fe3133160f89855b4bf8f28db4d4b7234fa1dfad951420866ff5b49d8c4b1171,Crossref metadata terms; article rights remain with publisher,complete exact-DOI API response
conde_2011_plos,10.1371/journal.pone.0028637,OpenAlex API,https://api.openalex.org/works/doi:10.1371/journal.pone.0028637,2026-10-07T05:57:18+00:00,200,data/raw/20261007T055717Z/literature_expansion/conde_2011_plos_openalex.json,38496,f6e3c51362ab69b1b2cf0828e77a2ad743a4476fe42670da40ef352ec67dfb4b,OpenAlex CC0 metadata; abstract text rights remain with publisher,complete exact-DOI API response
pritchard_2012,10.1017/S0030605310001766,Crossref REST API,https://api.crossref.org/works/10.1017%2FS0030605310001766,2026-10-07T05:57:19+00:00,200,data/raw/20261007T055717Z/literature_expansion/pritchard_2012_crossref.json,11818,af08dd86e26144edcea2a390608e5d91098c6fafe8552e252f37b33a4c97f12a,Crossref metadata terms; article rights remain with publisher,complete exact-DOI API response
pritchard_2012,10.1017/S0030605310001766,OpenAlex API,https://api.openalex.org/works/doi:10.1017/S0030605310001766,2026-10-07T05:57:19+00:00,200,data/raw/20261007T055717Z/literature_expansion/pritchard_2012_openalex.json,23192,6a9654bbf35fe997c2d60a58f0faf0dae8091c41bbc33f4f10ceac9b2deb04df,OpenAlex CC0 metadata; abstract text rights remain with publisher,complete exact-DOI API response
redford_2012,10.1126/science.1228899,Crossref REST API,https://api.crossref.org/works/10.1126%2Fscience.1228899,2026-10-07T05:57:20+00:00,200,data/raw/20261007T055717Z/literature_expansion/redford_2012_crossref.json,4592,210aaa3416b8fd2372eb84d2721085c29eadf446f3bf70cb44a130e829272221,Crossref metadata terms; article rights remain with publisher,complete exact-DOI API response
redford_2012,10.1126/science.1228899,OpenAlex API,https://api.openalex.org/works/doi:10.1126/science.1228899,2026-10-07T05:57:20+00:00,200,data/raw/20261007T055717Z/literature_expansion/redford_2012_openalex.json,14193,08df520173445f351cc39c5583f6e61f1b63749c3ca1b80ae61ad8d5aec69aff,OpenAlex CC0 metadata; abstract text rights remain with publisher,complete exact-DOI API response
gilbert_2017,10.1111/izy.12159,Crossref REST API,https://api.crossref.org/works/10.1111%2Fizy.12159,2026-10-07T05:57:21+00:00,200,data/raw/20261007T055717Z/literature_expansion/gilbert_2017_crossref.json,14860,967b6595ef462ebfa06c94aa0da1dae96af29715fa0a4345b31cda136bac94ed,Crossref metadata terms; article rights remain with publisher,complete exact-DOI API response
gilbert_2017,10.1111/izy.12159,OpenAlex API,https://api.openalex.org/works/doi:10.1111/izy.12159,2026-10-07T05:57:21+00:00,200,data/raw/20261007T055717Z/literature_expansion/gilbert_2017_openalex.json,20218,2b5d563a33a99b1e7acee6647743bef7b3cb24ab2082d475ff8e6ebac5dd723f,OpenAlex CC0 metadata; abstract text rights remain with publisher,complete exact-DOI API response
bowkett_2009,10.1111/j.1523-1739.2008.01157.x,Crossref REST API,https://api.crossref.org/works/10.1111%2Fj.1523-1739.2008.01157.x,2026-10-07T05:57:22+00:00,200,data/raw/20261007T055717Z/literature_expansion/bowkett_2009_crossref.json,8159,db3e7572999400de1049655df57820ca91d957bc6fc365076a4376aa14470ea1,Crossref metadata terms; article rights remain with publisher,complete exact-DOI API response
bowkett_2009,10.1111/j.1523-1739.2008.01157.x,OpenAlex API,https://api.openalex.org/works/doi:10.1111/j.1523-1739.2008.01157.x,2026-10-07T05:57:22+00:00,200,data/raw/20261007T055717Z/literature_expansion/bowkett_2009_openalex.json,14213,cd71bbdaadc5d4085887185f168cd8b0cbe0272cebe283ed44426c2057c92263,OpenAlex CC0 metadata; abstract text rights remain with publisher,complete exact-DOI API response
snyder_1996,10.1046/j.1523-1739.1996.10020338.x,Crossref REST API,https://api.crossref.org/works/10.1046%2Fj.1523-1739.1996.10020338.x,2026-10-07T05:57:22+00:00,200,data/raw/20261007T055717Z/literature_expansion/snyder_1996_crossref.json,5262,0c551ba2c22b8a9944dca208caf1e304bb9d2cd4874ca1bcdb9a38b1b1631dd0,Crossref metadata terms; article rights remain with publisher,complete exact-DOI API response
snyder_1996,10.1046/j.1523-1739.1996.10020338.x,OpenAlex API,https://api.openalex.org/works/doi:10.1046/j.1523-1739.1996.10020338.x,2026-10-07T05:57:23+00:00,200,data/raw/20261007T055717Z/literature_expansion/snyder_1996_openalex.json,20522,276af34fcfd886e37eb2748c9c95458092bc4ddba82dc30a98f087f2b6d77607,OpenAlex CC0 metadata; abstract text rights remain with publisher,complete exact-DOI API response
frankham_2008,10.1111/j.1365-294X.2007.03399.x,Crossref REST API,https://api.crossref.org/works/10.1111%2Fj.1365-294X.2007.03399.x,2026-10-07T05:57:23+00:00,429,data/raw/20261007T055717Z/literature_expansion/frankham_2008_crossref.json,0,e3b0c44298fc1c149afbf4c8996fb92427ae41e4649b934ca495991b7852b855,Crossref metadata terms; article rights remain with publisher,request failed; response body retained
frankham_2008,10.1111/j.1365-294X.2007.03399.x,OpenAlex API,https://api.openalex.org/works/doi:10.1111/j.1365-294X.2007.03399.x,2026-10-07T05:57:24+00:00,200,data/raw/20261007T055717Z/literature_expansion/frankham_2008_openalex.json,21578,7b921122873dc9afe5f6e74bfa4a70b3f70932dcd0b3adccb52f46b948b467c2,OpenAlex CC0 metadata; abstract text rights remain with publisher,complete exact-DOI API response
araki_2007,10.1126/science.1145621,Crossref REST API,https://api.crossref.org/works/10.1126%2Fscience.1145621,2026-10-07T05:57:24+00:00,429,data/raw/20261007T055717Z/literature_expansion/araki_2007_crossref.json,0,e3b0c44298fc1c149afbf4c8996fb92427ae41e4649b934ca495991b7852b855,Crossref metadata terms; article rights remain with publisher,request failed; response body retained
araki_2007,10.1126/science.1145621,OpenAlex API,https://api.openalex.org/works/doi:10.1126/science.1145621,2026-10-07T05:57:24+00:00,200,data/raw/20261007T055717Z/literature_expansion/araki_2007_openalex.json,21888,139dc297830d8fae8d985fa499da57f3c0039947f9b9145bafcd5ede47bdbd0c,OpenAlex CC0 metadata; abstract text rights remain with publisher,complete exact-DOI API response
williams_hoffman_2009,10.1016/j.biocon.2009.05.034,Crossref REST API,https://api.crossref.org/works/10.1016%2Fj.biocon.2009.05.034,2026-10-07T05:57:25+00:00,200,data/raw/20261007T055717Z/literature_expansion/williams_hoffman_2009_crossref.json,54903,476f261583c4396ceac6f2ed8bdc5bd628accdb7cc727d30cf328fab497c90f7,Crossref metadata terms; article rights remain with publisher,complete exact-DOI API response
williams_hoffman_2009,10.1016/j.biocon.2009.05.034,OpenAlex API,https://api.openalex.org/works/doi:10.1016/j.biocon.2009.05.034,2026-10-07T05:57:25+00:00,200,data/raw/20261007T055717Z/literature_expansion/williams_hoffman_2009_openalex.json,18834,93a99b88a5a78f9f88d3f0c42cb1d90393d9afb479c9cf79818410640bb60d0c,OpenAlex CC0 metadata; abstract text rights remain with publisher,complete exact-DOI API response
hoban_2020,10.1016/j.biocon.2020.108654,Crossref REST API,https://api.crossref.org/works/10.1016%2Fj.biocon.2020.108654,2026-10-07T05:57:26+00:00,200,data/raw/20261007T055717Z/literature_expansion/hoban_2020_crossref.json,34363,b64a3159f94759c738053903cd49c855ff44d7395c3d00be8f5ca9f806ad65d2,Crossref metadata terms; article rights remain with publisher,complete exact-DOI API response
hoban_2020,10.1016/j.biocon.2020.108654,OpenAlex API,https://api.openalex.org/works/doi:10.1016/j.biocon.2020.108654,2026-10-07T05:57:26+00:00,200,data/raw/20261007T055717Z/literature_expansion/hoban_2020_openalex.json,69019,fd441deb82dd1396cbc9ef3034474f468f2d654c1b55f11f57964037aacd69a5,OpenAlex CC0 metadata; abstract text rights remain with publisher,complete exact-DOI API response
seddon_2014,10.1126/science.1251818,Crossref REST API,https://api.crossref.org/works/10.1126%2Fscience.1251818,2026-10-07T05:57:27+00:00,200,data/raw/20261007T055717Z/literature_expansion/seddon_2014_crossref.json,11771,beb216fa7201d117aafb27ad07bc93732e5babb7cc488294be05737f63c5648b,Crossref metadata terms; article rights remain with publisher,complete exact-DOI API response
seddon_2014,10.1126/science.1251818,OpenAlex API,https://api.openalex.org/works/doi:10.1126/science.1251818,2026-10-07T05:57:27+00:00,200,data/raw/20261007T055717Z/literature_expansion/seddon_2014_openalex.json,22099,3b29b3c8cc36fd7bd6037d19a94d22ef299954660706fa6183a865ac0825c42c,OpenAlex CC0 metadata; abstract text rights remain with publisher,complete exact-DOI API response
armstrong_seddon_2008,10.1016/j.tree.2007.10.003,Crossref REST API,https://api.crossref.org/works/10.1016%2Fj.tree.2007.10.003,2026-10-07T05:57:28+00:00,200,data/raw/20261007T055717Z/literature_expansion/armstrong_seddon_2008_crossref.json,2293,58e5f1b8d04ef6d7ba1f43f78c749566b97ba2ec68e958c1a5d1856811861155,Crossref metadata terms; article rights remain with publisher,complete exact-DOI API response
armstrong_seddon_2008,10.1016/j.tree.2007.10.003,OpenAlex API,https://api.openalex.org/works/doi:10.1016/j.tree.2007.10.003,2026-10-07T05:57:28+00:00,200,data/raw/20261007T055717Z/literature_expansion/armstrong_seddon_2008_openalex.json,17912,7c5c4c6c45c225e8888e74521bc2c9cd90f68ec8bf698809440b249b1eec96e4,OpenAlex CC0 metadata; abstract text rights remain with publisher,complete exact-DOI API response
fischer_lindenmayer_2000,10.1016/S0006-3207(00)00048-3,Crossref REST API,https://api.crossref.org/works/10.1016%2FS0006-3207%2800%2900048-3,2026-10-07T05:57:28+00:00,200,data/raw/20261007T055717Z/literature_expansion/fischer_lindenmayer_2000_crossref.json,19026,1e1d5ddd907ba20d90c5159b4a35aefe57c0e0c5d4d140031e6c12535223acf2,Crossref metadata terms; article rights remain with publisher,complete exact-DOI API response
fischer_lindenmayer_2000,10.1016/S0006-3207(00)00048-3,OpenAlex API,https://api.openalex.org/works/doi:10.1016/S0006-3207(00)00048-3,2026-10-07T05:57:29+00:00,200,data/raw/20261007T055717Z/literature_expansion/fischer_lindenmayer_2000_openalex.json,13115,553acc38c3cb0f965e0edb2baaff1fc1a60d462cbbe455232a6d417143d035e5,OpenAlex CC0 metadata; abstract text rights remain with publisher,complete exact-DOI API response
griffith_1989,10.1126/science.245.4917.477,Crossref REST API,https://api.crossref.org/works/10.1126%2Fscience.245.4917.477,2026-10-07T05:57:29+00:00,200,data/raw/20261007T055717Z/literature_expansion/griffith_1989_crossref.json,9356,7073de27bc0df1a0f9191e4cf0602600e910855dba6631bc29fb57f967c4a79c,Crossref metadata terms; article rights remain with publisher,complete exact-DOI API response
griffith_1989,10.1126/science.245.4917.477,OpenAlex API,https://api.openalex.org/works/doi:10.1126/science.245.4917.477,2026-10-07T05:57:30+00:00,200,data/raw/20261007T055717Z/literature_expansion/griffith_1989_openalex.json,15759,84c3f84766657027b52472868be0ac10fd89a21933a4ceb1baa04dc75ae58f6a,OpenAlex CC0 metadata; abstract text rights remain with publisher,complete exact-DOI API response
teixeira_2007,10.1016/j.anbehav.2006.06.002,Crossref REST API,https://api.crossref.org/works/10.1016%2Fj.anbehav.2006.06.002,2026-10-07T05:57:30+00:00,429,data/raw/20261007T055717Z/literature_expansion/teixeira_2007_crossref.json,0,e3b0c44298fc1c149afbf4c8996fb92427ae41e4649b934ca495991b7852b855,Crossref metadata terms; article rights remain with publisher,request failed; response body retained
teixeira_2007,10.1016/j.anbehav.2006.06.002,OpenAlex API,https://api.openalex.org/works/doi:10.1016/j.anbehav.2006.06.002,2026-10-07T05:57:31+00:00,200,data/raw/20261007T055717Z/literature_expansion/teixeira_2007_openalex.json,20371,f010807d0984316e9da5fa92c3628eb64ea05b6c66a8dd1b65d9e2b3084a6004,OpenAlex CC0 metadata; abstract text rights remain with publisher,complete exact-DOI API response
dickens_2010,10.1016/j.biocon.2010.02.032,Crossref REST API,https://api.crossref.org/works/10.1016%2Fj.biocon.2010.02.032,2026-10-07T05:57:31+00:00,200,data/raw/20261007T055717Z/literature_expansion/dickens_2010_crossref.json,67845,1173178a6e23e2a27a63a53a5d28abb55098b6ec23c36bb0f792dcf8afb562c0,Crossref metadata terms; article rights remain with publisher,complete exact-DOI API response
dickens_2010,10.1016/j.biocon.2010.02.032,OpenAlex API,https://api.openalex.org/works/doi:10.1016/j.biocon.2010.02.032,2026-10-07T05:57:31+00:00,200,data/raw/20261007T055717Z/literature_expansion/dickens_2010_openalex.json,18995,68ef9263fce09efabdf790c18a9c3d3c73ed31fc5df63efb8ec3c620a5f84201,OpenAlex CC0 metadata; abstract text rights remain with publisher,complete exact-DOI API response
jule_2008,10.1016/j.biocon.2007.11.007,Crossref REST API,https://api.crossref.org/works/10.1016%2Fj.biocon.2007.11.007,2026-10-07T05:57:32+00:00,200,data/raw/20261007T055717Z/literature_expansion/jule_2008_crossref.json,25498,524222e4adc768f9df622b47806601885250e2fb425ed26efa0f249355ab006f,Crossref metadata terms; article rights remain with publisher,complete exact-DOI API response
jule_2008,10.1016/j.biocon.2007.11.007,OpenAlex API,https://api.openalex.org/works/doi:10.1016/j.biocon.2007.11.007,2026-10-07T05:57:32+00:00,200,data/raw/20261007T055717Z/literature_expansion/jule_2008_openalex.json,14563,439f952863f4f99ae803d9983eba3973c59a58c26a38c5f94409aa0076f5f1c8,OpenAlex CC0 metadata; abstract text rights remain with publisher,complete exact-DOI API response
kock_2010,10.20506/rst.29.2.1980,Crossref REST API,https://api.crossref.org/works/10.20506%2Frst.29.2.1980,2026-10-07T05:57:33+00:00,200,data/raw/20261007T055717Z/literature_expansion/kock_2010_crossref.json,1976,e9719a8a6f9fa4c608b5575bd54adfcd1c50adbcff8a6a9fead3b5d703a95078,Crossref metadata terms; article rights remain with publisher,complete exact-DOI API response
kock_2010,10.20506/rst.29.2.1980,OpenAlex API,https://api.openalex.org/works/doi:10.20506/rst.29.2.1980,2026-10-07T05:57:33+00:00,200,data/raw/20261007T055717Z/literature_expansion/kock_2010_openalex.json,23680,acb25d31d9ffb1905a658ec5505a056f6a1ad3c65deedf3b7fb0ededc1cffa88,OpenAlex CC0 metadata; abstract text rights remain with publisher,complete exact-DOI API response
hoegh_guldberg_2008,10.1126/science.1157897,Crossref REST API,https://api.crossref.org/works/10.1126%2Fscience.1157897,2026-10-07T05:57:34+00:00,200,data/raw/20261007T055717Z/literature_expansion/hoegh_guldberg_2008_crossref.json,6420,afcd57154ebbd043b29053b96589311a990999e95845e0fb7cb0958f37bc0eb0,Crossref metadata terms; article rights remain with publisher,complete exact-DOI API response
hoegh_guldberg_2008,10.1126/science.1157897,OpenAlex API,https://api.openalex.org/works/doi:10.1126/science.1157897,2026-10-07T05:57:34+00:00,200,data/raw/20261007T055717Z/literature_expansion/hoegh_guldberg_2008_openalex.json,22878,680bc30c93c4a166eb1fe8b1e24ef57bc97853d618f2d5cd25cdab4e660c6e15,OpenAlex CC0 metadata; abstract text rights remain with publisher,complete exact-DOI API response
richardson_2009,10.1073/pnas.0902327106,Crossref REST API,https://api.crossref.org/works/10.1073%2Fpnas.0902327106,2026-10-07T05:57:35+00:00,200,data/raw/20261007T055717Z/literature_expansion/richardson_2009_crossref.json,12910,ecb34b75ecfa7bdcc79356abad5d7589465b0aea160ae9e4ee6a5b923562ea8e,Crossref metadata terms; article rights remain with publisher,complete exact-DOI API response
richardson_2009,10.1073/pnas.0902327106,OpenAlex API,https://api.openalex.org/works/doi:10.1073/pnas.0902327106,2026-10-07T05:57:35+00:00,200,data/raw/20261007T055717Z/literature_expansion/richardson_2009_openalex.json,40265,fb4c336cc4cf618534eb46eebc35224d5a165765a70235a5c6f3e762557d0434,OpenAlex CC0 metadata; abstract text rights remain with publisher,complete exact-DOI API response
mclachlan_2007,10.1111/j.1523-1739.2007.00676.x,Crossref REST API,https://api.crossref.org/works/10.1111%2Fj.1523-1739.2007.00676.x,2026-10-07T05:57:35+00:00,200,data/raw/20261007T055717Z/literature_expansion/mclachlan_2007_crossref.json,7285,916c65f1c6fadba485dbe6a693112230e98924617ab8c25f32a3b99a2b5e38d4,Crossref metadata terms; article rights remain with publisher,complete exact-DOI API response
mclachlan_2007,10.1111/j.1523-1739.2007.00676.x,OpenAlex API,https://api.openalex.org/works/doi:10.1111/j.1523-1739.2007.00676.x,2026-10-07T05:57:36+00:00,200,data/raw/20261007T055717Z/literature_expansion/mclachlan_2007_openalex.json,52824,6a0a1a2bcfe2983267e3e785318ccde91103f01132d95066faaf8de6f3ef39ca,OpenAlex CC0 metadata; abstract text rights remain with publisher,complete exact-DOI API response
thomas_2011,10.1016/j.tree.2011.02.006,Crossref REST API,https://api.crossref.org/works/10.1016%2Fj.tree.2011.02.006,2026-10-07T05:57:36+00:00,200,data/raw/20261007T055717Z/literature_expansion/thomas_2011_crossref.json,22811,4912b98461573ddf709235fbb429bd2968ae9f406ee4ee8fe03955749c7d818a,Crossref metadata terms; article rights remain with publisher,complete exact-DOI API response
thomas_2011,10.1016/j.tree.2011.02.006,OpenAlex API,https://api.openalex.org/works/doi:10.1016/j.tree.2011.02.006,2026-10-07T05:57:37+00:00,200,data/raw/20261007T055717Z/literature_expansion/thomas_2011_openalex.json,16901,6e2a914df46a5ae4aa7b79c9e5465419d9a2719e8c71624e06cbbc9e9098ed2d,OpenAlex CC0 metadata; abstract text rights remain with publisher,complete exact-DOI API response
pecl_2017,10.1126/science.aai9214,Crossref REST API,https://api.crossref.org/works/10.1126%2Fscience.aai9214,2026-10-07T05:57:37+00:00,200,data/raw/20261007T055717Z/literature_expansion/pecl_2017_crossref.json,74633,f95f0391e5cffced5e1314903e51904a5470205b7a89d1e44c5b875b1672581f,Crossref metadata terms; article rights remain with publisher,complete exact-DOI API response
pecl_2017,10.1126/science.aai9214,OpenAlex API,https://api.openalex.org/works/doi:10.1126/science.aai9214,2026-10-07T05:57:38+00:00,200,data/raw/20261007T055717Z/literature_expansion/pecl_2017_openalex.json,91566,759350d0e44b38b37bb2a8e67939f22d7855d29b95f3f4bc46a36929b9dd89e0,OpenAlex CC0 metadata; abstract text rights remain with publisher,complete exact-DOI API response
mora_2011,10.1371/journal.pbio.1001127,Crossref REST API,https://api.crossref.org/works/10.1371%2Fjournal.pbio.1001127,2026-10-07T05:57:38+00:00,200,data/raw/20261007T055717Z/literature_expansion/mora_2011_crossref.json,11220,88efeeeb97269acbdbaf873ff76ea01c7b75bf087523930c27424de4ed23a003,Crossref metadata terms; article rights remain with publisher,complete exact-DOI API response
mora_2011,10.1371/journal.pbio.1001127,OpenAlex API,https://api.openalex.org/works/doi:10.1371/journal.pbio.1001127,2026-10-07T05:57:39+00:00,200,data/raw/20261007T055717Z/literature_expansion/mora_2011_openalex.json,30330,3c53a962647cce87e9d7edc286413b55082e387e5bfe0541990479ca72a74df5,OpenAlex CC0 metadata; abstract text rights remain with publisher,complete exact-DOI API response
tedesco_2014,10.1111/cobi.12285,Crossref REST API,https://api.crossref.org/works/10.1111%2Fcobi.12285,2026-10-07T05:57:39+00:00,200,data/raw/20261007T055717Z/literature_expansion/tedesco_2014_crossref.json,10970,c62fd67589e73c6754ac00cb0dd06884ad99d00d0c9ec1a3a8b2e97cfd429769,Crossref metadata terms; article rights remain with publisher,complete exact-DOI API response
tedesco_2014,10.1111/cobi.12285,OpenAlex API,https://api.openalex.org/works/doi:10.1111/cobi.12285,2026-10-07T05:57:39+00:00,200,data/raw/20261007T055717Z/literature_expansion/tedesco_2014_openalex.json,30727,8b29463d35c569d8890e5f6b0cd2e4ea82c1d711a760f4cee0582b4c136e0830,OpenAlex CC0 metadata; abstract text rights remain with publisher,complete exact-DOI API response
boehm_cronk_2021,10.1098/rsbl.2021.0007,Crossref REST API,https://api.crossref.org/works/10.1098%2Frsbl.2021.0007,2026-10-07T05:57:40+00:00,200,data/raw/20261007T055717Z/literature_expansion/boehm_cronk_2021_crossref.json,13578,73a9a10484d8bfd3bdb2336953b26376b60193c4cdbd456a8aa961099be03dd5,Crossref metadata terms; article rights remain with publisher,complete exact-DOI API response
boehm_cronk_2021,10.1098/rsbl.2021.0007,OpenAlex API,https://api.openalex.org/works/doi:10.1098/rsbl.2021.0007,2026-10-07T05:57:40+00:00,200,data/raw/20261007T055717Z/literature_expansion/boehm_cronk_2021_openalex.json,19396,ae9cd46872f8880b27b7362af9d4ab3eb79d9180eb5049d7f942a4ba9bea184e,OpenAlex CC0 metadata; abstract text rights remain with publisher,complete exact-DOI API response
lees_pimm_2015,10.1016/j.cub.2014.12.017,Crossref REST API,https://api.crossref.org/works/10.1016%2Fj.cub.2014.12.017,2026-10-07T05:57:41+00:00,200,data/raw/20261007T055717Z/literature_expansion/lees_pimm_2015_crossref.json,9503,effb60c0b9dd5706c8b8ac2d0fe85e013f3a3c8530b1c0a8ac0b5449ede0b618,Crossref metadata terms; article rights remain with publisher,complete exact-DOI API response
lees_pimm_2015,10.1016/j.cub.2014.12.017,OpenAlex API,https://api.openalex.org/works/doi:10.1016/j.cub.2014.12.017,2026-10-07T05:57:41+00:00,200,data/raw/20261007T055717Z/literature_expansion/lees_pimm_2015_openalex.json,15897,7e7c2f7f184fe706601001193800fb4a88303b6ac47cba2f6509e56e0219d6de,OpenAlex CC0 metadata; abstract text rights remain with publisher,complete exact-DOI API response
liu_2022,10.1111/conl.12876,Crossref REST API,https://api.crossref.org/works/10.1111%2Fconl.12876,2026-10-07T05:57:42+00:00,200,data/raw/20261007T055717Z/literature_expansion/liu_2022_crossref.json,9368,24c16bc18d74d596598be8b117af42ce4cebae6de75f524342c69359a735230f,Crossref metadata terms; article rights remain with publisher,complete exact-DOI API response
liu_2022,10.1111/conl.12876,OpenAlex API,https://api.openalex.org/works/doi:10.1111/conl.12876,2026-10-07T05:57:42+00:00,200,data/raw/20261007T055717Z/literature_expansion/liu_2022_openalex.json,20831,881000bf5f93e972ba9ed95914e8b2cfb9be23598032f56f362872e2a19efee8,OpenAlex CC0 metadata; abstract text rights remain with publisher,complete exact-DOI API response
costello_2013,10.1126/science.1230318,Crossref REST API,https://api.crossref.org/works/10.1126%2Fscience.1230318,2026-10-07T05:57:42+00:00,200,data/raw/20261007T055717Z/literature_expansion/costello_2013_crossref.json,11014,3f8903b45b2f08ed3b37db120e3f8b4657a72f6a078aacf26efb8aa39db679fb,Crossref metadata terms; article rights remain with publisher,complete exact-DOI API response
costello_2013,10.1126/science.1230318,OpenAlex API,https://api.openalex.org/works/doi:10.1126/science.1230318,2026-10-07T05:57:43+00:00,200,data/raw/20261007T055717Z/literature_expansion/costello_2013_openalex.json,20620,9e7ff6cac920bfd3b63c3481e7493634e8a1708ffa9aeee23b31dbbe2266ec2d,OpenAlex CC0 metadata; abstract text rights remain with publisher,complete exact-DOI API response
hortal_2015,10.1146/annurev-ecolsys-112414-054400,Crossref REST API,https://api.crossref.org/works/10.1146%2Fannurev-ecolsys-112414-054400,2026-10-07T05:57:43+00:00,200,data/raw/20261007T055717Z/literature_expansion/hortal_2015_crossref.json,21185,a1533ea3468fe65d82cae7a3f63b34395a8d2a6a18128342f165a1585f29e325,Crossref metadata terms; article rights remain with publisher,complete exact-DOI API response
hortal_2015,10.1146/annurev-ecolsys-112414-054400,OpenAlex API,https://api.openalex.org/works/doi:10.1146/annurev-ecolsys-112414-054400,2026-10-07T05:57:44+00:00,200,data/raw/20261007T055717Z/literature_expansion/hortal_2015_openalex.json,28062,de17d6f11885be3754841f70db9421bcf484a6985478ca64ba44c0abf890e38f,OpenAlex CC0 metadata; abstract text rights remain with publisher,complete exact-DOI API response
chades_2008,10.1073/pnas.0805265105,Crossref REST API,https://api.crossref.org/works/10.1073%2Fpnas.0805265105,2026-10-07T05:57:44+00:00,200,data/raw/20261007T055717Z/literature_expansion/chades_2008_crossref.json,9979,ba4f3dce8cdbdb9fa089db4e544ce082cb6381d80779d0b790d0e09b30288baa,Crossref metadata terms; article rights remain with publisher,complete exact-DOI API response
chades_2008,10.1073/pnas.0805265105,OpenAlex API,https://api.openalex.org/works/doi:10.1073/pnas.0805265105,2026-10-07T05:57:45+00:00,200,data/raw/20261007T055717Z/literature_expansion/chades_2008_openalex.json,25183,ab04608cb258b63204a4a0dd4b31fe83ce6229f07fd95a5a8a77a3e7970f35d9,OpenAlex CC0 metadata; abstract text rights remain with publisher,complete exact-DOI API response
chades_2021,10.1111/2041-210X.13692,Crossref REST API,https://api.crossref.org/works/10.1111%2F2041-210X.13692,2026-10-07T05:57:45+00:00,200,data/raw/20261007T055717Z/literature_expansion/chades_2021_crossref.json,17485,9c3d281b1da0613b0a0f474431a7fa8f1ca21a05d651dccc0a9fd668e0c87cce,Crossref metadata terms; article rights remain with publisher,complete exact-DOI API response
chades_2021,10.1111/2041-210X.13692,OpenAlex API,https://api.openalex.org/works/doi:10.1111/2041-210X.13692,2026-10-07T05:57:46+00:00,200,data/raw/20261007T055717Z/literature_expansion/chades_2021_openalex.json,20234,7b0145ac3855d7e1d96343ca6704a4f1172bb04c456205a785af3c7d83c27c61,OpenAlex CC0 metadata; abstract text rights remain with publisher,complete exact-DOI API response
canessa_2015,10.1111/2041-210X.12423,Crossref REST API,https://api.crossref.org/works/10.1111%2F2041-210X.12423,2026-10-07T05:57:46+00:00,200,data/raw/20261007T055717Z/literature_expansion/canessa_2015_crossref.json,11395,293dc0656b86dee1f1865798ba34c720d2f5cbb6d1ed4b29d18ad6e19a7ca1ec,Crossref metadata terms; article rights remain with publisher,complete exact-DOI API response
canessa_2015,10.1111/2041-210X.12423,OpenAlex API,https://api.openalex.org/works/doi:10.1111/2041-210X.12423,2026-10-07T05:57:46+00:00,200,data/raw/20261007T055717Z/literature_expansion/canessa_2015_openalex.json,27047,594335330a0da75ca83415cfb4463992448f1dfa2778a1504f57f06b49b269d1,OpenAlex CC0 metadata; abstract text rights remain with publisher,complete exact-DOI API response
runge_2011,10.1016/j.biocon.2010.12.020,Crossref REST API,https://api.crossref.org/works/10.1016%2Fj.biocon.2010.12.020,2026-10-07T05:57:47+00:00,200,data/raw/20261007T055717Z/literature_expansion/runge_2011_crossref.json,11964,f43a632814e41a723c47cb2ba632c2109c79e5dd4b26a9f834a11a45d6b983a3,Crossref metadata terms; article rights remain with publisher,complete exact-DOI API response
runge_2011,10.1016/j.biocon.2010.12.020,OpenAlex API,https://api.openalex.org/works/doi:10.1016/j.biocon.2010.12.020,2026-10-07T05:57:47+00:00,200,data/raw/20261007T055717Z/literature_expansion/runge_2011_openalex.json,18061,0e83db99b80e9a84b98b645c12ff2bf62230f193c4a4c0ea210e015e5c619a0b,OpenAlex CC0 metadata; abstract text rights remain with publisher,complete exact-DOI API response
williams_2011,10.1016/j.jenvman.2010.10.041,Crossref REST API,https://api.crossref.org/works/10.1016%2Fj.jenvman.2010.10.041,2026-10-07T05:57:48+00:00,200,data/raw/20261007T055717Z/literature_expansion/williams_2011_crossref.json,16770,dbb57a68c19b6eeb7c24344dab549e98c43b4010dca20a54b01de0bae39a405b,Crossref metadata terms; article rights remain with publisher,complete exact-DOI API response
williams_2011,10.1016/j.jenvman.2010.10.041,OpenAlex API,https://api.openalex.org/works/doi:10.1016/j.jenvman.2010.10.041,2026-10-07T05:57:48+00:00,200,data/raw/20261007T055717Z/literature_expansion/williams_2011_openalex.json,16212,dee8a1af09c96af1e42b4bc7518fe031b5944eaa656936d302e794bf025ae2d1,OpenAlex CC0 metadata; abstract text rights remain with publisher,complete exact-DOI API response
mccarthy_possingham_2007,10.1111/j.1523-1739.2007.00677.x,Crossref REST API,https://api.crossref.org/works/10.1111%2Fj.1523-1739.2007.00677.x,2026-10-07T05:57:49+00:00,200,data/raw/20261007T055717Z/literature_expansion/mccarthy_possingham_2007_crossref.json,8073,0c52bb7404f6a48c9e8c88f3a2cd9189b8836634630600abff7b481b9159f7db,Crossref metadata terms; article rights remain with publisher,complete exact-DOI API response
mccarthy_possingham_2007,10.1111/j.1523-1739.2007.00677.x,OpenAlex API,https://api.openalex.org/works/doi:10.1111/j.1523-1739.2007.00677.x,2026-10-07T05:57:49+00:00,200,data/raw/20261007T055717Z/literature_expansion/mccarthy_possingham_2007_openalex.json,16639,b91bf625a098e0b80e1b14ba0e3fc33efe200927f8b28ade43993571912f29da,OpenAlex CC0 metadata; abstract text rights remain with publisher,complete exact-DOI API response
joseph_2009,10.1111/j.1523-1739.2008.01124.x,Crossref REST API,https://api.crossref.org/works/10.1111%2Fj.1523-1739.2008.01124.x,2026-10-07T05:57:49+00:00,200,data/raw/20261007T055717Z/literature_expansion/joseph_2009_crossref.json,9515,cac3ae8f1c993c92ed428d050c4614b718be030e8389083c04393a3a7770b648,Crossref metadata terms; article rights remain with publisher,complete exact-DOI API response
joseph_2009,10.1111/j.1523-1739.2008.01124.x,OpenAlex API,https://api.openalex.org/works/doi:10.1111/j.1523-1739.2008.01124.x,2026-10-07T05:57:50+00:00,200,data/raw/20261007T055717Z/literature_expansion/joseph_2009_openalex.json,21956,e256a6c342a5d30da124c6af195f5c48e5759843c9184beadc60cb107cb16e46,OpenAlex CC0 metadata; abstract text rights remain with publisher,complete exact-DOI API response
kennedy_2008,10.1111/j.1365-2664.2007.01367.x,Crossref REST API,https://api.crossref.org/works/10.1111%2Fj.1365-2664.2007.01367.x,2026-10-07T05:57:50+00:00,200,data/raw/20261007T055717Z/literature_expansion/kennedy_2008_crossref.json,10882,ac882ceadc559e68551a53195ddf62bd0ba0b8dce2b136a12110e2ba832a3fa3,Crossref metadata terms; article rights remain with publisher,complete exact-DOI API response
kennedy_2008,10.1111/j.1365-2664.2007.01367.x,OpenAlex API,https://api.openalex.org/works/doi:10.1111/j.1365-2664.2007.01367.x,2026-10-07T05:57:51+00:00,200,data/raw/20261007T055717Z/literature_expansion/kennedy_2008_openalex.json,19996,e2f2f73f891603bcb58411f54ca75087aee54caaad8c86bce801014eac1ac62b,OpenAlex CC0 metadata; abstract text rights remain with publisher,complete exact-DOI API response
mcdonald_madden_2008,10.1111/j.1365-2664.2008.01553.x,Crossref REST API,https://api.crossref.org/works/10.1111%2Fj.1365-2664.2008.01553.x,2026-10-07T05:57:51+00:00,200,data/raw/20261007T055717Z/literature_expansion/mcdonald_madden_2008_crossref.json,9439,799cc922782fe2102d0b0680485446542033bfb360993745d1e1cb448caffddd,Crossref metadata terms; article rights remain with publisher,complete exact-DOI API response
mcdonald_madden_2008,10.1111/j.1365-2664.2008.01553.x,OpenAlex API,https://api.openalex.org/works/doi:10.1111/j.1365-2664.2008.01553.x,2026-10-07T05:57:51+00:00,200,data/raw/20261007T055717Z/literature_expansion/mcdonald_madden_2008_openalex.json,18443,2b2626986a9f41f62e87e5544ecc31f196726e97f53b4df585c80be7b4716ab7,OpenAlex CC0 metadata; abstract text rights remain with publisher,complete exact-DOI API response
beausoleil_2018,10.3389/fvets.2018.00296,Crossref REST API,https://api.crossref.org/works/10.3389%2Ffvets.2018.00296,2026-10-07T05:57:52+00:00,200,data/raw/20261007T055717Z/literature_expansion/beausoleil_2018_crossref.json,58651,2dd4a68f3a960b0d20a4c34093bd704c0f068e734237de5f4a92e0676734508d,Crossref metadata terms; article rights remain with publisher,complete exact-DOI API response
beausoleil_2018,10.3389/fvets.2018.00296,OpenAlex API,https://api.openalex.org/works/doi:10.3389/fvets.2018.00296,2026-10-07T05:57:52+00:00,200,data/raw/20261007T055717Z/literature_expansion/beausoleil_2018_openalex.json,43428,2fab5da3833719d4537e5b60414f8f028eb31e9755e80d0864b533d8772a9c75,OpenAlex CC0 metadata; abstract text rights remain with publisher,complete exact-DOI API response
mellor_2020,10.3390/ani10101870,Crossref REST API,https://api.crossref.org/works/10.3390%2Fani10101870,2026-10-07T05:57:53+00:00,200,data/raw/20261007T055717Z/literature_expansion/mellor_2020_crossref.json,39009,e2bac4c9230bb3d9b861045ebb0861a0af2411f7eaab1afa52e92d5a4c592d09,Crossref metadata terms; article rights remain with publisher,complete exact-DOI API response
mellor_2020,10.3390/ani10101870,OpenAlex API,https://api.openalex.org/works/doi:10.3390/ani10101870,2026-10-07T05:57:53+00:00,200,data/raw/20261007T055717Z/literature_expansion/mellor_2020_openalex.json,26145,a2d97ee3f8c799a0fc12d070e65056f58a6f37de0a4eca973beb1f249cb90b01,OpenAlex CC0 metadata; abstract text rights remain with publisher,complete exact-DOI API response
harrington_2013,10.1111/cobi.12021,Crossref REST API,https://api.crossref.org/works/10.1111%2Fcobi.12021,2026-10-07T05:57:54+00:00,200,data/raw/20261007T055717Z/literature_expansion/harrington_2013_crossref.json,15031,790e178b293639da2d35152bcf886dbf56b2598c4e1b8009e2ab12253db1b3cf,Crossref metadata terms; article rights remain with publisher,complete exact-DOI API response
harrington_2013,10.1111/cobi.12021,OpenAlex API,https://api.openalex.org/works/doi:10.1111/cobi.12021,2026-10-07T05:57:54+00:00,200,data/raw/20261007T055717Z/literature_expansion/harrington_2013_openalex.json,27492,fc0de2b83b700fd7c0ed2bf884a613cee1158db4966fde7cec10d368cba51c82,OpenAlex CC0 metadata; abstract text rights remain with publisher,complete exact-DOI API response
clubb_mason_2003,10.1038/425473a,Crossref REST API,https://api.crossref.org/works/10.1038%2F425473a,2026-10-07T05:57:55+00:00,200,data/raw/20261007T055717Z/literature_expansion/clubb_mason_2003_crossref.json,6055,e681af01f91cff31db8d1785dce64e902c4068ebdbaa2a3384d03aeef82011c4,Crossref metadata terms; article rights remain with publisher,complete exact-DOI API response
clubb_mason_2003,10.1038/425473a,OpenAlex API,https://api.openalex.org/works/doi:10.1038/425473a,2026-10-07T05:57:55+00:00,200,data/raw/20261007T055717Z/literature_expansion/clubb_mason_2003_openalex.json,18922,a91fde58cc472b7370b2dac93915e95c775eb241d91fce2b757667493e4ad954,OpenAlex CC0 metadata; abstract text rights remain with publisher,complete exact-DOI API response
comizzoli_holt_2019,10.1093/biolre/ioz031,Crossref REST API,https://api.crossref.org/works/10.1093%2Fbiolre%2Fioz031,2026-10-07T05:57:56+00:00,200,data/raw/20261007T055717Z/literature_expansion/comizzoli_holt_2019_crossref.json,40353,b2e0b6b0db4a1166407caacf517f8bc7e83c6b3d8d7acb06a91a49261db11605,Crossref metadata terms; article rights remain with publisher,complete exact-DOI API response
comizzoli_holt_2019,10.1093/biolre/ioz031,OpenAlex API,https://api.openalex.org/works/doi:10.1093/biolre/ioz031,2026-10-07T05:57:56+00:00,200,data/raw/20261007T055717Z/literature_expansion/comizzoli_holt_2019_openalex.json,23730,874008ddc09667f65ca7e2b19a9c9f43763653d735fe1cd6914c7a90fca9ec10,OpenAlex CC0 metadata; abstract text rights remain with publisher,complete exact-DOI API response
howell_2021,10.1111/conl.12776,Crossref REST API,https://api.crossref.org/works/10.1111%2Fconl.12776,2026-10-07T05:57:57+00:00,200,data/raw/20261007T055717Z/literature_expansion/howell_2021_crossref.json,12575,c11957fda93fd3a7fc22433a0ca9133581d958507a555f11742ab9b49bc75925,Crossref metadata terms; article rights remain with publisher,complete exact-DOI API response
howell_2021,10.1111/conl.12776,OpenAlex API,https://api.openalex.org/works/doi:10.1111/conl.12776,2026-10-07T05:57:57+00:00,200,data/raw/20261007T055717Z/literature_expansion/howell_2021_openalex.json,29372,99dc473a47f883a2995ffbd24af8c1d8dfa2059c6d0871aaae617c88b1163446,OpenAlex CC0 metadata; abstract text rights remain with publisher,complete exact-DOI API response
bolton_2022,10.1530/RAF-22-0005,Crossref REST API,https://api.crossref.org/works/10.1530%2FRAF-22-0005,2026-10-07T05:57:57+00:00,200,data/raw/20261007T055717Z/literature_expansion/bolton_2022_crossref.json,178256,393cb27b61f405f7829122a97d9f1a9318c9931ec2df2344db4b1e7e3cb6758b,Crossref metadata terms; article rights remain with publisher,complete exact-DOI API response
bolton_2022,10.1530/RAF-22-0005,OpenAlex API,https://api.openalex.org/works/doi:10.1530/RAF-22-0005,2026-10-07T05:57:58+00:00,200,data/raw/20261007T055717Z/literature_expansion/bolton_2022_openalex.json,42343,31d6f6c3a0fa166a6d31ba30aab7e185721577a54bc3e80fffc36ae3900d5c28,OpenAlex CC0 metadata; abstract text rights remain with publisher,complete exact-DOI API response
moss_2015,10.1111/cobi.12383,Crossref REST API,https://api.crossref.org/works/10.1111%2Fcobi.12383,2026-10-07T05:57:59+00:00,200,data/raw/20261007T055717Z/literature_expansion/moss_2015_crossref.json,8709,e814e32e3c431c714557f67bbd22c04e1d47bd083451cea79558975c48bd8a65,Crossref metadata terms; article rights remain with publisher,complete exact-DOI API response
moss_2015,10.1111/cobi.12383,OpenAlex API,https://api.openalex.org/works/doi:10.1111/cobi.12383,2026-10-07T05:57:59+00:00,200,data/raw/20261007T055717Z/literature_expansion/moss_2015_openalex.json,19398,4311dc86ca8f373bb4f1fe7dee23652b2c657aed56e0ef425496b1ddfcaa6ec8,OpenAlex CC0 metadata; abstract text rights remain with publisher,complete exact-DOI API response
watson_2014,10.1038/nature13947,Crossref REST API,https://api.crossref.org/works/10.1038%2Fnature13947,2026-10-07T05:57:59+00:00,200,data/raw/20261007T055717Z/literature_expansion/watson_2014_crossref.json,38507,e2b26334ed34bb234c637cc21c6e3df5c2c747a2e79e43e75cf05b1480698de3,Crossref metadata terms; article rights remain with publisher,complete exact-DOI API response
watson_2014,10.1038/nature13947,OpenAlex API,https://api.openalex.org/works/doi:10.1038/nature13947,2026-10-07T05:58:00+00:00,200,data/raw/20261007T055717Z/literature_expansion/watson_2014_openalex.json,25528,b431f8fc384df76263c283e25fdda900a1817dac9960baca5083aa18bb7c9bcd,OpenAlex CC0 metadata; abstract text rights remain with publisher,complete exact-DOI API response
