policy,metric,parameter_1,parameter_2,partial_rank_interaction,n_designs
S4,fraction_ebd,habitat_deterioration,survey_cost,0.228,128
S4,fraction_ebd,climate_velocity,initial_budget,0.209,128
S4,fraction_ebd,relocation_mortality,engagement_coefficient,-0.203,128
S4,future_option_value,habitat_deterioration,habitat_protection_efficiency,-0.227,128
S4,future_option_value,relocation_mortality,engagement_coefficient,0.206,128
S4,future_option_value,release_survival_penalty,habitat_protection_efficiency,0.204,128
S4,mean_individual_welfare,ex_situ_breeding_benefit,habitat_protection_efficiency,-0.309,128
S4,mean_individual_welfare,release_survival_penalty,engagement_coefficient,-0.277,128
S4,mean_individual_welfare,engagement_coefficient,initial_budget,-0.226,128
S4,survival_100,relocation_mortality,engagement_coefficient,0.242,128
S4,survival_100,habitat_deterioration,habitat_protection_efficiency,-0.226,128
S4,survival_100,release_survival_penalty,habitat_protection_efficiency,0.188,128
S6,fraction_ebd,climate_velocity,initial_budget,0.25,128
S6,fraction_ebd,relocation_mortality,captivity_welfare_penalty,-0.235,128
S6,fraction_ebd,relocation_mortality,engagement_coefficient,-0.205,128
S6,future_option_value,relocation_mortality,relocation_stress,0.187,128
S6,future_option_value,survey_cost,habitat_protection_efficiency,-0.182,128
S6,future_option_value,relocation_mortality,captivity_welfare_penalty,0.169,128
S6,mean_individual_welfare,relocation_mortality,relocation_stress,0.203,128
S6,mean_individual_welfare,climate_velocity,relocation_stress,-0.169,128
S6,mean_individual_welfare,relocation_mortality,initial_budget,0.167,128
S6,survival_100,relocation_mortality,engagement_coefficient,0.196,128
S6,survival_100,release_survival_penalty,engagement_coefficient,-0.183,128
S6,survival_100,survey_cost,habitat_protection_efficiency,-0.181,128
S7,fraction_ebd,climate_velocity,initial_budget,0.259,128
S7,fraction_ebd,habitat_deterioration,survey_cost,0.241,128
S7,fraction_ebd,relocation_mortality,engagement_coefficient,-0.183,128
S7,future_option_value,survey_cost,habitat_protection_efficiency,-0.243,128
S7,future_option_value,relocation_mortality,engagement_coefficient,0.211,128
S7,future_option_value,release_survival_penalty,engagement_coefficient,-0.182,128
S7,mean_individual_welfare,release_survival_penalty,engagement_coefficient,-0.27,128
S7,mean_individual_welfare,habitat_deterioration,initial_budget,0.254,128
S7,mean_individual_welfare,ex_situ_breeding_benefit,habitat_protection_efficiency,-0.21,128
S7,survival_100,survey_cost,habitat_protection_efficiency,-0.254,128
S7,survival_100,relocation_mortality,engagement_coefficient,0.232,128
S7,survival_100,release_survival_penalty,engagement_coefficient,-0.181,128
