claim_id,citation_status,manuscript_section,claim_summary,reference,doi,full_text_access,relevant_section,support_level,notes,required_action
LIT-01,CITED,Introduction,A Przewalski's horse reintroduction developed from captive-born release toward standardized monitoring and broader ecosystem work.,Kaczensky et al. (2007),10.22353/mjbs.2007.05.03,FULL_TEXT_LOCAL,Abstract; Introduction; Monitoring; Conclusion,DIRECT,"The complete PMC article reports transport of captive-born horses in 1992, release in 1997, wild-born foals in 1999, standardized monitoring from 2002, and expansion toward ecosystem conservation.",Keep the claim bounded to this documented project.
LIT-02,CITED,Introduction,"Activity-specific niche models evaluated with withheld data can inform condor reintroduction screening, but site selection still requires ground reconnaissance and unmodeled-threat assessment.",D’Elia et al. (2015),10.1016/j.biocon.2015.01.002,FULL_TEXT_LOCAL,Abstract; Methods; Results; Discussion,DIRECT,"The complete repository PDF describes nesting, roosting, and feeding models, evaluation with withheld occurrence data, candidate areas, projection uncertainty, and the need for reconnaissance and threat information outside the models.",Do not treat modeled suitability as site validation.
LIT-03,CITED,Introduction,Anthropogenic material ingestion contributed to nestling mortality and low nest success in a reintroduced southern California condor population.,Mee et al. (2007),10.1017/s095927090700069x,FULL_TEXT_LOCAL,Summary; Methods; Results; Discussion,DIRECT,"The complete publisher PDF reports nine wild-hatched nestlings, six deaths near nests, two removals for health reasons, and two deaths attributed to junk ingestion; historical comparisons are qualified.",Keep the claim population- and period-specific.
LIT-04,CITED,Introduction and Methods,"Ecological decisions under partial observability distinguish hidden states from observations and track belief states, with substantial computational and interpretive costs.",Williams & Brown (2022),10.1002/ece3.9197,FULL_TEXT_LOCAL,Introduction; Process specification; Discussion,DIRECT,"The complete CC BY article defines states, observations, actions, returns, and belief-state updating and discusses scaling, solution, and interpretation challenges in ecological POMDPs.",Do not imply that the present heuristic simulation solves a POMDP.
LIT-05,CITED,Introduction,About one in seven threatened terrestrial vertebrate species is held in captivity.,Conde et al. (2011),10.1126/science.1200674,ABSTRACT_LOCAL,Author abstract,ABSTRACT_DIRECT,Exact-DOI Crossref metadata verified; supporting text: Roughly one in seven threatened terrestrial vertebrate species are held in captivity,Background citation only; do not strengthen beyond the abstract.
LIT-06,CITED,Introduction,Threatened species are unevenly represented in the zoo network and managing zoo metapopulations requires coordination among many institutions.,Conde et al. (2013),10.1371/journal.pone.0080311,ABSTRACT_LOCAL,Author abstract,ABSTRACT_DIRECT,"Exact-DOI Crossref metadata verified; supporting text: 695 of the 3,955 (23%) terrestrial vertebrate species in ISIS zoos are threatened; the management of a zoo metapopulation of more than 250 individuals will require the coordination of a cluster of 11 to 24 ISIS zoos",Background citation only; do not strengthen beyond the abstract.
LIT-07,CITED,Introduction,Ex situ conservation has been argued to deserve a larger and more integrated role alongside dominant in situ approaches.,Pritchard et al. (2012),10.1017/S0030605310001766,ABSTRACT_LOCAL,Author abstract,ABSTRACT_DIRECT,"Exact-DOI Crossref metadata verified; supporting text: Ex situ approaches, in contrast, have been relegated to a subsidiary role; make the case for an enhanced role for ex situ conservation",Background citation only; do not strengthen beyond the abstract.
LIT-08,CITED,Introduction,Conservation management increasingly integrates zoo-derived and wild management approaches.,Redford et al. (2012),10.1126/science.1228899,ABSTRACT_LOCAL,Author abstract,ABSTRACT_DIRECT,Exact-DOI Crossref metadata verified; supporting text: Modern conservation management increasingly integrates approaches developed in zoos with those from the wild,Background citation only; do not strengthen beyond the abstract.
LIT-09,CITED,Introduction,Conservation translocations span reinforcement and reintroduction to conservation introductions outside the indigenous range.,Seddon et al. (2014),10.1126/science.1251818,ABSTRACT_LOCAL,Author abstract,ABSTRACT_DIRECT,Exact-DOI Crossref metadata verified; supporting text: the full spectrum of conservation translocations from reinforcement and reintroduction to controversial conservation introductions,Background citation only; do not strengthen beyond the abstract.
LIT-10,CITED,Introduction,Zoos and aquariums can provide source populations for reintroductions but do not necessarily hold globally rare species.,Gilbert et al. (2017),10.1111/izy.12159,ABSTRACT_LOCAL,Author abstract,ABSTRACT_DIRECT,Exact-DOI Crossref metadata verified; supporting text: Ex situ populations are a potential source for reintroduction projects but many zoos and aquariums do not necessarily maintain globally rare species,Background citation only; do not strengthen beyond the abstract.
LIT-11,CITED,Introduction,Captive breeding has documented limitations including reintroduction failure; cost; domestication; disease; and preemption of other recovery techniques.,Snyder et al. (1996),10.1046/j.1523-1739.1996.10020338.x,ABSTRACT_LOCAL,Author abstract,ABSTRACT_DIRECT,Exact-DOI Crossref metadata verified; supporting text: poor success in reintroductions; high costs; domestication; preemption of other recovery techniques; disease outbreaks,Background citation only; do not strengthen beyond the abstract.
LIT-12,CITED,Introduction,Genetic adaptation to captivity is generally deleterious when populations are returned to the wild.,Frankham (2008),10.1111/j.1365-294X.2007.03399.x,ABSTRACT_LOCAL,Author abstract,ABSTRACT_DIRECT,Exact-DOI Crossref metadata verified; supporting text: these genetic adaptations are overwhelmingly deleterious when populations are returned to wild environments,Background citation only; do not strengthen beyond the abstract.
LIT-13,CITED,Introduction,In steelhead trout captive rearing reduced subsequent reproductive success in the wild by about 40% per captive-reared generation.,Araki et al. (2007),10.1126/science.1145621,ABSTRACT_LOCAL,Author abstract,ABSTRACT_DIRECT,Exact-DOI Crossref metadata verified; supporting text: genetic effects of domestication reduce subsequent reproductive capabilities by approximately 40% per captive-reared generation,Background citation only; do not strengthen beyond the abstract.
LIT-14,CITED,Methods,Approaches for minimizing genetic adaptation in captive breeding programs have been reviewed.,Williams & Hoffman (2009),10.1016/j.biocon.2009.05.034,METADATA_ONLY,Verified title,TITLE_BOUNDED,Exact-DOI Crossref metadata verified; supporting text: Minimizing genetic adaptation in captive breeding programs: a review,Background citation only; do not strengthen beyond the article title.
LIT-15,CITED,Methods,Genetic-diversity targets and indicators were undeveloped in earlier global biodiversity strategies.,Hoban et al. (2020),10.1016/j.biocon.2020.108654,ABSTRACT_LOCAL,Author abstract,ABSTRACT_DIRECT,"Exact-DOI Crossref metadata verified; supporting text: targets and indicators for genetic diversity (variation at the DNA level within species, which facilitates species adaptation and ecosystem function) were undeveloped",Background citation only; do not strengthen beyond the abstract.
LIT-16,CITED,Methods,Captive experience has been analyzed as a determinant of reintroduction survival in carnivores.,Jule et al. (2008),10.1016/j.biocon.2007.11.007,METADATA_ONLY,Verified title,TITLE_BOUNDED,Exact-DOI Crossref metadata verified; supporting text: The effects of captive experience on reintroduction survival in carnivores: a review and analysis,Background citation only; do not strengthen beyond the article title.
LIT-17,CITED,Methods,Stress is an inherent component of animal translocation.,Dickens et al. (2010),10.1016/j.biocon.2010.02.032,METADATA_ONLY,Verified title,TITLE_BOUNDED,Exact-DOI Crossref metadata verified; supporting text: Stress: an inevitable component of animal translocation,Background citation only; do not strengthen beyond the article title.
LIT-18,CITED,Methods,Translocation of wildlife carries disease risks.,Kock et al. (2010),10.20506/rst.29.2.1980,ABSTRACT_LOCAL,Verified title,TITLE_BOUNDED,Exact-DOI Crossref metadata verified; supporting text: Disease risks associated with the translocation of wildlife,Background citation only; do not strengthen beyond the article title.
LIT-19,CITED,Introduction,Potential welfare issues were recorded in most reviewed reintroduction projects whereas welfare was rarely addressed explicitly.,Harrington et al. (2013),10.1111/cobi.12021,ABSTRACT_LOCAL,Author abstract,ABSTRACT_DIRECT,"Exact-DOI Crossref metadata verified; supporting text: Potential welfare issues (of variable nature and extent) were recorded in 67% of 199 projects reviewed; Animal welfare, explicitly, was referred to in 6% of projects",Background citation only; do not strengthen beyond the abstract.
LIT-20,CITED,Introduction,Conservation welfare argues that welfare harms to individuals can also hamper conservation goals.,Beausoleil et al. (2018),10.3389/fvets.2018.00296,ABSTRACT_LOCAL,Author abstract,ABSTRACT_DIRECT,Exact-DOI Crossref metadata verified; supporting text: activities impacting detrimentally on the welfare of individual animals also hamper achievement of some conservation goals,Background citation only; do not strengthen beyond the abstract.
LIT-21,CITED,Methods,The Five Domains Model assesses welfare through nutrition; physical environment; health; behavioural interactions; and mental state.,Mellor et al. (2020),10.3390/ani10101870,ABSTRACT_LOCAL,Author abstract,ABSTRACT_DIRECT,"Exact-DOI Crossref metadata verified; supporting text: The domains of the most up-to-date Model described here are: 1 Nutrition, 2 Physical Environment, 3 Health, 4 Behavioural Interactions and 5 Mental State",Background citation only; do not strengthen beyond the abstract.
LIT-22,CITED,Introduction,Moving species outside historic ranges has been proposed to mitigate biodiversity loss under climate change.,Hoegh-Guldberg et al. (2008),10.1126/science.1157897,ABSTRACT_LOCAL,Author abstract,ABSTRACT_DIRECT,Exact-DOI Crossref metadata verified; supporting text: Moving species outside their historic ranges may mitigate loss of biodiversity in the face of global climate change,Background citation only; do not strengthen beyond the abstract.
LIT-23,CITED,Introduction,Assisted migration under climate change requires an explicit framework for debate.,McLachlan et al. (2007),10.1111/j.1523-1739.2007.00676.x,ABSTRACT_LOCAL,Author abstract,ABSTRACT_DIRECT,Exact-DOI Crossref metadata verified; supporting text: A Framework for Debate of Assisted Migration in an Era of Climate Change; Warming is projected to either significantly reduce or eliminate suitable habitat for most narrowly endemic taxa,Background citation only; do not strengthen beyond the abstract.
LIT-24,CITED,Discussion,Managed relocation involves interacting value-laden considerations and decisions under imperfect information.,Richardson et al. (2009),10.1073/pnas.0902327106,ABSTRACT_LOCAL,Author abstract,ABSTRACT_DIRECT,Exact-DOI Crossref metadata verified; supporting text: numerous interacting and value-laden considerations demand a more inclusive strategy for evaluating MR; decision making with imperfect information,Background citation only; do not strengthen beyond the abstract.
LIT-25,CITED,Discussion,Climate-driven translocation challenges the goal of recreating past ecological communities.,Thomas (2011),10.1016/j.tree.2011.02.006,METADATA_ONLY,Verified title,TITLE_BOUNDED,"Exact-DOI Crossref metadata verified; supporting text: Translocation of species, climate change, and the end of trying to recreate past ecological communities",Background citation only; do not strengthen beyond the article title.
LIT-26,CITED,Introduction,Most eukaryotic species may remain undescribed.,Mora et al. (2011),10.1371/journal.pbio.1001127,ABSTRACT_LOCAL,Author abstract,ABSTRACT_DIRECT,Exact-DOI Crossref metadata verified; supporting text: some 86% of existing species on Earth and 91% of species in the ocean still await description,Background citation only; do not strengthen beyond the abstract.
LIT-27,CITED,Introduction,Estimates of species richness and of extinction before description are contested.,Costello et al. (2013),10.1126/science.1230318,ABSTRACT_LOCAL,Author abstract,ABSTRACT_DIRECT,Exact-DOI Crossref metadata verified; supporting text: such worries result from overestimates of how many species may exist; 5 ± 3 million of which 1.5 million are named,Background citation only; do not strengthen beyond the abstract.
LIT-28,CITED,Introduction,Undescribed extinct species may form a substantial share of recent extinctions.,Tedesco et al. (2014),10.1111/cobi.12285,ABSTRACT_LOCAL,Author abstract,ABSTRACT_DIRECT,Exact-DOI Crossref metadata verified; supporting text: the proportion of undiscovered extinct species over all extinctions ranged from 0.15 to 0.59,Background citation only; do not strengthen beyond the abstract.
LIT-29,CITED,Introduction,Dark extinction denotes extinction of species before they are discovered and named.,Boehm & Cronk (2021),10.1098/rsbl.2021.0007,ABSTRACT_LOCAL,Author abstract,ABSTRACT_DIRECT,Exact-DOI Crossref metadata verified; supporting text: The extinction of species before they are discovered and named (dark extinction),Background citation only; do not strengthen beyond the abstract.
LIT-30,CITED,Introduction,More recently described vertebrate species are more often threatened; implying elevated risk for undescribed species.,Liu et al. (2022),10.1111/conl.12876,ABSTRACT_LOCAL,Author abstract,ABSTRACT_DIRECT,Exact-DOI Crossref metadata verified; supporting text: the proportion of threatened species among newly described species has increased from 11.9% for species described between 1758 and 1767 to 30.0% for those described between 2011 and 2020,Background citation only; do not strengthen beyond the abstract.
LIT-31,CITED,Introduction,Managing for a cryptic threatened species can be optimal even when its presence is uncertain; and management versus survey is a partially observable decision.,Chadès et al. (2008),10.1073/pnas.0805265105,ABSTRACT_LOCAL,Author abstract,ABSTRACT_DIRECT,Exact-DOI Crossref metadata verified; supporting text: managing a protected area for a cryptic threatened species can be optimal even if we are not sure the species is present,Background citation only; do not strengthen beyond the abstract.
LIT-32,CITED,Methods,Partially observable Markov decision processes formalize trade-offs between management and surveillance under imperfect observation.,Chadès et al. (2021),10.1111/2041-210X.13692,ABSTRACT_LOCAL,Author abstract,ABSTRACT_DIRECT,Exact-DOI Crossref metadata verified; supporting text: POMDPs have helped solve the trade-offs between investing in management or surveillance,Background citation only; do not strengthen beyond the abstract.
LIT-33,CITED,Methods,Value-of-information analysis asks whether reducing uncertainty would change a management decision.,Canessa et al. (2015),10.1111/2041-210X.12423,ABSTRACT_LOCAL,Author abstract,ABSTRACT_DIRECT,Exact-DOI Crossref metadata verified; supporting text: calculate the VoI and assess whether reducing uncertainty will change a decision,Background citation only; do not strengthen beyond the abstract.
LIT-34,CITED,Discussion,Active adaptive management balances management performance against learning.,McCarthy & Possingham (2007),10.1111/j.1523-1739.2007.00677.x,ABSTRACT_LOCAL,Author abstract,ABSTRACT_DIRECT,Exact-DOI Crossref metadata verified; supporting text: Active adaptive management balances the requirements of management with the need to learn about the system being managed,Background citation only; do not strengthen beyond the abstract.
LIT-35,CITED,Methods,Resource allocation among threatened species should account for management cost and probability of success.,Joseph et al. (2009),10.1111/j.1523-1739.2008.01124.x,ABSTRACT_LOCAL,Author abstract,ABSTRACT_DIRECT,Exact-DOI Crossref metadata verified; supporting text: These approaches ignore 2 crucial factors: the cost of management and the likelihood that the management will succeed,Background citation only; do not strengthen beyond the abstract.
LIT-36,CITED,Methods,Pareto non-dominance displays trade-offs among conflicting objectives without weighting them into a single value.,Kennedy et al. (2008),10.1111/j.1365-2664.2007.01367.x,ABSTRACT_LOCAL,Author abstract,ABSTRACT_DIRECT,Exact-DOI Crossref metadata verified; supporting text: approximates the non-dominated Pareto frontier without the use of weightings allowing for visualization of the trade-offs among objectives,Background citation only; do not strengthen beyond the abstract.
LIT-37,CITED,Discussion,Integrating biobanked sperm into captive breeding reduced inbreeding and programme cost in a modeled amphibian system.,Howell et al. (2021),10.1111/conl.12776,ABSTRACT_LOCAL,Author abstract,ABSTRACT_DIRECT,Exact-DOI Crossref metadata verified; supporting text: Backcrossing with frozen sperm every generation resulted in very large reductions in required programme expenditure compared to traditional captive breeding; integration of biobanking into captive breeding would make longstanding and previously unachievable genetic diversity retention targets feasible,Background citation only; do not strengthen beyond the abstract.
LIT-38,CITED,Methods,Cryobanking with assisted reproductive technologies can reinstate lost genetic diversity.,Bolton et al. (2022),10.1530/RAF-22-0005,ABSTRACT_LOCAL,Author abstract,ABSTRACT_DIRECT,Exact-DOI Crossref metadata verified; supporting text: ART/aART can be used to reinstate lost genetics back into a population,Background citation only; do not strengthen beyond the abstract.
LIT-39,CITED,Methods,Biodiversity understanding increased over zoo and aquarium visits in a multinational visitor study.,Moss et al. (2015),10.1111/cobi.12383,ABSTRACT_LOCAL,Author abstract,ABSTRACT_DIRECT,Exact-DOI Crossref metadata verified; supporting text: Aggregate biodiversity understanding and knowledge of actions to help protect biodiversity both significantly increased,Background citation only; do not strengthen beyond the abstract.
LIT-40,CITED,Discussion,The performance of protected areas depends on recognition; funding; planning; and enforcement.,Watson et al. (2014),10.1038/nature13947,METADATA_ONLY,Verified title,TITLE_BOUNDED,Exact-DOI Crossref metadata verified; supporting text: The performance and potential of protected areas,Background citation only; do not strengthen beyond the article title.
EXC-01,EXCLUDED,Not cited,Former reintroduction-planning background citation.,Van Dierendonck & Wallis de Vries (1996),10.1046/j.1523-1739.1996.10030728.x,ABSTRACT_ONLY,OpenAlex-indexed abstract,NOT_VERIFIED,Complete article text was not obtained.,Excluded from the final citation set and substantive claims.
EXC-02,EXCLUDED,Not cited,Former Przewalski's horse case citation.,Xia et al. (2014),10.1016/j.biocon.2014.06.021,METADATA_ONLY,Title and bibliographic metadata,NOT_VERIFIED,Complete article text was not obtained.,Excluded from the final citation set and substantive claims.
EXC-03,EXCLUDED,Not cited,Former scimitar-horned oryx genetics citation.,Ogden et al. (2020),10.1016/j.biocon.2019.108244,METADATA_ONLY,Title and bibliographic metadata,NOT_VERIFIED,The indexed repository file was blocked by an access-control challenge; no article text was obtained.,Excluded from the final citation set and substantive claims.
EXC-04,EXCLUDED,Not cited,Former value-of-information background citation.,Moore & Runge (2012),10.1111/j.1523-1739.2012.01907.x,ABSTRACT_ONLY,OpenAlex-indexed abstract,NOT_VERIFIED,Complete article text was not obtained.,Excluded from the final citation set and substantive claims.
EXC-05,EXCLUDED,Not cited,Former partial-observability background citation.,Memarzadeh & Boettiger (2018),10.1016/j.biocon.2018.05.009,METADATA_ONLY,Title and bibliographic metadata,NOT_VERIFIED,Complete article text was not obtained.,Excluded from the final citation set and substantive claims.
