path,size,sha256
AI_USE_DISCLOSURE_DRAFT.md,999,444e179255e909651a6c7bbe90d0abab380fff6280b68155e7819da1c999b33e
ARTICLE_IMPACT_STATEMENT_OPTIONS.md,471,a25c1870e029effadedcf489a0611d1b89b364fa0699ac58447d9078771547c6
CONSERVATION_BIOLOGY_SUBMISSION_CHECKLIST.md,1879,4232cacdbedd66e55eca5aa6897d059f2ae0ede31163d59cc1560cd0b6f10f64
COVER_LETTER.docx,38102,8d269f2ba3eb3720c4b11b72f63469112badb8c0554d954171cb84f8d0e3cf38
COVER_LETTER.txt,2834,a36db6de20338d66c53154e94457fe5f88d457381c92a6067c71a9f4d9d3fbef
COVER_PAGE_TEMPLATE.docx,37207,d0bfea76de9f6e4cd08c98b6715351e1135a16d1235c3c1a14172df315ccc83a
COVER_PAGE_TEMPLATE.md,841,43d0a499b123293cc2ebe4f0e0e2c633591583f163d0b08a954872a78a8c28fb
DATA_CODE_AVAILABILITY.md,854,25d51482648fa9589c11a406c1646aeb557203daf6255e717e210b72715ea27b
anonymous_review/DOCUMENT_VALIDATION.txt,699,329b6e37a9ffad9bc74d1243b719538b0c7fed7514029b87e414361b98ba51b2
anonymous_review/EDITABLE_TABLES.docx,46883,4d17ffb001671241a5256dd5b766c651d7f66fde5681b534ab6ce0dc5a7cebd2
anonymous_review/FIGURE_DECK.pptx,1992658,4ad2248b40f34bc84fb843ca9c2bffa996370fa4228e9bee37ef0f22d302e46c
anonymous_review/FIGURE_REGENERATION.md,674,ef06f83ade476c80b4167134ca1f39f8084d61f0addca3365a728d6b7849b3ad
anonymous_review/HUMAN_AUTHORING_PACKET.md,36230,8bcb71094d189d654af26b4db895f806fdb29f10f658c2b6acb985fb08990388
anonymous_review/INLINE_MANUSCRIPT_HUMAN_REVIEW_DRAFT.docx,2018314,c7919f0e6591c9f01c105f170046eaa53c351603e2d4efa8cb30b9689066883c
anonymous_review/figures/Figure_1_conservation_network.pdf,22010,9bff17d4005b72393b8e3e51b2bcf59416a813c88b0be03dcc4fa842e2f31d1d
anonymous_review/figures/Figure_1_conservation_network.png,293874,96d123b7e414a47eac449621e1827649c4999bd22a804b409b7d702ad4249e56
anonymous_review/figures/Figure_1_conservation_network.svg,48766,3271e244f9845de4c4f709f76139bd97951114a9e5a0c0575210d82c6bbfe566
anonymous_review/figures/Figure_2_pareto_outcomes.pdf,17911,4f10e7af4b7a65daf48060016e72b0e7c7740bb11597dd1d3ba92e6a8427764d
anonymous_review/figures/Figure_2_pareto_outcomes.png,167202,a1cb987634974932b54a60cc4e70f17ff6bbc108d0b3284c40ac424e7037eb6e
anonymous_review/figures/Figure_2_pareto_outcomes.svg,50760,e7f959bcb551f0f651ab2566ded1ecc7bb8a4eb91c453a57f29c9468513cd42a
anonymous_review/figures/Figure_3_century_trajectories.pdf,24745,e1eea921819899fd723da689ebc70c8bf33805f7a0019f264cbe373719b5d7d3
anonymous_review/figures/Figure_3_century_trajectories.png,445874,907a9ce8dff07c26a752a17e10e9ef368ebdb262a79208d876f5d5becc6f9dcd
anonymous_review/figures/Figure_3_century_trajectories.svg,100508,69889da0af4317761dd6ad2df4591e454da3068fe7bea9e9668b4ab54d4881fa
anonymous_review/figures/Figure_4_extinction_before_discovery.pdf,16291,57218eedaa5253943b01e99f34aed96932623e0e5bc14fc5abfa368177f6b942
anonymous_review/figures/Figure_4_extinction_before_discovery.png,114424,2297238b9955d683d332f60055362724fda585b85c54a3b0c1e815b297bc86a8
anonymous_review/figures/Figure_4_extinction_before_discovery.svg,38249,8399248ce890f49c976b8aa36d3d31fbdf34162ff0e576e200199616e8c1bd1e
anonymous_review/figures/Figure_5_objective_tradeoffs.pdf,17668,b088eb7fea96a69ae735a134c704a794177722bcd1811bb6b8283f283b1c19dc
anonymous_review/figures/Figure_5_objective_tradeoffs.png,119543,ec866c37fb43d578be6ba316ce66c46220336b890656bcaeb36f18f1d3214c62
anonymous_review/figures/Figure_5_objective_tradeoffs.svg,48097,c57becbe26e421cf376a2c3e60cdf34de8cda54e16dc2078c6c23e40afae089d
anonymous_review/figures/Figure_6_partial_observation_architecture.pdf,24260,a769265fbf2677dd22177cb98f4865d7af90c2d861b32df4af7c3c9169ebda79
anonymous_review/figures/Figure_6_partial_observation_architecture.png,230437,693401b8e70998909c2c11a2845284c9113402358aaf6e6f57420145e8835cae
anonymous_review/figures/Figure_6_partial_observation_architecture.svg,57562,073e2455b9f782440409c338fd000275d3efa1fba4e33fe1fc534cc724a0f0c8
anonymous_review/figures/Figure_7_policy_reversal_thresholds.pdf,29555,845ffe3b79a0aedd4cf7fbe7e91d247f65b06a7dc4abfac4c355a3cad6ed8717
anonymous_review/figures/Figure_7_policy_reversal_thresholds.png,197582,0cfc4ce839f99223051b802e1357e5ecf0fabd2aa8749408d4c0fd221fed6a46
anonymous_review/figures/Figure_7_policy_reversal_thresholds.svg,76407,e03ddeeb49155aa0c2a0d68296a7d0a2b6c872fd442ae1c3667ee97c805032bf
anonymous_review/figures/Figure_8_exploration_exploitation.pdf,20277,fff8e60ccf7ae6dfd5be3b1f67e8be6587395291aebc76f3054b5a2d7e7457e1
anonymous_review/figures/Figure_8_exploration_exploitation.png,473097,272040ef30ec44f0a1c508261c7f7cc73062ae551121c85755be64126a1c1a59
anonymous_review/figures/Figure_8_exploration_exploitation.svg,72469,da8df0e84e5e78f6309ecac7ff7524d7c5674124875f09879ceb003bd80826b3
anonymous_review/figures/Figure_9_origin_future_optimum.pdf,16264,5fcb4b20be19f5182f87e0b78142f049904a8513b0c08ab3af2ae4f93dbffc24
anonymous_review/figures/Figure_9_origin_future_optimum.png,186765,dcf39bc044afb10c1bd65734ba5289a18a47703d4d64e86514731238cadae8c7
anonymous_review/figures/Figure_9_origin_future_optimum.svg,49057,054938c476db7d8bf749e486f758be49cc31377cd0ca68891de98083106bd0ea
anonymous_review/tables/Table_1_model_parameters.csv,1235,2363d6393a5043b9b818aacf3d37666d357bba7aa573806e5581e1987de422aa
anonymous_review/tables/Table_1_model_parameters.md,2700,abb4e5106a8f41d7d669192b0bf2932cfd22e4f660b3b4eb36f2f6f4e2f5cf42
anonymous_review/tables/Table_2_policies.csv,612,bc42c009ba8d23a15e8350fba3c06d82d1b1f9db6692bda6ee15732f5c998c72
anonymous_review/tables/Table_2_policies.md,1390,95ae57bf917c66d7349c7c106eed9611e62fa19e91f06dc085c3e35d2c580948
anonymous_review/tables/Table_3_sensitivity.csv,9762,213c28cc1e9d7d802732a7cd524a575f3aae762e0478bd8b04f853304daf5c77
anonymous_review/tables/Table_3_sensitivity.md,4560,82cae733df6d8d7c26d86b6524cb7053c592591795ec5da49768fe75126bbfa6
anonymous_review/tables/Table_4_sensitivity_interactions.csv,2753,2f22bf72160d4e549c81dad3091d27d633ea46daea0384c5cd667af4fe838f38
anonymous_review/tables/Table_4_sensitivity_interactions.md,5130,6d552f8ced915dfe2080e9ff95b9e62bfb04e29fc5f29b21e0b2221ac0249918
anonymous_review/tables/Table_5_empirical_coverage.csv,424,a2c0a3b19b31d30375eeb8d68dd924d4bd9359268221ab20fbf6f729210d6fce
anonymous_review/tables/Table_5_empirical_coverage.md,1010,6a4a25492f3abb9baa23921476af5bceb16d7359b6eba2bd6c0983844df72d3f
anonymous_review/tables/Table_6_empirical_evidence.csv,2562,898bf9411131a61c672735f5d768d7f52055c31fe545a5daf746a00748e0f5ea
anonymous_review/tables/Table_6_empirical_evidence.md,1526,5d17193db676563bec57278ade10e7e21a72be940005d6691a65ade5505aea20
anonymous_review/tables/Table_7_policy_outcomes.csv,1517,dcccaeb7c8c51f52805e3ffa5d9434b87bd5e406918787d599662cde1c37ac7b
anonymous_review/tables/Table_7_policy_outcomes.md,1870,606f75deb587a2276b28409507cfbfdeaca2fe7c623e05181a4f1a705a9495b8
anonymous_review/tables/Table_8_robustness.csv,3810,28dedc6f67803453290afabd2bbd20931c17c01d7e21d8c82c70658209be9da0
anonymous_review/tables/Table_8_robustness.md,5358,140da913613610a5ec00440e2823dd74389b86d85f8782990da1a7b289ad0c21
anonymous_review/tables/Table_9_information_weight_sensitivity.csv,846,70b42e3df3af178f33abdb5f27f1f21e692185a487f1e79d9d928e39c244be69
anonymous_review/tables/Table_9_information_weight_sensitivity.md,1408,eec392b2084d180d7487ca6f2fa5aec388727afb7b0c1f36a72255ec9be35771
