contrast,metric,n,estimate,mcse,lower,upper,final_estimate,final_lower,final_upper,estimate_change_from_final,lower_change_from_final,upper_change_from_final,sign,final_sign,sign_stable
S0,survival_100,24,0.0,0.0,0.0,0.0,0.0,0.0,0.0,0.0,0.0,0.0,0,0,True
S0,species_retained_100,24,0.0,0.0,0.0,0.0,0.0,0.0,0.0,0.0,0.0,0.0,0,0,True
S0,fraction_ebd,24,1.0,0.0,1.0,1.0,0.9947916666666666,1.0,1.0,0.00520833333333337,0.0,0.0,1,1,True
S0,mean_individual_welfare,24,0.3454817529304081,0.010853017259321075,0.24206795439914056,0.4064728431821311,0.34382301051663283,0.18360293400041053,0.4304567622093694,0.0016587424137752826,0.05846502039873003,-0.023983919027238287,1,1,True
S0,future_option_value,24,0.015196432025000664,0.001226855107451065,0.006020187521656836,0.024796666666666647,0.01486691888931702,0.005467445000000001,0.024796666666666647,0.00032951313568364317,0.0005527425216568351,0.0,1,1,True
S0,survival_100,48,0.0,0.0,0.0,0.0,0.0,0.0,0.0,0.0,0.0,0.0,0,0,True
S0,species_retained_100,48,0.0,0.0,0.0,0.0,0.0,0.0,0.0,0.0,0.0,0.0,0,0,True
S0,fraction_ebd,48,1.0,0.0,1.0,1.0,0.9947916666666666,1.0,1.0,0.00520833333333337,0.0,0.0,1,1,True
S0,mean_individual_welfare,48,0.34563406262213464,0.008114657069638945,0.20739822141877357,0.4095050322921404,0.34382301051663283,0.18360293400041053,0.4304567622093694,0.0018110521055018092,0.023795287418363037,-0.02095172991722899,1,1,True
S0,future_option_value,48,0.015763177575462417,0.0009078741365798817,0.0057224000000000025,0.024796666666666647,0.01486691888931702,0.005467445000000001,0.024796666666666647,0.0008962586861453962,0.00025495500000000115,0.0,1,1,True
S0,survival_100,96,0.0,0.0,0.0,0.0,0.0,0.0,0.0,0.0,0.0,0.0,0,0,True
S0,species_retained_100,96,0.0,0.0,0.0,0.0,0.0,0.0,0.0,0.0,0.0,0.0,0,0,True
S0,fraction_ebd,96,1.0,0.0,1.0,1.0,0.9947916666666666,1.0,1.0,0.00520833333333337,0.0,0.0,1,1,True
S0,mean_individual_welfare,96,0.3426310597996028,0.00610058120581772,0.2040689081892228,0.4085981019630231,0.34382301051663283,0.18360293400041053,0.4304567622093694,-0.0011919507170300436,0.02046597418881227,-0.021858660246346306,1,1,True
S0,future_option_value,96,0.016327262675109144,0.0006247861875983703,0.005720525000000002,0.024796666666666647,0.01486691888931702,0.005467445000000001,0.024796666666666647,0.0014603437857921234,0.000253080000000001,0.0,1,1,True
S0,survival_100,192,0.0,0.0,0.0,0.0,0.0,0.0,0.0,0.0,0.0,0.0,0,0,True
S0,species_retained_100,192,0.0,0.0,0.0,0.0,0.0,0.0,0.0,0.0,0.0,0.0,0,0,True
S0,fraction_ebd,192,0.9947916666666666,0.0029912475946960444,1.0,1.0,0.9947916666666666,1.0,1.0,0.0,0.0,0.0,1,1,True
S0,mean_individual_welfare,192,0.3378722057885574,0.004963114297958193,0.1843216955967904,0.4177939037509779,0.34382301051663283,0.18360293400041053,0.4304567622093694,-0.0059508047280754095,0.0007187615963798744,-0.01266285845839149,1,1,True
S0,future_option_value,192,0.015028386378070835,0.00047114378037588293,0.005516390562862429,0.024796666666666647,0.01486691888931702,0.005467445000000001,0.024796666666666647,0.00016146748875381367,4.8945562862427565e-05,0.0,1,1,True
S0,survival_100,384,0.0,0.0,0.0,0.0,0.0,0.0,0.0,0.0,0.0,0.0,0,0,True
S0,species_retained_100,384,0.0,0.0,0.0,0.0,0.0,0.0,0.0,0.0,0.0,0.0,0,0,True
S0,fraction_ebd,384,0.9947916666666666,0.002112368385443802,1.0,1.0,0.9947916666666666,1.0,1.0,0.0,0.0,0.0,1,1,True
S0,mean_individual_welfare,384,0.34382301051663283,0.00357881175428785,0.18360293400041053,0.4304567622093694,0.34382301051663283,0.18360293400041053,0.4304567622093694,0.0,0.0,0.0,1,1,True
S0,future_option_value,384,0.01486691888931702,0.00032670078202730676,0.005467445000000001,0.024796666666666647,0.01486691888931702,0.005467445000000001,0.024796666666666647,0.0,0.0,0.0,1,1,True
S1,survival_100,24,0.3125,0.047586686726680066,0.0,0.625,0.306640625,0.0,0.625,0.005859375,0.0,0.0,1,1,True
S1,species_retained_100,24,2.5,0.38069349381344053,0.0,5.0,2.453125,0.0,5.0,0.046875,0.0,0.0,1,1,True
S1,fraction_ebd,24,0.15277777777777776,0.04906191931630339,0.0,0.6666666666666666,0.18142361111111108,0.0,0.6666666666666666,-0.028645833333333315,0.0,0.0,1,1,True
S1,mean_individual_welfare,24,0.7242485877435086,0.009797290690080614,0.6085918623211195,0.7583184157183399,0.6743320690371651,0.3004334559605587,0.7587049007173634,0.049916518706343505,0.3081584063605608,-0.0003864849990234953,1,1,True
S1,future_option_value,24,0.2647493046092557,0.02783104796886252,0.07762988029974481,0.43192696976064987,0.25494273716954996,0.06442214042202883,0.43851520677106076,0.00980656743970576,0.01320773987771598,-0.006588237010410891,1,1,True
S1,survival_100,48,0.3567708333333333,0.03431139007665409,0.0,0.7281249999999995,0.306640625,0.0,0.625,0.050130208333333315,0.0,0.10312499999999947,1,1,True
S1,species_retained_100,48,2.8541666666666665,0.2744911206132327,0.0,5.824999999999996,2.453125,0.0,5.0,0.4010416666666665,0.0,0.8249999999999957,1,1,True
S1,fraction_ebd,48,0.13194444444444445,0.030973792484232817,0.0,0.6666666666666666,0.18142361111111108,0.0,0.6666666666666666,-0.04947916666666663,0.0,0.0,1,1,True
S1,mean_individual_welfare,48,0.7145336830403473,0.014091516435967984,0.3757965847601513,0.7583446011877696,0.6743320690371651,0.3004334559605587,0.7587049007173634,0.04020161400318212,0.07536312879959262,-0.0003602995295938216,1,1,True
S1,future_option_value,48,0.2852766279643793,0.019399958703302817,0.07256830649912631,0.469297605003915,0.25494273716954996,0.06442214042202883,0.43851520677106076,0.030333890794829343,0.008146166077097478,0.030782398232854224,1,1,True
S1,survival_100,96,0.3190104166666667,0.025906653851281186,0.0,0.703125,0.306640625,0.0,0.625,0.012369791666666685,0.0,0.078125,1,1,True
S1,species_retained_100,96,2.5520833333333335,0.2072532308102495,0.0,5.625,2.453125,0.0,5.0,0.09895833333333348,0.0,0.625,1,1,True
S1,fraction_ebd,96,0.15972222222222224,0.02150477454276498,0.0,0.6666666666666666,0.18142361111111108,0.0,0.6666666666666666,-0.02170138888888884,0.0,0.0,1,1,True
S1,mean_individual_welfare,96,0.6963764180371547,0.011202539775671717,0.37840883816511656,0.7584507333438798,0.6743320690371651,0.3004334559605587,0.7587049007173634,0.022044348999989527,0.07797538220455785,-0.00025416737348360474,1,1,True
S1,future_option_value,96,0.26396744512837705,0.014664407751782644,0.07027182372145994,0.4634501484040942,0.25494273716954996,0.06442214042202883,0.43851520677106076,0.009024707958827094,0.005849683299431113,0.024934941633033447,1,1,True
S1,survival_100,192,0.2955729166666667,0.018605820719838646,0.0,0.625,0.306640625,0.0,0.625,-0.011067708333333315,0.0,0.0,1,1,True
S1,species_retained_100,192,2.3645833333333335,0.14884656575870917,0.0,5.0,2.453125,0.0,5.0,-0.08854166666666652,0.0,0.0,1,1,True
S1,fraction_ebd,192,0.18576388888888887,0.01608287024439285,0.0,0.6666666666666666,0.18142361111111108,0.0,0.6666666666666666,0.00434027777777779,0.0,0.0,1,1,True
S1,mean_individual_welfare,192,0.6717927113008632,0.010222583720737885,0.2788406192478637,0.7585033326876768,0.6743320690371651,0.3004334559605587,0.7587049007173634,-0.0025393577363019837,-0.021592836712695018,-0.00020156802968662735,1,1,True
S1,future_option_value,192,0.24891770074872177,0.010523776343408986,0.06594023520838072,0.43953208698109175,0.25494273716954996,0.06442214042202883,0.43851520677106076,-0.006025036420828189,0.001518094786351884,0.0010168802100309904,1,1,True
S1,survival_100,384,0.306640625,0.013042530809649297,0.0,0.625,0.306640625,0.0,0.625,0.0,0.0,0.0,1,1,True
S1,species_retained_100,384,2.453125,0.10434024647719438,0.0,5.0,2.453125,0.0,5.0,0.0,0.0,0.0,1,1,True
S1,fraction_ebd,384,0.18142361111111108,0.011105468308722975,0.0,0.6666666666666666,0.18142361111111108,0.0,0.6666666666666666,0.0,0.0,0.0,1,1,True
S1,mean_individual_welfare,384,0.6743320690371651,0.007049424431435975,0.3004334559605587,0.7587049007173634,0.6743320690371651,0.3004334559605587,0.7587049007173634,0.0,0.0,0.0,1,1,True
S1,future_option_value,384,0.25494273716954996,0.007419380940539501,0.06442214042202883,0.43851520677106076,0.25494273716954996,0.06442214042202883,0.43851520677106076,0.0,0.0,0.0,1,1,True
S2,survival_100,24,0.125,0.015048231635721152,0.0,0.25,0.13151041666666666,0.0,0.25,-0.006510416666666657,0.0,0.0,1,1,True
S2,species_retained_100,24,1.0,0.12038585308576921,0.0,2.0,1.0520833333333333,0.0,2.0,-0.05208333333333326,0.0,0.0,1,1,True
S2,fraction_ebd,24,0.6527777777777777,0.04696577138973614,0.3333333333333333,1.0,0.6779513888888888,0.0,1.0,-0.02517361111111116,0.3333333333333333,0.0,1,1,True
S2,mean_individual_welfare,24,0.47145852133205524,0.008479040793286947,0.36736129820395685,0.5164279008257324,0.4720298729617826,0.30597277541343154,0.5175396212332094,-0.0005713516297273791,0.06138852279052531,-0.0011117204074769793,1,1,True
S2,future_option_value,24,0.11062741492448296,0.008814457965630167,0.02690067052805164,0.16871237043573692,0.11191907312930928,0.019148673705609624,0.17868035505190374,-0.0012916582048263237,0.007751996822442014,-0.009967984616166825,1,1,True
S2,survival_100,48,0.11979166666666667,0.009817662037581085,0.0,0.25,0.13151041666666666,0.0,0.25,-0.011718749999999986,0.0,0.0,1,1,True
S2,species_retained_100,48,0.9583333333333334,0.07854129630064868,0.0,2.0,1.0520833333333333,0.0,2.0,-0.09374999999999989,0.0,0.0,1,1,True
S2,fraction_ebd,48,0.6805555555555555,0.03131969506853013,0.3333333333333333,1.0,0.6779513888888888,0.0,1.0,0.0026041666666666297,0.3333333333333333,0.0,1,1,True
S2,mean_individual_welfare,48,0.4720084551979376,0.007199756228884466,0.34488947351988647,0.5222899957773431,0.4720298729617826,0.30597277541343154,0.5175396212332094,-2.1417763845010818e-05,0.03891669810645493,0.00475037454413374,1,1,True
S2,future_option_value,48,0.10677359750569719,0.005735406957599121,0.0288830634742071,0.17011132992961822,0.11191907312930928,0.019148673705609624,0.17868035505190374,-0.005145475623612089,0.009734389768597477,-0.008569025122285523,1,1,True
S2,survival_100,96,0.13151041666666666,0.007257074509523037,0.0,0.25,0.13151041666666666,0.0,0.25,0.0,0.0,0.0,1,1,True
S2,species_retained_100,96,1.0520833333333333,0.0580565960761843,0.0,2.0,1.0520833333333333,0.0,2.0,0.0,0.0,0.0,1,1,True
S2,fraction_ebd,96,0.7083333333333334,0.021087629292118007,0.3333333333333333,1.0,0.6779513888888888,0.0,1.0,0.03038194444444453,0.3333333333333333,0.0,1,1,True
S2,mean_individual_welfare,96,0.4750373592090997,0.004355653763946951,0.35216026628361924,0.5254577734102516,0.4720298729617826,0.30597277541343154,0.5175396212332094,0.0030074862473170594,0.0461874908701877,0.00791815217704217,1,1,True
S2,future_option_value,96,0.11353265929115834,0.004098761021955091,0.026139902558879293,0.1780828040123585,0.11191907312930928,0.019148673705609624,0.17868035505190374,0.0016135861618490621,0.006991228853269669,-0.0005975510395452577,1,1,True
S2,survival_100,192,0.13411458333333334,0.0053421070304954625,0.0,0.25,0.13151041666666666,0.0,0.25,0.002604166666666685,0.0,0.0,1,1,True
S2,species_retained_100,192,1.0729166666666667,0.0427368562439637,0.0,2.0,1.0520833333333333,0.0,2.0,0.02083333333333348,0.0,0.0,1,1,True
S2,fraction_ebd,192,0.7118055555555555,0.016187030883167464,0.3333333333333333,1.0,0.6779513888888888,0.0,1.0,0.03385416666666663,0.3333333333333333,0.0,1,1,True
S2,mean_individual_welfare,192,0.47124927545226275,0.0034486677797129226,0.3222539730238138,0.5198140969239632,0.4720298729617826,0.30597277541343154,0.5175396212332094,-0.0007805975095198647,0.01628119761038227,0.0022744756907537855,1,1,True
S2,future_option_value,192,0.1131733991953769,0.0030048715290999016,0.021197364445003627,0.18330880615442532,0.11191907312930928,0.019148673705609624,0.17868035505190374,0.0012543260660676236,0.002048690739394003,0.00462845110252158,1,1,True
S2,survival_100,384,0.13151041666666666,0.003555023281892082,0.0,0.25,0.13151041666666666,0.0,0.25,0.0,0.0,0.0,1,1,True
S2,species_retained_100,384,1.0520833333333333,0.028440186255136658,0.0,2.0,1.0520833333333333,0.0,2.0,0.0,0.0,0.0,1,1,True
S2,fraction_ebd,384,0.6779513888888888,0.012790948873995938,0.0,1.0,0.6779513888888888,0.0,1.0,0.0,0.0,0.0,1,1,True
S2,mean_individual_welfare,384,0.4720298729617826,0.0025910910027964157,0.30597277541343154,0.5175396212332094,0.4720298729617826,0.30597277541343154,0.5175396212332094,0.0,0.0,0.0,1,1,True
S2,future_option_value,384,0.11191907312930928,0.002032010449818743,0.019148673705609624,0.17868035505190374,0.11191907312930928,0.019148673705609624,0.17868035505190374,0.0,0.0,0.0,1,1,True
S3,survival_100,24,0.3125,0.015048231635721152,0.19687500000000002,0.375,0.3251953125,0.125,0.375,-0.0126953125,0.07187500000000002,0.0,1,1,True
S3,species_retained_100,24,2.5,0.12038585308576921,1.5750000000000002,3.0,2.6015625,1.0,3.0,-0.1015625,0.5750000000000002,0.0,1,1,True
S3,fraction_ebd,24,0.4305555555555555,0.05487200252678027,0.0,0.8083333333333336,0.40277777777777785,0.0,1.0,0.02777777777777768,0.0,-0.19166666666666643,1,1,True
S3,mean_individual_welfare,24,0.5922110292578594,0.007713033744693992,0.5247144798107329,0.6356175666488759,0.5882539298633255,0.5140579043634191,0.6315339843336466,0.003957099394533925,0.010656575447313799,0.004083582315229317,1,1,True
S3,future_option_value,24,0.2401599657153736,0.006854239349308412,0.18336667146884209,0.2788751927953269,0.24322912382304748,0.13619042810304388,0.28753807633426864,-0.003069158107673886,0.047176243365798204,-0.008662883538941735,1,1,True
S3,survival_100,48,0.3098958333333333,0.011158999150549397,0.125,0.375,0.3251953125,0.125,0.375,-0.015299479166666685,0.0,0.0,1,1,True
S3,species_retained_100,48,2.4791666666666665,0.08927199320439518,1.0,3.0,2.6015625,1.0,3.0,-0.12239583333333348,0.0,0.0,1,1,True
S3,fraction_ebd,48,0.40972222222222215,0.03611281592629698,0.0,0.9416666666666652,0.40277777777777785,0.0,1.0,0.006944444444444309,0.0,-0.05833333333333479,1,1,True
S3,mean_individual_welfare,48,0.5949159212448396,0.004960113318230269,0.521749383197529,0.6390590148031415,0.5882539298633255,0.5140579043634191,0.6315339843336466,0.006661991381514132,0.007691478834109811,0.007525030469494931,1,1,True
S3,future_option_value,48,0.23757658406982918,0.005414035606437503,0.15217940024044355,0.28090035284998044,0.24322912382304748,0.13619042810304388,0.28753807633426864,-0.005652539753218305,0.015988972137399665,-0.006637723484288205,1,1,True
S3,survival_100,96,0.31640625,0.007843278188787552,0.125,0.375,0.3251953125,0.125,0.375,-0.0087890625,0.0,0.0,1,1,True
S3,species_retained_100,96,2.53125,0.06274622551030042,1.0,3.0,2.6015625,1.0,3.0,-0.0703125,0.0,0.0,1,1,True
S3,fraction_ebd,96,0.3993055555555556,0.026407637999343175,0.0,1.0,0.40277777777777785,0.0,1.0,-0.0034722222222222654,0.0,0.0,1,1,True
S3,mean_individual_welfare,96,0.5883328940253794,0.0046514656820234555,0.5174773727513123,0.6343172891234954,0.5882539298633255,0.5140579043634191,0.6315339843336466,7.896416205388501e-05,0.0034194683878931986,0.002783304789848784,1,1,True
S3,future_option_value,96,0.24158730749069302,0.004002590997370964,0.1561728198895896,0.2858179971423624,0.24322912382304748,0.13619042810304388,0.28753807633426864,-0.0016418163323544677,0.019982391786545706,-0.0017200791919062541,1,1,True
S3,survival_100,192,0.318359375,0.005822903142028489,0.125,0.375,0.3251953125,0.125,0.375,-0.0068359375,0.0,0.0,1,1,True
S3,species_retained_100,192,2.546875,0.04658322513622791,1.0,3.0,2.6015625,1.0,3.0,-0.0546875,0.0,0.0,1,1,True
S3,fraction_ebd,192,0.421875,0.018864432092238863,0.0,1.0,0.40277777777777785,0.0,1.0,0.019097222222222154,0.0,0.0,1,1,True
S3,mean_individual_welfare,192,0.5876149450649253,0.0027818596003813634,0.5193812323851938,0.6314687926829975,0.5882539298633255,0.5140579043634191,0.6315339843336466,-0.0006389847984001884,0.005323328021774709,-6.519165064911014e-05,1,1,True
S3,future_option_value,192,0.24079995120227352,0.002926239731032809,0.1334846604398638,0.28681266222503293,0.24322912382304748,0.13619042810304388,0.28753807633426864,-0.0024291726207739672,-0.002705767663180092,-0.0007254141092357114,1,1,True
S3,survival_100,384,0.3251953125,0.003965821627987677,0.125,0.375,0.3251953125,0.125,0.375,0.0,0.0,0.0,1,1,True
S3,species_retained_100,384,2.6015625,0.03172657302390142,1.0,3.0,2.6015625,1.0,3.0,0.0,0.0,0.0,1,1,True
S3,fraction_ebd,384,0.40277777777777785,0.013390386589592103,0.0,1.0,0.40277777777777785,0.0,1.0,0.0,0.0,0.0,1,1,True
S3,mean_individual_welfare,384,0.5882539298633255,0.002036531487714462,0.5140579043634191,0.6315339843336466,0.5882539298633255,0.5140579043634191,0.6315339843336466,0.0,0.0,0.0,1,1,True
S3,future_option_value,384,0.24322912382304748,0.0020213799201398075,0.13619042810304388,0.28753807633426864,0.24322912382304748,0.13619042810304388,0.28753807633426864,0.0,0.0,0.0,1,1,True
S4,survival_100,24,0.34375,0.022883704885253226,0.125,0.5,0.3603515625,0.125,0.625,-0.0166015625,0.0,-0.125,1,1,True
S4,species_retained_100,24,2.75,0.1830696390820258,1.0,4.0,2.8828125,1.0,5.0,-0.1328125,0.0,-1.0,1,1,True
S4,fraction_ebd,24,0.375,0.0462459468563908,0.0,0.6666666666666666,0.37326388888888884,0.0,0.6666666666666666,0.0017361111111111605,0.0,0.0,1,1,True
S4,mean_individual_welfare,24,0.6095997157903478,0.008015540379724576,0.5252281174362269,0.6575123588531284,0.6091822909110551,0.5531778928617348,0.6595856882989203,0.0004174248792926383,-0.027949775425507917,-0.0020733294457918605,1,1,True
S4,future_option_value,24,0.2517287715807423,0.011723685404863569,0.13448855877568894,0.3396604207322629,0.25488148776733927,0.13602866499048008,0.3745284504824794,-0.00315271618659696,-0.0015401062147911426,-0.03486802975021652,1,1,True
S4,survival_100,48,0.3463541666666667,0.018323905286531134,0.125,0.5,0.3603515625,0.125,0.625,-0.013997395833333315,0.0,-0.125,1,1,True
S4,species_retained_100,48,2.7708333333333335,0.14659124229224907,1.0,4.0,2.8828125,1.0,5.0,-0.11197916666666652,0.0,-1.0,1,1,True
S4,fraction_ebd,48,0.3680555555555555,0.03327356244786778,0.0,0.6666666666666666,0.37326388888888884,0.0,0.6666666666666666,-0.005208333333333315,0.0,0.0,1,1,True
S4,mean_individual_welfare,48,0.6114088913023501,0.004792775615440618,0.5347790075676007,0.6588923345792078,0.6091822909110551,0.5531778928617348,0.6595856882989203,0.002226600391294964,-0.018398885294134137,-0.000693353719712464,1,1,True
S4,future_option_value,48,0.250610090652831,0.009388566182154329,0.1392356151193682,0.34358344515166955,0.25488148776733927,0.13602866499048008,0.3745284504824794,-0.004271397114508246,0.0032069501288881086,-0.03094500533080985,1,1,True
S4,survival_100,96,0.3645833333333333,0.012091270835166862,0.125,0.5,0.3603515625,0.125,0.625,0.004231770833333315,0.0,-0.125,1,1,True
S4,species_retained_100,96,2.9166666666666665,0.0967301666813349,1.0,4.0,2.8828125,1.0,5.0,0.03385416666666652,0.0,-1.0,1,1,True
S4,fraction_ebd,96,0.375,0.024308166108761683,0.0,0.6666666666666666,0.37326388888888884,0.0,0.6666666666666666,0.0017361111111111605,0.0,0.0,1,1,True
S4,mean_individual_welfare,96,0.6125468785663483,0.0029880336749002236,0.556256913655964,0.6612625418465432,0.6091822909110551,0.5531778928617348,0.6595856882989203,0.0033645876552931275,0.0030790207942291703,0.0016768535476229252,1,1,True
S4,future_option_value,96,0.2609770645554364,0.006242906406199953,0.14238272659700785,0.34349616278668543,0.25488148776733927,0.13602866499048008,0.3745284504824794,0.0060955767880971345,0.006354061606527767,-0.03103228769579397,1,1,True
S4,survival_100,192,0.357421875,0.009212781871241364,0.125,0.5,0.3603515625,0.125,0.625,-0.0029296875,0.0,-0.125,1,1,True
S4,species_retained_100,192,2.859375,0.07370225496993091,1.0,4.0,2.8828125,1.0,5.0,-0.0234375,0.0,-1.0,1,1,True
S4,fraction_ebd,192,0.38715277777777773,0.018420879448314727,0.0,0.6666666666666666,0.37326388888888884,0.0,0.6666666666666666,0.013888888888888895,0.0,0.0,1,1,True
S4,mean_individual_welfare,192,0.6084820515419338,0.0021479566791472223,0.553249409245482,0.6597632987885022,0.6091822909110551,0.5531778928617348,0.6595856882989203,-0.000700239369121336,7.151638374724989e-05,0.00017761048958186976,1,1,True
S4,future_option_value,192,0.25451621992326207,0.004889254936263861,0.1349293239331465,0.34881631277725705,0.25488148776733927,0.13602866499048008,0.3745284504824794,-0.0003652678440771995,-0.001099341057333586,-0.02571213770522235,1,1,True
S4,survival_100,384,0.3603515625,0.006516681840452472,0.125,0.625,0.3603515625,0.125,0.625,0.0,0.0,0.0,1,1,True
S4,species_retained_100,384,2.8828125,0.05213345472361978,1.0,5.0,2.8828125,1.0,5.0,0.0,0.0,0.0,1,1,True
S4,fraction_ebd,384,0.37326388888888884,0.012906479160178553,0.0,0.6666666666666666,0.37326388888888884,0.0,0.6666666666666666,0.0,0.0,0.0,1,1,True
S4,mean_individual_welfare,384,0.6091822909110551,0.0018871820566916827,0.5531778928617348,0.6595856882989203,0.6091822909110551,0.5531778928617348,0.6595856882989203,0.0,0.0,0.0,1,1,True
S4,future_option_value,384,0.25488148776733927,0.003437937809290801,0.13602866499048008,0.3745284504824794,0.25488148776733927,0.13602866499048008,0.3745284504824794,0.0,0.0,0.0,1,1,True
S5,survival_100,24,0.3697916666666667,0.024356722368104218,0.19687500000000002,0.5531250000000001,0.3548177083333333,0.125,0.5,0.01497395833333337,0.07187500000000002,0.05312500000000009,1,1,True
S5,species_retained_100,24,2.9583333333333335,0.19485377894483374,1.5750000000000002,4.425000000000001,2.8385416666666665,1.0,4.0,0.11979166666666696,0.5750000000000002,0.4250000000000007,1,1,True
S5,fraction_ebd,24,0.2222222222222222,0.04776260853450529,0.0,0.6666666666666666,0.3081597222222222,0.0,0.6666666666666666,-0.0859375,0.0,0.0,1,1,True
S5,mean_individual_welfare,24,0.6088211060136518,0.006719982372035066,0.5473406035927522,0.6668987879171683,0.6113044227538315,0.558621914904157,0.6615823619668898,-0.002483316740179653,-0.011281311311404862,0.0053164259502784805,1,1,True
S5,future_option_value,24,0.26303954903224086,0.011817021537507213,0.1676985973911369,0.3532147348152213,0.2528907334613738,0.12176271801454949,0.34513056239309026,0.010148815570867054,0.04593587937658741,0.008084172422131053,1,1,True
S5,survival_100,48,0.3541666666666667,0.018359306231323348,0.125,0.5,0.3548177083333333,0.125,0.5,-0.0006510416666666297,0.0,0.0,1,1,True
S5,species_retained_100,48,2.8333333333333335,0.14687444985058679,1.0,4.0,2.8385416666666665,1.0,4.0,-0.005208333333333037,0.0,0.0,1,1,True
S5,fraction_ebd,48,0.27777777777777773,0.034854947276091564,0.0,0.6666666666666666,0.3081597222222222,0.0,0.6666666666666666,-0.030381944444444475,0.0,0.0,1,1,True
S5,mean_individual_welfare,48,0.6089702017890736,0.0070390114051434366,0.545983004103006,0.6598289734146354,0.6113044227538315,0.558621914904157,0.6615823619668898,-0.0023342209647578827,-0.012638910801150982,-0.0017533885522543757,1,1,True
S5,future_option_value,48,0.25468949112215394,0.009686918278473733,0.1421695402367983,0.3420480111591922,0.2528907334613738,0.12176271801454949,0.34513056239309026,0.001798757660780137,0.020406822222248794,-0.0030825512338980565,1,1,True
S5,survival_100,96,0.3671875,0.012111917001159746,0.125,0.5,0.3548177083333333,0.125,0.5,0.012369791666666685,0.0,0.0,1,1,True
S5,species_retained_100,96,2.9375,0.09689533600927797,1.0,4.0,2.8385416666666665,1.0,4.0,0.09895833333333348,0.0,0.0,1,1,True
S5,fraction_ebd,96,0.2951388888888889,0.02605932637086354,0.0,0.6666666666666666,0.3081597222222222,0.0,0.6666666666666666,-0.013020833333333315,0.0,0.0,1,1,True
S5,mean_individual_welfare,96,0.6113607232938857,0.003905344163929405,0.5525381390293648,0.6603710306355489,0.6113044227538315,0.558621914904157,0.6615823619668898,5.6300540054232684e-05,-0.006083775874792252,-0.0012113313313408813,1,1,True
S5,future_option_value,96,0.2624321730225087,0.006450541758991558,0.14093134008648014,0.3421380198113112,0.2528907334613738,0.12176271801454949,0.34513056239309026,0.009541439561134901,0.019168622071930652,-0.0029925425817790563,1,1,True
S5,survival_100,192,0.35546875,0.009168958660340362,0.125,0.5,0.3548177083333333,0.125,0.5,0.0006510416666666852,0.0,0.0,1,1,True
S5,species_retained_100,192,2.84375,0.0733516692827229,1.0,4.0,2.8385416666666665,1.0,4.0,0.005208333333333481,0.0,0.0,1,1,True
S5,fraction_ebd,192,0.31597222222222215,0.018705239270889917,0.0,0.6666666666666666,0.3081597222222222,0.0,0.6666666666666666,0.0078124999999999445,0.0,0.0,1,1,True
S5,mean_individual_welfare,192,0.6085855043259399,0.0030684134299301473,0.5482649786962538,0.6613120421089398,0.6113044227538315,0.558621914904157,0.6615823619668898,-0.0027189184278915146,-0.010356936207903233,-0.0002703198579500077,1,1,True
S5,future_option_value,192,0.2537107226207455,0.004980000773398845,0.10454827799104996,0.3440035353973721,0.2528907334613738,0.12176271801454949,0.34513056239309026,0.0008199891593717035,-0.017214440023499533,-0.00112702699571815,1,1,True
S5,survival_100,384,0.3548177083333333,0.006387114996290895,0.125,0.5,0.3548177083333333,0.125,0.5,0.0,0.0,0.0,1,1,True
S5,species_retained_100,384,2.8385416666666665,0.05109691997032716,1.0,4.0,2.8385416666666665,1.0,4.0,0.0,0.0,0.0,1,1,True
S5,fraction_ebd,384,0.3081597222222222,0.01297421181599084,0.0,0.6666666666666666,0.3081597222222222,0.0,0.6666666666666666,0.0,0.0,0.0,1,1,True
S5,mean_individual_welfare,384,0.6113044227538315,0.001920305428860383,0.558621914904157,0.6615823619668898,0.6113044227538315,0.558621914904157,0.6615823619668898,0.0,0.0,0.0,1,1,True
S5,future_option_value,384,0.2528907334613738,0.003423421402570997,0.12176271801454949,0.34513056239309026,0.2528907334613738,0.12176271801454949,0.34513056239309026,0.0,0.0,0.0,1,1,True
S6,survival_100,24,0.5677083333333334,0.053192447948179705,0.07187500000000001,0.875,0.5146484375,0.0,0.875,0.05305989583333337,0.07187500000000001,0.0,1,1,True
S6,species_retained_100,24,4.541666666666667,0.42553958358543764,0.5750000000000001,7.0,4.1171875,0.0,7.0,0.42447916666666696,0.5750000000000001,0.0,1,1,True
S6,fraction_ebd,24,0.125,0.04401589889889353,0.0,0.6666666666666666,0.16927083333333334,0.0,0.6666666666666666,-0.04427083333333334,0.0,0.0,1,1,True
S6,mean_individual_welfare,24,0.7614711601573187,0.004450286574849746,0.718133240392416,0.7803574903349293,0.7307903362092222,0.3643966742848343,0.7807475117154749,0.03068082394809657,0.3537365661075817,-0.0003900213805455577,1,1,True
S6,future_option_value,24,0.3916121493023259,0.02828375901655647,0.11906128931787847,0.5520727696440001,0.36387981587464097,0.07014358250493949,0.5534423095730128,0.02773233342768494,0.048917706812938985,-0.0013695399290126753,1,1,True
S6,survival_100,48,0.5651041666666666,0.03550187588170485,0.0,0.875,0.5146484375,0.0,0.875,0.05045572916666663,0.0,0.0,1,1,True
S6,species_retained_100,48,4.520833333333333,0.2840150070536388,0.0,7.0,4.1171875,0.0,7.0,0.40364583333333304,0.0,0.0,1,1,True
S6,fraction_ebd,48,0.1597222222222222,0.03436578278651711,0.0,0.6666666666666666,0.16927083333333334,0.0,0.6666666666666666,-0.009548611111111133,0.0,0.0,1,1,True
S6,mean_individual_welfare,48,0.7521407464282998,0.011024263459505284,0.6475163440394649,0.7812903244479971,0.7307903362092222,0.3643966742848343,0.7807475117154749,0.021350410219077576,0.2831196697546306,0.0005428127325222132,1,1,True
S6,future_option_value,48,0.3920845475052673,0.01926462955631061,0.0758251065717143,0.550233571592041,0.36387981587464097,0.07014358250493949,0.5534423095730128,0.028204731630626312,0.005681524066774815,-0.0032087379809717653,1,1,True
S6,survival_100,96,0.53125,0.02707911573098224,0.0,0.875,0.5146484375,0.0,0.875,0.0166015625,0.0,0.0,1,1,True
S6,species_retained_100,96,4.25,0.21663292584785793,0.0,7.0,4.1171875,0.0,7.0,0.1328125,0.0,0.0,1,1,True
S6,fraction_ebd,96,0.1597222222222222,0.02417204349676743,0.0,0.6666666666666666,0.16927083333333334,0.0,0.6666666666666666,-0.009548611111111133,0.0,0.0,1,1,True
S6,mean_individual_welfare,96,0.7399066271582657,0.009314768507220256,0.4424661998935085,0.7807027119776725,0.7307903362092222,0.3643966742848343,0.7807475117154749,0.009116290949043537,0.0780695256086742,-4.479973780235902e-05,1,1,True
S6,future_option_value,96,0.3741009160826869,0.014714151520829867,0.07245535794033309,0.552789751773193,0.36387981587464097,0.07014358250493949,0.5534423095730128,0.010221100208045952,0.002311775435393598,-0.000652557799819764,1,1,True
S6,survival_100,192,0.50390625,0.0209673288877133,0.0,0.875,0.5146484375,0.0,0.875,-0.0107421875,0.0,0.0,1,1,True
S6,species_retained_100,192,4.03125,0.1677386311017064,0.0,7.0,4.1171875,0.0,7.0,-0.0859375,0.0,0.0,1,1,True
S6,fraction_ebd,192,0.16666666666666666,0.016695728008120993,0.0,0.6666666666666666,0.16927083333333334,0.0,0.6666666666666666,-0.002604166666666685,0.0,0.0,1,1,True
S6,mean_individual_welfare,192,0.7264901975841974,0.008324296380848766,0.32685766727873183,0.7806506766061255,0.7307903362092222,0.3643966742848343,0.7807475117154749,-0.004300138625024763,-0.037539007006102465,-9.683510934932471e-05,1,1,True
S6,future_option_value,192,0.35823839963038023,0.011269799980114962,0.07151572324995492,0.5530047705847873,0.36387981587464097,0.07014358250493949,0.5534423095730128,-0.005641416244260733,0.0013721407450154322,-0.0004375389882255165,1,1,True
S6,survival_100,384,0.5146484375,0.014655688388919579,0.0,0.875,0.5146484375,0.0,0.875,0.0,0.0,0.0,1,1,True
S6,species_retained_100,384,4.1171875,0.11724550711135663,0.0,7.0,4.1171875,0.0,7.0,0.0,0.0,0.0,1,1,True
S6,fraction_ebd,384,0.16927083333333334,0.01146460559992647,0.0,0.6666666666666666,0.16927083333333334,0.0,0.6666666666666666,0.0,0.0,0.0,1,1,True
S6,mean_individual_welfare,384,0.7307903362092222,0.0053644503346437595,0.3643966742848343,0.7807475117154749,0.7307903362092222,0.3643966742848343,0.7807475117154749,0.0,0.0,0.0,1,1,True
S6,future_option_value,384,0.36387981587464097,0.007939050232830619,0.07014358250493949,0.5534423095730128,0.36387981587464097,0.07014358250493949,0.5534423095730128,0.0,0.0,0.0,1,1,True
S7,survival_100,24,0.515625,0.03709969005007447,0.19687500000000002,0.75,0.4573567708333333,0.0,0.75,0.058268229166666685,0.19687500000000002,0.0,1,1,True
S7,species_retained_100,24,4.125,0.29679752040059576,1.5750000000000002,6.0,3.6588541666666665,0.0,6.0,0.4661458333333335,1.5750000000000002,0.0,1,1,True
S7,fraction_ebd,24,0.18055555555555555,0.04477159185763281,0.0,0.6666666666666666,0.23090277777777776,0.0,0.6666666666666666,-0.05034722222222221,0.0,0.0,1,1,True
S7,mean_individual_welfare,24,0.599743789203969,0.018733952199352304,0.43317959584465865,0.7319067497541308,0.6171560201220988,0.43520924489449303,0.7416642558885167,-0.017412230918129823,-0.002029649049834381,-0.009757506134385863,1,1,True
S7,future_option_value,24,0.35656692993832473,0.019191390859525696,0.18622589818309243,0.48369901192812026,0.3231467968219183,0.06962795744087318,0.47718937247339266,0.0334201331164064,0.11659794074221926,0.0065096394547276,1,1,True
S7,survival_100,48,0.4713541666666667,0.02530826767582448,0.125,0.75,0.4573567708333333,0.0,0.75,0.01399739583333337,0.125,0.0,1,1,True
S7,species_retained_100,48,3.7708333333333335,0.20246614140659583,1.0,6.0,3.6588541666666665,0.0,6.0,0.11197916666666696,1.0,0.0,1,1,True
S7,fraction_ebd,48,0.19444444444444442,0.032666698830816736,0.0,0.6666666666666666,0.23090277777777776,0.0,0.6666666666666666,-0.03645833333333334,0.0,0.0,1,1,True
S7,mean_individual_welfare,48,0.6224556231632274,0.013141467290116355,0.43773141812116695,0.7400558118546084,0.6171560201220988,0.43520924489449303,0.7416642558885167,0.005299603041128642,0.0025221732266739183,-0.0016084440339082517,1,1,True
S7,future_option_value,48,0.3325164060650574,0.013305801702215727,0.14438276463820712,0.48234694060386724,0.3231467968219183,0.06962795744087318,0.47718937247339266,0.009369609243139065,0.07475480719733395,0.005157568130474577,1,1,True
S7,survival_100,96,0.48828125,0.018518131839514965,0.125,0.75,0.4573567708333333,0.0,0.75,0.030924479166666685,0.125,0.0,1,1,True
S7,species_retained_100,96,3.90625,0.14814505471611972,1.0,6.0,3.6588541666666665,0.0,6.0,0.24739583333333348,1.0,0.0,1,1,True
S7,fraction_ebd,96,0.21180555555555555,0.02373494786517221,0.0,0.6666666666666666,0.23090277777777776,0.0,0.6666666666666666,-0.01909722222222221,0.0,0.0,1,1,True
S7,mean_individual_welfare,96,0.6024881367148521,0.009248522944980863,0.43347405056080157,0.7408431524486794,0.6171560201220988,0.43520924489449303,0.7416642558885167,-0.014667883407246673,-0.0017351943336914588,-0.0008211034398373229,1,1,True
S7,future_option_value,96,0.3422795897533899,0.009898474029827659,0.13859048804282725,0.48108236778296365,0.3231467968219183,0.06962795744087318,0.47718937247339266,0.019132792931471576,0.06896253060195408,0.00389299530957099,1,1,True
S7,survival_100,192,0.455078125,0.014274106080179781,0.0,0.75,0.4573567708333333,0.0,0.75,-0.002278645833333315,0.0,0.0,1,1,True
S7,species_retained_100,192,3.640625,0.11419284864143825,0.0,6.0,3.6588541666666665,0.0,6.0,-0.01822916666666652,0.0,0.0,1,1,True
S7,fraction_ebd,192,0.23611111111111108,0.01772274604823256,0.0,0.6666666666666666,0.23090277777777776,0.0,0.6666666666666666,0.005208333333333315,0.0,0.0,1,1,True
S7,mean_individual_welfare,192,0.6070256000556064,0.006398266794587937,0.43480830310958046,0.7405888383951728,0.6171560201220988,0.43520924489449303,0.7416642558885167,-0.010130420066492452,-0.0004009417849125674,-0.0010754174933439442,1,1,True
S7,future_option_value,192,0.3228049990070387,0.007701276127787134,0.06886684342564979,0.4793017824774895,0.3231467968219183,0.06962795744087318,0.47718937247339266,-0.0003417978148796408,-0.0007611140152233853,0.002112410004096843,1,1,True
S7,survival_100,384,0.4573567708333333,0.009571427165139005,0.0,0.75,0.4573567708333333,0.0,0.75,0.0,0.0,0.0,1,1,True
S7,species_retained_100,384,3.6588541666666665,0.07657141732111204,0.0,6.0,3.6588541666666665,0.0,6.0,0.0,0.0,0.0,1,1,True
S7,fraction_ebd,384,0.23090277777777776,0.011972717005715637,0.0,0.6666666666666666,0.23090277777777776,0.0,0.6666666666666666,0.0,0.0,0.0,1,1,True
S7,mean_individual_welfare,384,0.6171560201220988,0.004544789028807068,0.43520924489449303,0.7416642558885167,0.6171560201220988,0.43520924489449303,0.7416642558885167,0.0,0.0,0.0,1,1,True
S7,future_option_value,384,0.3231467968219183,0.005167198405632281,0.06962795744087318,0.47718937247339266,0.3231467968219183,0.06962795744087318,0.47718937247339266,0.0,0.0,0.0,1,1,True
S7-S6,survival_100,24,-0.052083333333333336,0.0642493702858293,-0.678125,0.4812500000000002,-0.057291666666666664,-0.625,0.625,0.005208333333333329,-0.05312499999999998,-0.14374999999999982,-1,-1,True
S7-S6,species_retained_100,24,-0.4166666666666667,0.5139949622866344,-5.425,3.8500000000000014,-0.4583333333333333,-5.0,5.0,0.04166666666666663,-0.4249999999999998,-1.1499999999999986,-1,-1,True
S7-S6,fraction_ebd,24,0.05555555555555555,0.04334386097808299,-0.3333333333333333,0.4750000000000002,0.06163194444444444,-0.3333333333333333,0.47500000000000375,-0.006076388888888888,0.0,-3.552713678800501e-15,1,1,True
S7-S6,mean_individual_welfare,24,-0.16172737095334974,0.01822254733298422,-0.31145501270584025,-0.008708009137795139,-0.11363431608712332,-0.25932014470834264,0.19610453616279758,-0.04809305486622642,-0.052134867997497614,-0.20481254530059273,-1,-1,True
S7-S6,future_option_value,24,-0.035045219364001144,0.03291417402797175,-0.34760655467090495,0.24883394094398445,-0.04073301905272259,-0.33207672721295134,0.3156501415031051,0.005687799688721448,-0.015529827457953616,-0.06681620055912066,-1,-1,True
S7-S6,survival_100,48,-0.09375,0.043002736800585445,-0.625,0.6031249999999995,-0.057291666666666664,-0.625,0.625,-0.036458333333333336,0.0,-0.021875000000000533,-1,-1,True
S7-S6,species_retained_100,48,-0.75,0.34402189440468356,-5.0,4.824999999999996,-0.4583333333333333,-5.0,5.0,-0.2916666666666667,0.0,-0.17500000000000426,-1,-1,True
S7-S6,fraction_ebd,48,0.03472222222222222,0.030168268790530625,-0.3333333333333333,0.3333333333333333,0.06163194444444444,-0.3333333333333333,0.47500000000000375,-0.026909722222222224,0.0,-0.14166666666667044,1,1,True
S7-S6,mean_individual_welfare,48,-0.1296851232650723,0.013849158986642329,-0.28121035423290175,0.03673266011489755,-0.11363431608712332,-0.25932014470834264,0.19610453616279758,-0.01605080717794899,-0.021890209524559112,-0.15937187604790004,-1,-1,True
S7-S6,future_option_value,48,-0.05956814144020992,0.022503909281942056,-0.33150726072931014,0.30772194739519704,-0.04073301905272259,-0.33207672721295134,0.3156501415031051,-0.01883512238748733,0.0005694664836412011,-0.007928194107908071,-1,-1,True
S7-S6,survival_100,96,-0.04296875,0.03079872210952987,-0.625,0.625,-0.057291666666666664,-0.625,0.625,0.014322916666666664,0.0,0.0,-1,-1,True
S7-S6,species_retained_100,96,-0.34375,0.24638977687623895,-5.0,5.0,-0.4583333333333333,-5.0,5.0,0.11458333333333331,0.0,0.0,-1,-1,True
S7-S6,fraction_ebd,96,0.05208333333333332,0.023325042908977748,-0.3333333333333333,0.5416666666666666,0.06163194444444444,-0.3333333333333333,0.47500000000000375,-0.009548611111111119,0.0,0.06666666666666288,1,1,True
S7-S6,mean_individual_welfare,96,-0.13741849044341356,0.009976315709283428,-0.28008914013288827,0.10418166349520476,-0.11363431608712332,-0.25932014470834264,0.19610453616279758,-0.02378417435629024,-0.020768995424545633,-0.09192287266759282,-1,-1,True
S7-S6,future_option_value,96,-0.03182132632929697,0.01638240916689014,-0.32356428137556553,0.3277216268620536,-0.04073301905272259,-0.33207672721295134,0.3156501415031051,0.008911692723425624,0.008512445837385807,0.012071485358948475,-1,-1,True
S7-S6,survival_100,192,-0.048828125,0.023185758307861404,-0.653125,0.625,-0.057291666666666664,-0.625,0.625,0.008463541666666664,-0.028124999999999956,0.0,-1,-1,True
S7-S6,species_retained_100,192,-0.390625,0.18548606646289123,-5.225,5.0,-0.4583333333333333,-5.0,5.0,0.06770833333333331,-0.22499999999999964,0.0,-1,-1,True
S7-S6,fraction_ebd,192,0.06944444444444443,0.015536377690336892,-0.3333333333333333,0.6666666666666666,0.06163194444444444,-0.3333333333333333,0.47500000000000375,0.007812499999999993,0.0,0.19166666666666288,1,1,True
S7-S6,mean_individual_welfare,192,-0.119464597528591,0.008071846577794653,-0.2659447029796277,0.16116652588820973,-0.11363431608712332,-0.25932014470834264,0.19610453616279758,-0.005830281441467675,-0.006624558271285053,-0.034938010274587844,-1,-1,True
S7-S6,future_option_value,192,-0.035433400623341556,0.012324484936969558,-0.3436831597415395,0.3303032968045866,-0.04073301905272259,-0.33207672721295134,0.3156501415031051,0.005299618429381037,-0.011606432528588173,0.01465315530148148,-1,-1,True
S7-S6,survival_100,384,-0.057291666666666664,0.01583214160578554,-0.625,0.625,-0.057291666666666664,-0.625,0.625,0.0,0.0,0.0,-1,-1,True
S7-S6,species_retained_100,384,-0.4583333333333333,0.12665713284628433,-5.0,5.0,-0.4583333333333333,-5.0,5.0,0.0,0.0,0.0,-1,-1,True
S7-S6,fraction_ebd,384,0.06163194444444444,0.010781870321633564,-0.3333333333333333,0.47500000000000375,0.06163194444444444,-0.3333333333333333,0.47500000000000375,0.0,0.0,0.0,1,1,True
S7-S6,mean_individual_welfare,384,-0.11363431608712332,0.005816047193823499,-0.25932014470834264,0.19610453616279758,-0.11363431608712332,-0.25932014470834264,0.19610453616279758,0.0,0.0,0.0,-1,-1,True
S7-S6,future_option_value,384,-0.04073301905272259,0.008388118532362623,-0.33207672721295134,0.3156501415031051,-0.04073301905272259,-0.33207672721295134,0.3156501415031051,0.0,0.0,0.0,-1,-1,True
