policy,metric,pilot_n,standard_deviation,target_half_width,required_n
S0,survival_100,32,0.0,0.035,32
S0,fraction_ebd,32,0.08197822947299413,0.06,32
S0,lifetime_welfare,32,11.244361950368827,2.1948371370079682,101
S1,survival_100,32,0.25347260580812536,0.035,202
S1,fraction_ebd,32,0.18663930290986674,0.06,38
S1,lifetime_welfare,32,137.30882181100546,10.124678726899733,256
S2,survival_100,32,0.08084966509995074,0.035,32
S2,fraction_ebd,32,0.21997067253202995,0.06,52
S2,lifetime_welfare,32,14.267138551662033,2.6624318713074353,111
S3,survival_100,32,0.07088421243535577,0.035,32
S3,fraction_ebd,32,0.25200806438709267,0.06,68
S3,lifetime_welfare,32,27.52146148757135,5.743344959529926,89
S4,survival_100,32,0.1267518371693541,0.035,51
S4,fraction_ebd,32,0.22400716834408235,0.06,54
S4,lifetime_welfare,32,44.09624845059095,6.8162663966541865,161
S5,survival_100,32,0.14462827769726574,0.035,66
S5,fraction_ebd,32,0.2357022603955158,0.06,60
S5,lifetime_welfare,32,47.67085374164691,6.816626297786316,188
S6,survival_100,32,0.2698460862830107,0.035,229
S6,fraction_ebd,32,0.20712012340599179,0.06,46
S6,lifetime_welfare,32,211.01405023400403,16.631945036682186,256
S7,survival_100,32,0.1857699078681874,0.035,109
S7,fraction_ebd,32,0.2502239140619033,0.06,67
S7,lifetime_welfare,32,60.87047275495061,8.531389675078511,196
