metric,estimate,lower,upper,mc_half_width,n,n_target,final_estimate,final_lower,final_upper,estimate_change_from_final,sign_stable
decision_utility,-0.010761498152738422,-0.08108811882182386,0.11155251707339445,0.021746376865137577,24,24,0.0050263452597493095,-0.10488689950468884,0.15443814634194034,-0.01578784341248773,False
survival_100,-0.03125,-0.17812499999999998,0.25,0.053680862174224776,24,24,0.006510416666666667,-0.25,0.375,-0.037760416666666664,False
future_option_value,-0.010468895578252166,-0.07676648008399492,0.11945365383714848,0.024284908158849764,24,24,0.006401130004150318,-0.10782474116290658,0.16363154061221968,-0.016870025582402484,False
fraction_ebd,-0.013888888888888888,-0.3333333333333333,0.14166666666666689,0.047828728029355595,24,24,-0.011284722222222219,-0.3333333333333333,0.3333333333333333,-0.0026041666666666696,True
decision_utility,0.0008655133063423295,-0.09218516989889577,0.11425095939309937,0.015617631393072338,48,48,0.0050263452597493095,-0.10488689950468884,0.15443814634194034,-0.00416083195340698,True
survival_100,-0.0078125,-0.228125,0.25,0.03676899996434034,48,48,0.006510416666666667,-0.25,0.375,-0.014322916666666668,False
future_option_value,-0.0004345836409858639,-0.09047929651096169,0.1267761928382556,0.016867566712673636,48,48,0.006401130004150318,-0.10782474116290658,0.16363154061221968,-0.006835713645136182,False
fraction_ebd,-0.027777777777777776,-0.6083333333333333,0.3333333333333333,0.0508506571780024,48,48,-0.011284722222222219,-0.3333333333333333,0.3333333333333333,-0.01649305555555556,True
decision_utility,-0.0008170354474974056,-0.10535353120822807,0.15333437892933896,0.013262136819798575,96,96,0.0050263452597493095,-0.10488689950468884,0.15443814634194034,-0.005843380707246715,False
survival_100,-0.01171875,-0.25,0.328125,0.029042805119238728,96,96,0.006510416666666667,-0.25,0.375,-0.018229166666666668,False
future_option_value,-0.0018912342002861133,-0.10644503901774946,0.13778580874684057,0.013662084277315972,96,96,0.006401130004150318,-0.10782474116290658,0.16363154061221968,-0.008292364204436431,False
fraction_ebd,-0.024305555555555552,-0.5416666666666666,0.3333333333333333,0.035210724482513785,96,96,-0.011284722222222219,-0.3333333333333333,0.3333333333333333,-0.013020833333333334,True
decision_utility,0.00473253670846432,-0.1029796405844003,0.1587471713941374,0.009295511523783136,192,192,0.0050263452597493095,-0.10488689950468884,0.15443814634194034,-0.00029380855128498945,True
survival_100,0.001953125,-0.25,0.375,0.020981526591709,192,192,0.006510416666666667,-0.25,0.375,-0.004557291666666667,True
future_option_value,0.004721561950568072,-0.10706059565822464,0.17866254290676495,0.010057855292563936,192,192,0.006401130004150318,-0.10782474116290658,0.16363154061221968,-0.0016795680535822456,True
fraction_ebd,-0.01909722222222222,-0.3333333333333333,0.3333333333333333,0.023231919330500367,192,192,-0.011284722222222219,-0.3333333333333333,0.3333333333333333,-0.007812500000000002,True
decision_utility,0.0050263452597493095,-0.10488689950468884,0.15443814634194034,0.006518576068983057,384,384,0.0050263452597493095,-0.10488689950468884,0.15443814634194034,0.0,True
survival_100,0.006510416666666667,-0.25,0.375,0.014097658509712375,384,384,0.006510416666666667,-0.25,0.375,0.0,True
future_option_value,0.006401130004150318,-0.10782474116290658,0.16363154061221968,0.006746723238096722,384,384,0.006401130004150318,-0.10782474116290658,0.16363154061221968,0.0,True
fraction_ebd,-0.011284722222222219,-0.3333333333333333,0.3333333333333333,0.018074307168056337,384,384,-0.011284722222222219,-0.3333333333333333,0.3333333333333333,0.0,True
