value_id,analysis,estimate,lower,upper,unit,source_file,source_code,seed/config
s0_survival_50,paired_monte_carlo,0.115234375,0.0,0.2781249999999993,proportion,results/policy_outcomes.csv,src/agentic_conservation/analysis.py,seeds listed in policy_outcomes.csv; config/base.json
s0_survival_100,paired_monte_carlo,0.0,0.0,0.0,proportion,results/policy_outcomes.csv,src/agentic_conservation/analysis.py,seeds listed in policy_outcomes.csv; config/base.json
s0_species_retained_100,paired_monte_carlo,0.0,0.0,0.0,species,results/policy_outcomes.csv,src/agentic_conservation/analysis.py,seeds listed in policy_outcomes.csv; config/base.json
s0_wild_abundance,paired_monte_carlo,0.0,0.0,0.0,individuals,results/policy_outcomes.csv,src/agentic_conservation/analysis.py,seeds listed in policy_outcomes.csv; config/base.json
s0_fraction_ebd,paired_monte_carlo,0.9930555555555556,1.0,1.0,proportion,results/policy_outcomes.csv,src/agentic_conservation/analysis.py,seeds listed in policy_outcomes.csv; config/base.json
s0_lifetime_welfare,paired_monte_carlo,61.25008714885835,20.22673489973508,75.75596841228656,welfare-person-years_per_year,results/policy_outcomes.csv,src/agentic_conservation/analysis.py,seeds listed in policy_outcomes.csv; config/base.json
s0_mean_individual_welfare,paired_monte_carlo,0.352255232442533,0.1882732726064586,0.4494717966874717,mean_welfare_index,results/policy_outcomes.csv,src/agentic_conservation/analysis.py,seeds listed in policy_outcomes.csv; config/base.json
s0_founder_effective,paired_monte_carlo,0.0,0.0,0.0,effective_founders,results/policy_outcomes.csv,src/agentic_conservation/analysis.py,seeds listed in policy_outcomes.csv; config/base.json
s0_mean_inbreeding,paired_monte_carlo,,,,proportion,results/policy_outcomes.csv,src/agentic_conservation/analysis.py,seeds listed in policy_outcomes.csv; config/base.json
s0_heterozygosity_proxy,paired_monte_carlo,,,,proportion,results/policy_outcomes.csv,src/agentic_conservation/analysis.py,seeds listed in policy_outcomes.csv; config/base.json
s0_successful_reintroductions,paired_monte_carlo,0.0,0.0,0.0,individual_movements,results/policy_outcomes.csv,src/agentic_conservation/analysis.py,seeds listed in policy_outcomes.csv; config/base.json
s0_cost,paired_monte_carlo,0.0,0.0,0.0,budget_units,results/policy_outcomes.csv,src/agentic_conservation/analysis.py,seeds listed in policy_outcomes.csv; config/base.json
s0_available_budget,paired_monte_carlo,0.0,0.0,0.0,budget_units,results/policy_outcomes.csv,src/agentic_conservation/analysis.py,seeds listed in policy_outcomes.csv; config/base.json
s0_cost_per_species_retained,paired_monte_carlo,0.0,0.0,0.0,budget_units_per_species,results/policy_outcomes.csv,src/agentic_conservation/analysis.py,seeds listed in policy_outcomes.csv; config/base.json
s0_engagement,paired_monte_carlo,1.414816549070382,1.2007394115274688,1.5,index,results/policy_outcomes.csv,src/agentic_conservation/analysis.py,seeds listed in policy_outcomes.csv; config/base.json
s0_habitat_integrity,paired_monte_carlo,0.1535870997060365,0.05387805,0.2479666666666664,index,results/policy_outcomes.csv,src/agentic_conservation/analysis.py,seeds listed in policy_outcomes.csv; config/base.json
s0_future_option_value,paired_monte_carlo,0.0153587099706036,0.005387805,0.0247966666666666,index,results/policy_outcomes.csv,src/agentic_conservation/analysis.py,seeds listed in policy_outcomes.csv; config/base.json
s0_disease_prevalence,paired_monte_carlo,0.0002073389758164,2.559038547460711e-05,0.000547740692772,proportion,results/policy_outcomes.csv,src/agentic_conservation/analysis.py,seeds listed in policy_outcomes.csv; config/base.json
s0_relocation_burden,paired_monte_carlo,0.0,0.0,0.0,stress-weighted_movements,results/policy_outcomes.csv,src/agentic_conservation/analysis.py,seeds listed in policy_outcomes.csv; config/base.json
s0_quarantine_cost,paired_monte_carlo,0.0,0.0,0.0,budget_units,results/policy_outcomes.csv,src/agentic_conservation/analysis.py,seeds listed in policy_outcomes.csv; config/base.json
s0_biobank_coverage,paired_monte_carlo,0.0,0.0,0.0,proportion,results/policy_outcomes.csv,src/agentic_conservation/analysis.py,seeds listed in policy_outcomes.csv; config/base.json
s0_welfare_burden_predation,paired_monte_carlo,0.0079616666666666,0.004408,0.01024,mean_welfare_burden,results/policy_outcomes.csv,src/agentic_conservation/analysis.py,seeds listed in policy_outcomes.csv; config/base.json
s0_welfare_burden_food_insecurity,paired_monte_carlo,0.0523416651806799,0.0334952264642892,0.0705770697112797,mean_welfare_burden,results/policy_outcomes.csv,src/agentic_conservation/analysis.py,seeds listed in policy_outcomes.csv; config/base.json
s0_welfare_burden_crowding,paired_monte_carlo,0.0,0.0,0.0,mean_welfare_burden,results/policy_outcomes.csv,src/agentic_conservation/analysis.py,seeds listed in policy_outcomes.csv; config/base.json
s0_welfare_burden_restriction,paired_monte_carlo,0.0,0.0,0.0,mean_welfare_burden,results/policy_outcomes.csv,src/agentic_conservation/analysis.py,seeds listed in policy_outcomes.csv; config/base.json
s0_welfare_burden_infection,paired_monte_carlo,3.317423613063637e-05,4.094461675937138e-06,8.76385108435229e-05,mean_welfare_burden,results/policy_outcomes.csv,src/agentic_conservation/analysis.py,seeds listed in policy_outcomes.csv; config/base.json
s0_welfare_burden_habituation,paired_monte_carlo,0.0004197198073231,0.0002453140290608,0.0006106936659544,mean_welfare_burden,results/policy_outcomes.csv,src/agentic_conservation/analysis.py,seeds listed in policy_outcomes.csv; config/base.json
s0_welfare_burden_relocation,paired_monte_carlo,0.0,0.0,0.0,mean_welfare_burden,results/policy_outcomes.csv,src/agentic_conservation/analysis.py,seeds listed in policy_outcomes.csv; config/base.json
s0_refuge_moves,paired_monte_carlo,0.0,0.0,0.0,individual_movements,results/policy_outcomes.csv,src/agentic_conservation/analysis.py,seeds listed in policy_outcomes.csv; config/base.json
s0_origin_returns,paired_monte_carlo,0.0,0.0,0.0,individual_movements,results/policy_outcomes.csv,src/agentic_conservation/analysis.py,seeds listed in policy_outcomes.csv; config/base.json
s0_total_abundance,paired_monte_carlo,0.0,0.0,0.0,individuals,results/policy_outcomes.csv,src/agentic_conservation/analysis.py,seeds listed in policy_outcomes.csv; config/base.json
s1_survival_50,paired_monte_carlo,0.60546875,0.0,0.875,proportion,results/policy_outcomes.csv,src/agentic_conservation/analysis.py,seeds listed in policy_outcomes.csv; config/base.json
s1_survival_100,paired_monte_carlo,0.306640625,0.0,0.625,proportion,results/policy_outcomes.csv,src/agentic_conservation/analysis.py,seeds listed in policy_outcomes.csv; config/base.json
s1_species_retained_100,paired_monte_carlo,2.453125,0.0,5.0,species,results/policy_outcomes.csv,src/agentic_conservation/analysis.py,seeds listed in policy_outcomes.csv; config/base.json
s1_wild_abundance,paired_monte_carlo,150.85416666666666,0.0,421.9,individuals,results/policy_outcomes.csv,src/agentic_conservation/analysis.py,seeds listed in policy_outcomes.csv; config/base.json
s1_fraction_ebd,paired_monte_carlo,0.1684027777777777,0.0,0.6666666666666666,proportion,results/policy_outcomes.csv,src/agentic_conservation/analysis.py,seeds listed in policy_outcomes.csv; config/base.json
s1_lifetime_welfare,paired_monte_carlo,302.96936805310224,28.13695270226633,466.3291532005045,welfare-person-years_per_year,results/policy_outcomes.csv,src/agentic_conservation/analysis.py,seeds listed in policy_outcomes.csv; config/base.json
s1_mean_individual_welfare,paired_monte_carlo,0.6824957717327494,0.2874920533809473,0.7585625644763239,mean_welfare_index,results/policy_outcomes.csv,src/agentic_conservation/analysis.py,seeds listed in policy_outcomes.csv; config/base.json
s1_founder_effective,paired_monte_carlo,2.477999797472417,0.0,5.418857803985202,effective_founders,results/policy_outcomes.csv,src/agentic_conservation/analysis.py,seeds listed in policy_outcomes.csv; config/base.json
s1_mean_inbreeding,paired_monte_carlo,0.0082258165204455,0.0,0.0670298356680459,proportion,results/policy_outcomes.csv,src/agentic_conservation/analysis.py,seeds listed in policy_outcomes.csv; config/base.json
s1_heterozygosity_proxy,paired_monte_carlo,0.9917741834795544,0.932970164331954,1.0,proportion,results/policy_outcomes.csv,src/agentic_conservation/analysis.py,seeds listed in policy_outcomes.csv; config/base.json
s1_successful_reintroductions,paired_monte_carlo,0.0,0.0,0.0,individual_movements,results/policy_outcomes.csv,src/agentic_conservation/analysis.py,seeds listed in policy_outcomes.csv; config/base.json
s1_cost,paired_monte_carlo,11179.23857457218,11068.854205797665,11247.34870424864,budget_units,results/policy_outcomes.csv,src/agentic_conservation/analysis.py,seeds listed in policy_outcomes.csv; config/base.json
s1_available_budget,paired_monte_carlo,11179.238574572182,11068.854205797665,11247.34870424864,budget_units,results/policy_outcomes.csv,src/agentic_conservation/analysis.py,seeds listed in policy_outcomes.csv; config/base.json
s1_cost_per_species_retained,paired_monte_carlo,6419.379211380828,2223.0958563188688,11234.770952154337,budget_units_per_species,results/policy_outcomes.csv,src/agentic_conservation/analysis.py,seeds listed in policy_outcomes.csv; config/base.json
s1_engagement,paired_monte_carlo,1.5,1.5,1.5,index,results/policy_outcomes.csv,src/agentic_conservation/analysis.py,seeds listed in policy_outcomes.csv; config/base.json
s1_habitat_integrity,paired_monte_carlo,0.7538367923263948,0.5351673641771784,0.8757246765204294,index,results/policy_outcomes.csv,src/agentic_conservation/analysis.py,seeds listed in policy_outcomes.csv; config/base.json
s1_future_option_value,paired_monte_carlo,0.2551194684546992,0.0672026229515261,0.4395090087550004,index,results/policy_outcomes.csv,src/agentic_conservation/analysis.py,seeds listed in policy_outcomes.csv; config/base.json
s1_disease_prevalence,paired_monte_carlo,0.0002143472140635,2.6094361945169712e-05,0.0005366043926667,proportion,results/policy_outcomes.csv,src/agentic_conservation/analysis.py,seeds listed in policy_outcomes.csv; config/base.json
s1_relocation_burden,paired_monte_carlo,0.0,0.0,0.0,stress-weighted_movements,results/policy_outcomes.csv,src/agentic_conservation/analysis.py,seeds listed in policy_outcomes.csv; config/base.json
s1_quarantine_cost,paired_monte_carlo,0.0,0.0,0.0,budget_units,results/policy_outcomes.csv,src/agentic_conservation/analysis.py,seeds listed in policy_outcomes.csv; config/base.json
s1_biobank_coverage,paired_monte_carlo,0.0848375499866779,0.0218435604669882,0.1210706248411171,proportion,results/policy_outcomes.csv,src/agentic_conservation/analysis.py,seeds listed in policy_outcomes.csv; config/base.json
s1_welfare_burden_predation,paired_monte_carlo,0.0146866666666666,0.006488,0.016,mean_welfare_burden,results/policy_outcomes.csv,src/agentic_conservation/analysis.py,seeds listed in policy_outcomes.csv; config/base.json
s1_welfare_burden_food_insecurity,paired_monte_carlo,0.0638025703713904,0.0419662041370284,0.0875554741238145,mean_welfare_burden,results/policy_outcomes.csv,src/agentic_conservation/analysis.py,seeds listed in policy_outcomes.csv; config/base.json
s1_welfare_burden_crowding,paired_monte_carlo,0.0,0.0,0.0,mean_welfare_burden,results/policy_outcomes.csv,src/agentic_conservation/analysis.py,seeds listed in policy_outcomes.csv; config/base.json
s1_welfare_burden_restriction,paired_monte_carlo,0.0,0.0,0.0,mean_welfare_burden,results/policy_outcomes.csv,src/agentic_conservation/analysis.py,seeds listed in policy_outcomes.csv; config/base.json
s1_welfare_burden_infection,paired_monte_carlo,3.429555425016489e-05,4.175097911227154e-06,8.5856702826683e-05,mean_welfare_burden,results/policy_outcomes.csv,src/agentic_conservation/analysis.py,seeds listed in policy_outcomes.csv; config/base.json
s1_welfare_burden_habituation,paired_monte_carlo,0.0008515290082767,0.0003574520768361,0.0010929244689519,mean_welfare_burden,results/policy_outcomes.csv,src/agentic_conservation/analysis.py,seeds listed in policy_outcomes.csv; config/base.json
s1_welfare_burden_relocation,paired_monte_carlo,0.0,0.0,0.0,mean_welfare_burden,results/policy_outcomes.csv,src/agentic_conservation/analysis.py,seeds listed in policy_outcomes.csv; config/base.json
s1_refuge_moves,paired_monte_carlo,0.0,0.0,0.0,individual_movements,results/policy_outcomes.csv,src/agentic_conservation/analysis.py,seeds listed in policy_outcomes.csv; config/base.json
s1_origin_returns,paired_monte_carlo,0.0,0.0,0.0,individual_movements,results/policy_outcomes.csv,src/agentic_conservation/analysis.py,seeds listed in policy_outcomes.csv; config/base.json
s1_total_abundance,paired_monte_carlo,150.85416666666666,0.0,421.9,individuals,results/policy_outcomes.csv,src/agentic_conservation/analysis.py,seeds listed in policy_outcomes.csv; config/base.json
s2_survival_50,paired_monte_carlo,0.2903645833333333,0.125,0.5,proportion,results/policy_outcomes.csv,src/agentic_conservation/analysis.py,seeds listed in policy_outcomes.csv; config/base.json
s2_survival_100,paired_monte_carlo,0.1373697916666666,0.0,0.25,proportion,results/policy_outcomes.csv,src/agentic_conservation/analysis.py,seeds listed in policy_outcomes.csv; config/base.json
s2_species_retained_100,paired_monte_carlo,1.0989583333333333,0.0,2.0,species,results/policy_outcomes.csv,src/agentic_conservation/analysis.py,seeds listed in policy_outcomes.csv; config/base.json
s2_wild_abundance,paired_monte_carlo,0.0,0.0,0.0,individuals,results/policy_outcomes.csv,src/agentic_conservation/analysis.py,seeds listed in policy_outcomes.csv; config/base.json
s2_fraction_ebd,paired_monte_carlo,0.6840277777777778,0.3333333333333333,1.0,proportion,results/policy_outcomes.csv,src/agentic_conservation/analysis.py,seeds listed in policy_outcomes.csv; config/base.json
s2_lifetime_welfare,paired_monte_carlo,74.25893698847067,31.1107143148583,94.96649921985951,welfare-person-years_per_year,results/policy_outcomes.csv,src/agentic_conservation/analysis.py,seeds listed in policy_outcomes.csv; config/base.json
s2_mean_individual_welfare,paired_monte_carlo,0.4771980752237788,0.3687430448631141,0.5138469069556362,mean_welfare_index,results/policy_outcomes.csv,src/agentic_conservation/analysis.py,seeds listed in policy_outcomes.csv; config/base.json
s2_founder_effective,paired_monte_carlo,2.3451917568977163,0.0,3.954233129814916,effective_founders,results/policy_outcomes.csv,src/agentic_conservation/analysis.py,seeds listed in policy_outcomes.csv; config/base.json
s2_mean_inbreeding,paired_monte_carlo,0.0136866451903901,0.0,0.1370592222684882,proportion,results/policy_outcomes.csv,src/agentic_conservation/analysis.py,seeds listed in policy_outcomes.csv; config/base.json
s2_heterozygosity_proxy,paired_monte_carlo,0.9863133548096098,0.8629407777315117,1.0,proportion,results/policy_outcomes.csv,src/agentic_conservation/analysis.py,seeds listed in policy_outcomes.csv; config/base.json
s2_successful_reintroductions,paired_monte_carlo,0.0,0.0,0.0,individual_movements,results/policy_outcomes.csv,src/agentic_conservation/analysis.py,seeds listed in policy_outcomes.csv; config/base.json
s2_cost,paired_monte_carlo,11296.243569161925,11182.194876262354,11428.452692223073,budget_units,results/policy_outcomes.csv,src/agentic_conservation/analysis.py,seeds listed in policy_outcomes.csv; config/base.json
s2_available_budget,paired_monte_carlo,11296.243569161925,11182.194876262354,11428.452692223074,budget_units,results/policy_outcomes.csv,src/agentic_conservation/analysis.py,seeds listed in policy_outcomes.csv; config/base.json
s2_cost_per_species_retained,paired_monte_carlo,10365.236113576851,5618.188938508638,11428.452692223073,budget_units_per_species,results/policy_outcomes.csv,src/agentic_conservation/analysis.py,seeds listed in policy_outcomes.csv; config/base.json
s2_engagement,paired_monte_carlo,1.5,1.5,1.5,index,results/policy_outcomes.csv,src/agentic_conservation/analysis.py,seeds listed in policy_outcomes.csv; config/base.json
s2_habitat_integrity,paired_monte_carlo,0.2284804488150492,0.0684756418666666,0.3568645661570963,index,results/policy_outcomes.csv,src/agentic_conservation/analysis.py,seeds listed in policy_outcomes.csv; config/base.json
s2_future_option_value,paired_monte_carlo,0.1173128724406993,0.0257984683743762,0.1806748851969117,index,results/policy_outcomes.csv,src/agentic_conservation/analysis.py,seeds listed in policy_outcomes.csv; config/base.json
s2_disease_prevalence,paired_monte_carlo,0.0002985146267101,4.697327044025157e-05,0.0007756312875707,proportion,results/policy_outcomes.csv,src/agentic_conservation/analysis.py,seeds listed in policy_outcomes.csv; config/base.json
s2_relocation_burden,paired_monte_carlo,20.816145833333337,9.954999999999998,26.822500000000005,stress-weighted_movements,results/policy_outcomes.csv,src/agentic_conservation/analysis.py,seeds listed in policy_outcomes.csv; config/base.json
s2_quarantine_cost,paired_monte_carlo,52.040364583333336,24.8875,67.05625,budget_units,results/policy_outcomes.csv,src/agentic_conservation/analysis.py,seeds listed in policy_outcomes.csv; config/base.json
s2_biobank_coverage,paired_monte_carlo,0.0459825187010863,0.0315107819263012,0.0656739047460554,proportion,results/policy_outcomes.csv,src/agentic_conservation/analysis.py,seeds listed in policy_outcomes.csv; config/base.json
s2_welfare_burden_predation,paired_monte_carlo,0.0045810510822135,0.0020723706252529,0.005736366749892,mean_welfare_burden,results/policy_outcomes.csv,src/agentic_conservation/analysis.py,seeds listed in policy_outcomes.csv; config/base.json
s2_welfare_burden_food_insecurity,paired_monte_carlo,0.089787334612951,0.070267574963901,0.0963768677845843,mean_welfare_burden,results/policy_outcomes.csv,src/agentic_conservation/analysis.py,seeds listed in policy_outcomes.csv; config/base.json
s2_welfare_burden_crowding,paired_monte_carlo,0.0352328924946247,0.0127296741846885,0.0560563875391709,mean_welfare_burden,results/policy_outcomes.csv,src/agentic_conservation/analysis.py,seeds listed in policy_outcomes.csv; config/base.json
s2_welfare_burden_restriction,paired_monte_carlo,0.0118660161936512,0.007243335686131,0.0156110150989553,mean_welfare_burden,results/policy_outcomes.csv,src/agentic_conservation/analysis.py,seeds listed in policy_outcomes.csv; config/base.json
s2_welfare_burden_infection,paired_monte_carlo,4.776234027361958e-05,7.515723270440251e-06,0.0001241010060113,mean_welfare_burden,results/policy_outcomes.csv,src/agentic_conservation/analysis.py,seeds listed in policy_outcomes.csv; config/base.json
s2_welfare_burden_habituation,paired_monte_carlo,0.0007224346929083,0.0005493466509711,0.0008424828061378,mean_welfare_burden,results/policy_outcomes.csv,src/agentic_conservation/analysis.py,seeds listed in policy_outcomes.csv; config/base.json
s2_welfare_burden_relocation,paired_monte_carlo,0.0001227518445916,8.025677246984467e-05,0.000159074204495,mean_welfare_burden,results/policy_outcomes.csv,src/agentic_conservation/analysis.py,seeds listed in policy_outcomes.csv; config/base.json
s2_refuge_moves,paired_monte_carlo,0.0,0.0,0.0,individual_movements,results/policy_outcomes.csv,src/agentic_conservation/analysis.py,seeds listed in policy_outcomes.csv; config/base.json
s2_origin_returns,paired_monte_carlo,0.0,0.0,0.0,individual_movements,results/policy_outcomes.csv,src/agentic_conservation/analysis.py,seeds listed in policy_outcomes.csv; config/base.json
s2_total_abundance,paired_monte_carlo,33.90625,0.0,69.225,individuals,results/policy_outcomes.csv,src/agentic_conservation/analysis.py,seeds listed in policy_outcomes.csv; config/base.json
s3_survival_50,paired_monte_carlo,0.4713541666666667,0.25,0.625,proportion,results/policy_outcomes.csv,src/agentic_conservation/analysis.py,seeds listed in policy_outcomes.csv; config/base.json
s3_survival_100,paired_monte_carlo,0.328125,0.125,0.375,proportion,results/policy_outcomes.csv,src/agentic_conservation/analysis.py,seeds listed in policy_outcomes.csv; config/base.json
s3_species_retained_100,paired_monte_carlo,2.625,1.0,3.0,species,results/policy_outcomes.csv,src/agentic_conservation/analysis.py,seeds listed in policy_outcomes.csv; config/base.json
s3_wild_abundance,paired_monte_carlo,0.0,0.0,0.0,individuals,results/policy_outcomes.csv,src/agentic_conservation/analysis.py,seeds listed in policy_outcomes.csv; config/base.json
s3_fraction_ebd,paired_monte_carlo,0.3958333333333333,0.0,1.0,proportion,results/policy_outcomes.csv,src/agentic_conservation/analysis.py,seeds listed in policy_outcomes.csv; config/base.json
s3_lifetime_welfare,paired_monte_carlo,168.13205740569032,93.66429175166394,207.8673851234746,welfare-person-years_per_year,results/policy_outcomes.csv,src/agentic_conservation/analysis.py,seeds listed in policy_outcomes.csv; config/base.json
s3_mean_individual_welfare,paired_monte_carlo,0.5905901932608705,0.5189243556330632,0.6290106534076471,mean_welfare_index,results/policy_outcomes.csv,src/agentic_conservation/analysis.py,seeds listed in policy_outcomes.csv; config/base.json
s3_founder_effective,paired_monte_carlo,3.649767389612453,2.4874271722255723,4.893201043349259,effective_founders,results/policy_outcomes.csv,src/agentic_conservation/analysis.py,seeds listed in policy_outcomes.csv; config/base.json
s3_mean_inbreeding,paired_monte_carlo,0.0099383686098945,0.0,0.1016296440352624,proportion,results/policy_outcomes.csv,src/agentic_conservation/analysis.py,seeds listed in policy_outcomes.csv; config/base.json
s3_heterozygosity_proxy,paired_monte_carlo,0.9900616313901054,0.8983703559647375,1.0,proportion,results/policy_outcomes.csv,src/agentic_conservation/analysis.py,seeds listed in policy_outcomes.csv; config/base.json
s3_successful_reintroductions,paired_monte_carlo,25.432291666666668,0.0,56.225,individual_movements,results/policy_outcomes.csv,src/agentic_conservation/analysis.py,seeds listed in policy_outcomes.csv; config/base.json
s3_cost,paired_monte_carlo,11189.871251790655,11076.014528977945,11317.22005728157,budget_units,results/policy_outcomes.csv,src/agentic_conservation/analysis.py,seeds listed in policy_outcomes.csv; config/base.json
s3_available_budget,paired_monte_carlo,11189.871251790652,11076.014528977945,11317.22005728157,budget_units,results/policy_outcomes.csv,src/agentic_conservation/analysis.py,seeds listed in policy_outcomes.csv; config/base.json
s3_cost_per_species_retained,paired_monte_carlo,4591.091850199485,3694.733621186688,11159.617415856608,budget_units_per_species,results/policy_outcomes.csv,src/agentic_conservation/analysis.py,seeds listed in policy_outcomes.csv; config/base.json
s3_engagement,paired_monte_carlo,1.5,1.5,1.5,index,results/policy_outcomes.csv,src/agentic_conservation/analysis.py,seeds listed in policy_outcomes.csv; config/base.json
s3_habitat_integrity,paired_monte_carlo,0.4758410879287405,0.2352841055052144,0.6477200142225913,index,results/policy_outcomes.csv,src/agentic_conservation/analysis.py,seeds listed in policy_outcomes.csv; config/base.json
s3_future_option_value,paired_monte_carlo,0.2460179361076618,0.1529025065738235,0.2899187503707039,index,results/policy_outcomes.csv,src/agentic_conservation/analysis.py,seeds listed in policy_outcomes.csv; config/base.json
s3_disease_prevalence,paired_monte_carlo,0.0002830803621998,2.586966604823748e-05,0.0006923658180698,proportion,results/policy_outcomes.csv,src/agentic_conservation/analysis.py,seeds listed in policy_outcomes.csv; config/base.json
s3_relocation_burden,paired_monte_carlo,19.0046875,9.0775,28.322499999999994,stress-weighted_movements,results/policy_outcomes.csv,src/agentic_conservation/analysis.py,seeds listed in policy_outcomes.csv; config/base.json
s3_quarantine_cost,paired_monte_carlo,47.51171875,22.69375,70.80625,budget_units,results/policy_outcomes.csv,src/agentic_conservation/analysis.py,seeds listed in policy_outcomes.csv; config/base.json
s3_biobank_coverage,paired_monte_carlo,0.0713995170933163,0.0501370300207238,0.0878224583803505,proportion,results/policy_outcomes.csv,src/agentic_conservation/analysis.py,seeds listed in policy_outcomes.csv; config/base.json
s3_welfare_burden_predation,paired_monte_carlo,0.006885621392639,0.0020435559325904,0.0087206421979272,mean_welfare_burden,results/policy_outcomes.csv,src/agentic_conservation/analysis.py,seeds listed in policy_outcomes.csv; config/base.json
s3_welfare_burden_food_insecurity,paired_monte_carlo,0.0761518282741976,0.0740534160507949,0.07867423393101,mean_welfare_burden,results/policy_outcomes.csv,src/agentic_conservation/analysis.py,seeds listed in policy_outcomes.csv; config/base.json
s3_welfare_burden_crowding,paired_monte_carlo,0.0622822783519845,0.0360138792219263,0.1000489895411729,mean_welfare_burden,results/policy_outcomes.csv,src/agentic_conservation/analysis.py,seeds listed in policy_outcomes.csv; config/base.json
s3_welfare_burden_restriction,paired_monte_carlo,0.0082277920224557,0.0059654039032772,0.014180155045352,mean_welfare_burden,results/policy_outcomes.csv,src/agentic_conservation/analysis.py,seeds listed in policy_outcomes.csv; config/base.json
s3_welfare_burden_infection,paired_monte_carlo,4.529285795197296e-05,4.139146567717997e-06,0.0001107785308911,mean_welfare_burden,results/policy_outcomes.csv,src/agentic_conservation/analysis.py,seeds listed in policy_outcomes.csv; config/base.json
s3_welfare_burden_habituation,paired_monte_carlo,0.0007087288911533,0.0005652695996417,0.0008813317697904,mean_welfare_burden,results/policy_outcomes.csv,src/agentic_conservation/analysis.py,seeds listed in policy_outcomes.csv; config/base.json
s3_welfare_burden_relocation,paired_monte_carlo,9.756577346592274e-05,6.833195358298712e-05,0.0001303428121055,mean_welfare_burden,results/policy_outcomes.csv,src/agentic_conservation/analysis.py,seeds listed in policy_outcomes.csv; config/base.json
s3_refuge_moves,paired_monte_carlo,164.61458333333334,88.0,235.79999999999995,individual_movements,results/policy_outcomes.csv,src/agentic_conservation/analysis.py,seeds listed in policy_outcomes.csv; config/base.json
s3_origin_returns,paired_monte_carlo,25.432291666666668,0.0,56.225,individual_movements,results/policy_outcomes.csv,src/agentic_conservation/analysis.py,seeds listed in policy_outcomes.csv; config/base.json
s3_total_abundance,paired_monte_carlo,303.1302083333333,157.55,445.57499999999993,individuals,results/policy_outcomes.csv,src/agentic_conservation/analysis.py,seeds listed in policy_outcomes.csv; config/base.json
s4_survival_50,paired_monte_carlo,0.5065104166666666,0.25,0.75,proportion,results/policy_outcomes.csv,src/agentic_conservation/analysis.py,seeds listed in policy_outcomes.csv; config/base.json
s4_survival_100,paired_monte_carlo,0.3782552083333333,0.125,0.625,proportion,results/policy_outcomes.csv,src/agentic_conservation/analysis.py,seeds listed in policy_outcomes.csv; config/base.json
s4_species_retained_100,paired_monte_carlo,3.0260416666666665,1.0,5.0,species,results/policy_outcomes.csv,src/agentic_conservation/analysis.py,seeds listed in policy_outcomes.csv; config/base.json
s4_wild_abundance,paired_monte_carlo,232.0,0.0,581.6999999999999,individuals,results/policy_outcomes.csv,src/agentic_conservation/analysis.py,seeds listed in policy_outcomes.csv; config/base.json
s4_fraction_ebd,paired_monte_carlo,0.3541666666666667,0.0,1.0,proportion,results/policy_outcomes.csv,src/agentic_conservation/analysis.py,seeds listed in policy_outcomes.csv; config/base.json
s4_lifetime_welfare,paired_monte_carlo,192.08385910923167,117.36350502245352,256.2248935879268,welfare-person-years_per_year,results/policy_outcomes.csv,src/agentic_conservation/analysis.py,seeds listed in policy_outcomes.csv; config/base.json
s4_mean_individual_welfare,paired_monte_carlo,0.6092146834804377,0.5604243135514533,0.6578599193343885,mean_welfare_index,results/policy_outcomes.csv,src/agentic_conservation/analysis.py,seeds listed in policy_outcomes.csv; config/base.json
s4_founder_effective,paired_monte_carlo,3.3299837303116906,2.2107537184571835,4.730832456916521,effective_founders,results/policy_outcomes.csv,src/agentic_conservation/analysis.py,seeds listed in policy_outcomes.csv; config/base.json
s4_mean_inbreeding,paired_monte_carlo,0.0147884965179881,0.0001629726201496,0.0967290763568309,proportion,results/policy_outcomes.csv,src/agentic_conservation/analysis.py,seeds listed in policy_outcomes.csv; config/base.json
s4_heterozygosity_proxy,paired_monte_carlo,0.9852115034820118,0.903270923643169,0.9998370273798504,proportion,results/policy_outcomes.csv,src/agentic_conservation/analysis.py,seeds listed in policy_outcomes.csv; config/base.json
s4_successful_reintroductions,paired_monte_carlo,203.5520833333333,78.97500000000001,331.0,individual_movements,results/policy_outcomes.csv,src/agentic_conservation/analysis.py,seeds listed in policy_outcomes.csv; config/base.json
s4_cost,paired_monte_carlo,11176.49637881282,11071.973822172997,11272.19436899393,budget_units,results/policy_outcomes.csv,src/agentic_conservation/analysis.py,seeds listed in policy_outcomes.csv; config/base.json
s4_available_budget,paired_monte_carlo,11176.496378812815,11071.973822172997,11272.19436899393,budget_units,results/policy_outcomes.csv,src/agentic_conservation/analysis.py,seeds listed in policy_outcomes.csv; config/base.json
s4_cost_per_species_retained,paired_monte_carlo,4217.731029421279,2238.857455578125,11139.515072819317,budget_units_per_species,results/policy_outcomes.csv,src/agentic_conservation/analysis.py,seeds listed in policy_outcomes.csv; config/base.json
s4_engagement,paired_monte_carlo,1.5,1.5,1.5,index,results/policy_outcomes.csv,src/agentic_conservation/analysis.py,seeds listed in policy_outcomes.csv; config/base.json
s4_habitat_integrity,paired_monte_carlo,0.3897029146774424,0.1551375319840054,0.5444362464609398,index,results/policy_outcomes.csv,src/agentic_conservation/analysis.py,seeds listed in policy_outcomes.csv; config/base.json
s4_future_option_value,paired_monte_carlo,0.2643163911523693,0.136005959764756,0.3780643738485669,index,results/policy_outcomes.csv,src/agentic_conservation/analysis.py,seeds listed in policy_outcomes.csv; config/base.json
s4_disease_prevalence,paired_monte_carlo,0.0004399901760622,0.0001322920491783,0.0010702814077802,proportion,results/policy_outcomes.csv,src/agentic_conservation/analysis.py,seeds listed in policy_outcomes.csv; config/base.json
s4_relocation_burden,paired_monte_carlo,61.71354166666665,47.66499999999997,73.72250000000001,stress-weighted_movements,results/policy_outcomes.csv,src/agentic_conservation/analysis.py,seeds listed in policy_outcomes.csv; config/base.json
s4_quarantine_cost,paired_monte_carlo,154.28385416666666,119.1625,184.30625,budget_units,results/policy_outcomes.csv,src/agentic_conservation/analysis.py,seeds listed in policy_outcomes.csv; config/base.json
s4_biobank_coverage,paired_monte_carlo,0.1091570931575408,0.0768192023063045,0.1435037247638615,proportion,results/policy_outcomes.csv,src/agentic_conservation/analysis.py,seeds listed in policy_outcomes.csv; config/base.json
s4_welfare_burden_predation,paired_monte_carlo,0.0104287663225276,0.0060723535055314,0.0132534899344927,mean_welfare_burden,results/policy_outcomes.csv,src/agentic_conservation/analysis.py,seeds listed in policy_outcomes.csv; config/base.json
s4_welfare_burden_food_insecurity,paired_monte_carlo,0.0735584185314612,0.0671729559531424,0.0798094274312818,mean_welfare_burden,results/policy_outcomes.csv,src/agentic_conservation/analysis.py,seeds listed in policy_outcomes.csv; config/base.json
s4_welfare_burden_crowding,paired_monte_carlo,0.0757947871365392,0.0208940478421808,0.1383857590277762,mean_welfare_burden,results/policy_outcomes.csv,src/agentic_conservation/analysis.py,seeds listed in policy_outcomes.csv; config/base.json
s4_welfare_burden_restriction,paired_monte_carlo,0.0122056996388435,0.0053245967896329,0.0246623492860564,mean_welfare_burden,results/policy_outcomes.csv,src/agentic_conservation/analysis.py,seeds listed in policy_outcomes.csv; config/base.json
s4_welfare_burden_infection,paired_monte_carlo,7.039842816995475e-05,2.116672786854283e-05,0.0001712450252448,mean_welfare_burden,results/policy_outcomes.csv,src/agentic_conservation/analysis.py,seeds listed in policy_outcomes.csv; config/base.json
s4_welfare_burden_habituation,paired_monte_carlo,0.0008357426531822,0.0005704402718484,0.0011782741477172,mean_welfare_burden,results/policy_outcomes.csv,src/agentic_conservation/analysis.py,seeds listed in policy_outcomes.csv; config/base.json
s4_welfare_burden_relocation,paired_monte_carlo,0.0002900400153789,0.000171950767577,0.0004947511454578,mean_welfare_burden,results/policy_outcomes.csv,src/agentic_conservation/analysis.py,seeds listed in policy_outcomes.csv; config/base.json
s4_refuge_moves,paired_monte_carlo,0.0,0.0,0.0,individual_movements,results/policy_outcomes.csv,src/agentic_conservation/analysis.py,seeds listed in policy_outcomes.csv; config/base.json
s4_origin_returns,paired_monte_carlo,0.0,0.0,0.0,individual_movements,results/policy_outcomes.csv,src/agentic_conservation/analysis.py,seeds listed in policy_outcomes.csv; config/base.json
s4_total_abundance,paired_monte_carlo,401.9375,145.625,733.1249999999998,individuals,results/policy_outcomes.csv,src/agentic_conservation/analysis.py,seeds listed in policy_outcomes.csv; config/base.json
s5_survival_50,paired_monte_carlo,0.5045572916666666,0.25,0.75,proportion,results/policy_outcomes.csv,src/agentic_conservation/analysis.py,seeds listed in policy_outcomes.csv; config/base.json
s5_survival_100,paired_monte_carlo,0.353515625,0.125,0.5,proportion,results/policy_outcomes.csv,src/agentic_conservation/analysis.py,seeds listed in policy_outcomes.csv; config/base.json
s5_species_retained_100,paired_monte_carlo,2.828125,1.0,4.0,species,results/policy_outcomes.csv,src/agentic_conservation/analysis.py,seeds listed in policy_outcomes.csv; config/base.json
s5_wild_abundance,paired_monte_carlo,206.78125,0.0,582.925,individuals,results/policy_outcomes.csv,src/agentic_conservation/analysis.py,seeds listed in policy_outcomes.csv; config/base.json
s5_fraction_ebd,paired_monte_carlo,0.3107638888888889,0.0,1.0,proportion,results/policy_outcomes.csv,src/agentic_conservation/analysis.py,seeds listed in policy_outcomes.csv; config/base.json
s5_lifetime_welfare,paired_monte_carlo,190.0422050562109,115.42789621743756,267.6281639881942,welfare-person-years_per_year,results/policy_outcomes.csv,src/agentic_conservation/analysis.py,seeds listed in policy_outcomes.csv; config/base.json
s5_mean_individual_welfare,paired_monte_carlo,0.6144508053422523,0.5622159771126815,0.6615728663341076,mean_welfare_index,results/policy_outcomes.csv,src/agentic_conservation/analysis.py,seeds listed in policy_outcomes.csv; config/base.json
s5_founder_effective,paired_monte_carlo,3.268057263656685,1.9551813229378767,4.992042095406063,effective_founders,results/policy_outcomes.csv,src/agentic_conservation/analysis.py,seeds listed in policy_outcomes.csv; config/base.json
s5_mean_inbreeding,paired_monte_carlo,0.0158988555410008,0.000237013699581,0.1034061721274021,proportion,results/policy_outcomes.csv,src/agentic_conservation/analysis.py,seeds listed in policy_outcomes.csv; config/base.json
s5_heterozygosity_proxy,paired_monte_carlo,0.9841011444589992,0.8965938278725978,0.9997629863004188,proportion,results/policy_outcomes.csv,src/agentic_conservation/analysis.py,seeds listed in policy_outcomes.csv; config/base.json
s5_successful_reintroductions,paired_monte_carlo,243.2552083333333,67.0,394.225,individual_movements,results/policy_outcomes.csv,src/agentic_conservation/analysis.py,seeds listed in policy_outcomes.csv; config/base.json
s5_cost,paired_monte_carlo,11184.785635051716,11076.556462755052,11262.85841278881,budget_units,results/policy_outcomes.csv,src/agentic_conservation/analysis.py,seeds listed in policy_outcomes.csv; config/base.json
s5_available_budget,paired_monte_carlo,11184.785635051716,11076.556462755052,11262.85841278881,budget_units,results/policy_outcomes.csv,src/agentic_conservation/analysis.py,seeds listed in policy_outcomes.csv; config/base.json
s5_cost_per_species_retained,paired_monte_carlo,4621.065845113694,2782.435706192017,11219.411992444262,budget_units_per_species,results/policy_outcomes.csv,src/agentic_conservation/analysis.py,seeds listed in policy_outcomes.csv; config/base.json
s5_engagement,paired_monte_carlo,1.5,1.5,1.5,index,results/policy_outcomes.csv,src/agentic_conservation/analysis.py,seeds listed in policy_outcomes.csv; config/base.json
s5_habitat_integrity,paired_monte_carlo,0.365046936960337,0.1314426073316841,0.5176915416401741,index,results/policy_outcomes.csv,src/agentic_conservation/analysis.py,seeds listed in policy_outcomes.csv; config/base.json
s5_future_option_value,paired_monte_carlo,0.2529217485107992,0.1275828243426645,0.3433256932588774,index,results/policy_outcomes.csv,src/agentic_conservation/analysis.py,seeds listed in policy_outcomes.csv; config/base.json
s5_disease_prevalence,paired_monte_carlo,0.0004566736300405,8.560533588435376e-05,0.0009309031810189,proportion,results/policy_outcomes.csv,src/agentic_conservation/analysis.py,seeds listed in policy_outcomes.csv; config/base.json
s5_relocation_burden,paired_monte_carlo,75.33020833333332,56.577500000000015,85.445,stress-weighted_movements,results/policy_outcomes.csv,src/agentic_conservation/analysis.py,seeds listed in policy_outcomes.csv; config/base.json
s5_quarantine_cost,paired_monte_carlo,188.3255208333333,141.44375,213.6125,budget_units,results/policy_outcomes.csv,src/agentic_conservation/analysis.py,seeds listed in policy_outcomes.csv; config/base.json
s5_biobank_coverage,paired_monte_carlo,0.1232722546409929,0.078330019949566,0.1562809853930722,proportion,results/policy_outcomes.csv,src/agentic_conservation/analysis.py,seeds listed in policy_outcomes.csv; config/base.json
s5_welfare_burden_predation,paired_monte_carlo,0.0101846301418034,0.0055413769308412,0.0131877900676322,mean_welfare_burden,results/policy_outcomes.csv,src/agentic_conservation/analysis.py,seeds listed in policy_outcomes.csv; config/base.json
s5_welfare_burden_food_insecurity,paired_monte_carlo,0.0750451676486792,0.0697009236346306,0.0812577025186004,mean_welfare_burden,results/policy_outcomes.csv,src/agentic_conservation/analysis.py,seeds listed in policy_outcomes.csv; config/base.json
s5_welfare_burden_crowding,paired_monte_carlo,0.0639838140411973,0.0173497384219404,0.1149478111374637,mean_welfare_burden,results/policy_outcomes.csv,src/agentic_conservation/analysis.py,seeds listed in policy_outcomes.csv; config/base.json
s5_welfare_burden_restriction,paired_monte_carlo,0.012422793397189,0.004446652674871,0.0250188744379893,mean_welfare_burden,results/policy_outcomes.csv,src/agentic_conservation/analysis.py,seeds listed in policy_outcomes.csv; config/base.json
s5_welfare_burden_infection,paired_monte_carlo,7.306778080648479e-05,1.3696853741496598e-05,0.000148944508963,mean_welfare_burden,results/policy_outcomes.csv,src/agentic_conservation/analysis.py,seeds listed in policy_outcomes.csv; config/base.json
s5_welfare_burden_habituation,paired_monte_carlo,0.0008447945505944,0.0005729575389953,0.0012454591815966,mean_welfare_burden,results/policy_outcomes.csv,src/agentic_conservation/analysis.py,seeds listed in policy_outcomes.csv; config/base.json
s5_welfare_burden_relocation,paired_monte_carlo,0.0003515791081696,0.0002113080279469,0.0006254752099932,mean_welfare_burden,results/policy_outcomes.csv,src/agentic_conservation/analysis.py,seeds listed in policy_outcomes.csv; config/base.json
s5_refuge_moves,paired_monte_carlo,0.0,0.0,0.0,individual_movements,results/policy_outcomes.csv,src/agentic_conservation/analysis.py,seeds listed in policy_outcomes.csv; config/base.json
s5_origin_returns,paired_monte_carlo,0.0,0.0,0.0,individual_movements,results/policy_outcomes.csv,src/agentic_conservation/analysis.py,seeds listed in policy_outcomes.csv; config/base.json
s5_total_abundance,paired_monte_carlo,385.9166666666667,129.1,749.025,individuals,results/policy_outcomes.csv,src/agentic_conservation/analysis.py,seeds listed in policy_outcomes.csv; config/base.json
s6_survival_50,paired_monte_carlo,0.70703125,0.0,1.0,proportion,results/policy_outcomes.csv,src/agentic_conservation/analysis.py,seeds listed in policy_outcomes.csv; config/base.json
s6_survival_100,paired_monte_carlo,0.5286458333333334,0.0,0.875,proportion,results/policy_outcomes.csv,src/agentic_conservation/analysis.py,seeds listed in policy_outcomes.csv; config/base.json
s6_species_retained_100,paired_monte_carlo,4.229166666666667,0.0,7.0,species,results/policy_outcomes.csv,src/agentic_conservation/analysis.py,seeds listed in policy_outcomes.csv; config/base.json
s6_wild_abundance,paired_monte_carlo,520.9322916666666,0.0,1092.0,individuals,results/policy_outcomes.csv,src/agentic_conservation/analysis.py,seeds listed in policy_outcomes.csv; config/base.json
s6_fraction_ebd,paired_monte_carlo,0.173611111111111,0.0,0.6666666666666666,proportion,results/policy_outcomes.csv,src/agentic_conservation/analysis.py,seeds listed in policy_outcomes.csv; config/base.json
s6_lifetime_welfare,paired_monte_carlo,484.5215453697904,37.52805306169609,721.4672829361266,welfare-person-years_per_year,results/policy_outcomes.csv,src/agentic_conservation/analysis.py,seeds listed in policy_outcomes.csv; config/base.json
s6_mean_individual_welfare,paired_monte_carlo,0.7317633413002533,0.3345566134074919,0.780431622428127,mean_welfare_index,results/policy_outcomes.csv,src/agentic_conservation/analysis.py,seeds listed in policy_outcomes.csv; config/base.json
s6_founder_effective,paired_monte_carlo,3.901743296151224,0.0,6.31393388483464,effective_founders,results/policy_outcomes.csv,src/agentic_conservation/analysis.py,seeds listed in policy_outcomes.csv; config/base.json
s6_mean_inbreeding,paired_monte_carlo,0.0065240624134579,0.0,0.0625944259794109,proportion,results/policy_outcomes.csv,src/agentic_conservation/analysis.py,seeds listed in policy_outcomes.csv; config/base.json
s6_heterozygosity_proxy,paired_monte_carlo,0.993475937586542,0.937405574020589,1.0,proportion,results/policy_outcomes.csv,src/agentic_conservation/analysis.py,seeds listed in policy_outcomes.csv; config/base.json
s6_successful_reintroductions,paired_monte_carlo,0.0,0.0,0.0,individual_movements,results/policy_outcomes.csv,src/agentic_conservation/analysis.py,seeds listed in policy_outcomes.csv; config/base.json
s6_cost,paired_monte_carlo,11192.089289048812,11086.43365779382,11257.357186533314,budget_units,results/policy_outcomes.csv,src/agentic_conservation/analysis.py,seeds listed in policy_outcomes.csv; config/base.json
s6_available_budget,paired_monte_carlo,11192.089289048812,11086.433657793825,11257.357186533316,budget_units,results/policy_outcomes.csv,src/agentic_conservation/analysis.py,seeds listed in policy_outcomes.csv; config/base.json
s6_cost_per_species_retained,paired_monte_carlo,4034.87686374165,1594.4141879468912,11222.656716033129,budget_units_per_species,results/policy_outcomes.csv,src/agentic_conservation/analysis.py,seeds listed in policy_outcomes.csv; config/base.json
s6_engagement,paired_monte_carlo,1.5,1.5,1.5,index,results/policy_outcomes.csv,src/agentic_conservation/analysis.py,seeds listed in policy_outcomes.csv; config/base.json
s6_habitat_integrity,paired_monte_carlo,0.8569351498151944,0.6402814659819128,0.9618319999999998,index,results/policy_outcomes.csv,src/agentic_conservation/analysis.py,seeds listed in policy_outcomes.csv; config/base.json
s6_future_option_value,paired_monte_carlo,0.3708864939375222,0.0701585783298593,0.5522262541929075,index,results/policy_outcomes.csv,src/agentic_conservation/analysis.py,seeds listed in policy_outcomes.csv; config/base.json
s6_disease_prevalence,paired_monte_carlo,0.0002086018696002,2.509736180904523e-05,0.000531004433893,proportion,results/policy_outcomes.csv,src/agentic_conservation/analysis.py,seeds listed in policy_outcomes.csv; config/base.json
s6_relocation_burden,paired_monte_carlo,0.0,0.0,0.0,stress-weighted_movements,results/policy_outcomes.csv,src/agentic_conservation/analysis.py,seeds listed in policy_outcomes.csv; config/base.json
s6_quarantine_cost,paired_monte_carlo,0.0,0.0,0.0,budget_units,results/policy_outcomes.csv,src/agentic_conservation/analysis.py,seeds listed in policy_outcomes.csv; config/base.json
s6_biobank_coverage,paired_monte_carlo,0.0414246049724528,0.0090336199232474,0.0550627538335817,proportion,results/policy_outcomes.csv,src/agentic_conservation/analysis.py,seeds listed in policy_outcomes.csv; config/base.json
s6_welfare_burden_predation,paired_monte_carlo,0.0153616666666666,0.007588,0.016,mean_welfare_burden,results/policy_outcomes.csv,src/agentic_conservation/analysis.py,seeds listed in policy_outcomes.csv; config/base.json
s6_welfare_burden_food_insecurity,paired_monte_carlo,0.0488116553183295,0.0322362581260248,0.0802061887904981,mean_welfare_burden,results/policy_outcomes.csv,src/agentic_conservation/analysis.py,seeds listed in policy_outcomes.csv; config/base.json
s6_welfare_burden_crowding,paired_monte_carlo,0.0,0.0,0.0,mean_welfare_burden,results/policy_outcomes.csv,src/agentic_conservation/analysis.py,seeds listed in policy_outcomes.csv; config/base.json
s6_welfare_burden_restriction,paired_monte_carlo,0.0,0.0,0.0,mean_welfare_burden,results/policy_outcomes.csv,src/agentic_conservation/analysis.py,seeds listed in policy_outcomes.csv; config/base.json
s6_welfare_burden_infection,paired_monte_carlo,3.3376299136047896e-05,4.015577889447236e-06,8.496070942288045e-05,mean_welfare_burden,results/policy_outcomes.csv,src/agentic_conservation/analysis.py,seeds listed in policy_outcomes.csv; config/base.json
s6_welfare_burden_habituation,paired_monte_carlo,0.0009164187489478,0.0003566531009304,0.0010862967995671,mean_welfare_burden,results/policy_outcomes.csv,src/agentic_conservation/analysis.py,seeds listed in policy_outcomes.csv; config/base.json
s6_welfare_burden_relocation,paired_monte_carlo,0.0,0.0,0.0,mean_welfare_burden,results/policy_outcomes.csv,src/agentic_conservation/analysis.py,seeds listed in policy_outcomes.csv; config/base.json
s6_refuge_moves,paired_monte_carlo,0.0,0.0,0.0,individual_movements,results/policy_outcomes.csv,src/agentic_conservation/analysis.py,seeds listed in policy_outcomes.csv; config/base.json
s6_origin_returns,paired_monte_carlo,0.0,0.0,0.0,individual_movements,results/policy_outcomes.csv,src/agentic_conservation/analysis.py,seeds listed in policy_outcomes.csv; config/base.json
s6_total_abundance,paired_monte_carlo,520.9322916666666,0.0,1092.0,individuals,results/policy_outcomes.csv,src/agentic_conservation/analysis.py,seeds listed in policy_outcomes.csv; config/base.json
s7_survival_50,paired_monte_carlo,0.5813802083333334,0.25,0.875,proportion,results/policy_outcomes.csv,src/agentic_conservation/analysis.py,seeds listed in policy_outcomes.csv; config/base.json
s7_survival_100,paired_monte_carlo,0.4733072916666667,0.125,0.75,proportion,results/policy_outcomes.csv,src/agentic_conservation/analysis.py,seeds listed in policy_outcomes.csv; config/base.json
s7_species_retained_100,paired_monte_carlo,3.7864583333333335,1.0,6.0,species,results/policy_outcomes.csv,src/agentic_conservation/analysis.py,seeds listed in policy_outcomes.csv; config/base.json
s7_wild_abundance,paired_monte_carlo,633.09375,0.0,1200.0,individuals,results/policy_outcomes.csv,src/agentic_conservation/analysis.py,seeds listed in policy_outcomes.csv; config/base.json
s7_fraction_ebd,paired_monte_carlo,0.2274305555555555,0.0,0.6666666666666666,proportion,results/policy_outcomes.csv,src/agentic_conservation/analysis.py,seeds listed in policy_outcomes.csv; config/base.json
s7_lifetime_welfare,paired_monte_carlo,248.96547293959333,124.41293055511252,349.861816951888,welfare-person-years_per_year,results/policy_outcomes.csv,src/agentic_conservation/analysis.py,seeds listed in policy_outcomes.csv; config/base.json
s7_mean_individual_welfare,paired_monte_carlo,0.6170345667398179,0.4410530472064249,0.7422107263657041,mean_welfare_index,results/policy_outcomes.csv,src/agentic_conservation/analysis.py,seeds listed in policy_outcomes.csv; config/base.json
s7_founder_effective,paired_monte_carlo,3.2968694473087807,1.610217263779493,4.63744361638045,effective_founders,results/policy_outcomes.csv,src/agentic_conservation/analysis.py,seeds listed in policy_outcomes.csv; config/base.json
s7_mean_inbreeding,paired_monte_carlo,0.0174408129816133,0.0,0.1097883203914323,proportion,results/policy_outcomes.csv,src/agentic_conservation/analysis.py,seeds listed in policy_outcomes.csv; config/base.json
s7_heterozygosity_proxy,paired_monte_carlo,0.9825591870183866,0.8902116796085676,1.0,proportion,results/policy_outcomes.csv,src/agentic_conservation/analysis.py,seeds listed in policy_outcomes.csv; config/base.json
s7_successful_reintroductions,paired_monte_carlo,75.09895833333333,13.325,185.45,individual_movements,results/policy_outcomes.csv,src/agentic_conservation/analysis.py,seeds listed in policy_outcomes.csv; config/base.json
s7_cost,paired_monte_carlo,11162.327397190616,11048.147636350055,11247.362357556143,budget_units,results/policy_outcomes.csv,src/agentic_conservation/analysis.py,seeds listed in policy_outcomes.csv; config/base.json
s7_available_budget,paired_monte_carlo,11162.327397190618,11048.147636350055,11247.362357556143,budget_units,results/policy_outcomes.csv,src/agentic_conservation/analysis.py,seeds listed in policy_outcomes.csv; config/base.json
s7_cost_per_species_retained,paired_monte_carlo,3816.445345565297,1857.1739138382345,11187.764346000044,budget_units_per_species,results/policy_outcomes.csv,src/agentic_conservation/analysis.py,seeds listed in policy_outcomes.csv; config/base.json
s7_engagement,paired_monte_carlo,1.5,1.5,1.5,index,results/policy_outcomes.csv,src/agentic_conservation/analysis.py,seeds listed in policy_outcomes.csv; config/base.json
s7_habitat_integrity,paired_monte_carlo,0.563461280234353,0.3255754996726595,0.7397445577698525,index,results/policy_outcomes.csv,src/agentic_conservation/analysis.py,seeds listed in policy_outcomes.csv; config/base.json
s7_future_option_value,paired_monte_carlo,0.3313738123475102,0.1301450422429411,0.4728598557240747,index,results/policy_outcomes.csv,src/agentic_conservation/analysis.py,seeds listed in policy_outcomes.csv; config/base.json
s7_disease_prevalence,paired_monte_carlo,0.0002980837748971,2.693787496739414e-05,0.0007749548509534,proportion,results/policy_outcomes.csv,src/agentic_conservation/analysis.py,seeds listed in policy_outcomes.csv; config/base.json
s7_relocation_burden,paired_monte_carlo,24.900000000000016,11.22,41.81250000000004,stress-weighted_movements,results/policy_outcomes.csv,src/agentic_conservation/analysis.py,seeds listed in policy_outcomes.csv; config/base.json
s7_quarantine_cost,paired_monte_carlo,62.25,28.05,104.53125,budget_units,results/policy_outcomes.csv,src/agentic_conservation/analysis.py,seeds listed in policy_outcomes.csv; config/base.json
s7_biobank_coverage,paired_monte_carlo,0.1453535430049355,0.0796863118183775,0.1948241811709053,proportion,results/policy_outcomes.csv,src/agentic_conservation/analysis.py,seeds listed in policy_outcomes.csv; config/base.json
s7_welfare_burden_predation,paired_monte_carlo,0.013867696727619,0.009044449963015,0.0166265067246738,mean_welfare_burden,results/policy_outcomes.csv,src/agentic_conservation/analysis.py,seeds listed in policy_outcomes.csv; config/base.json
s7_welfare_burden_food_insecurity,paired_monte_carlo,0.0575045801654097,0.04454042988244,0.078576754405131,mean_welfare_burden,results/policy_outcomes.csv,src/agentic_conservation/analysis.py,seeds listed in policy_outcomes.csv; config/base.json
s7_welfare_burden_crowding,paired_monte_carlo,0.1061196980273008,0.0001185873013607,0.2611558702146992,mean_welfare_burden,results/policy_outcomes.csv,src/agentic_conservation/analysis.py,seeds listed in policy_outcomes.csv; config/base.json
s7_welfare_burden_restriction,paired_monte_carlo,0.0105327814040475,0.000144752685727,0.0246058535314317,mean_welfare_burden,results/policy_outcomes.csv,src/agentic_conservation/analysis.py,seeds listed in policy_outcomes.csv; config/base.json
s7_welfare_burden_infection,paired_monte_carlo,4.769340398354896e-05,4.3100599947830624e-06,0.0001239927761525,mean_welfare_burden,results/policy_outcomes.csv,src/agentic_conservation/analysis.py,seeds listed in policy_outcomes.csv; config/base.json
s7_welfare_burden_habituation,paired_monte_carlo,0.0008939849823454,0.0005117981630397,0.0012500720795548,mean_welfare_burden,results/policy_outcomes.csv,src/agentic_conservation/analysis.py,seeds listed in policy_outcomes.csv; config/base.json
s7_welfare_burden_relocation,paired_monte_carlo,0.0001299999855259,4.947455249434403e-05,0.0004523158737724,mean_welfare_burden,results/policy_outcomes.csv,src/agentic_conservation/analysis.py,seeds listed in policy_outcomes.csv; config/base.json
s7_refuge_moves,paired_monte_carlo,0.0,0.0,0.0,individual_movements,results/policy_outcomes.csv,src/agentic_conservation/analysis.py,seeds listed in policy_outcomes.csv; config/base.json
s7_origin_returns,paired_monte_carlo,0.0,0.0,0.0,individual_movements,results/policy_outcomes.csv,src/agentic_conservation/analysis.py,seeds listed in policy_outcomes.csv; config/base.json
s7_total_abundance,paired_monte_carlo,652.0104166666666,36.62500000000001,1200.0,individuals,results/policy_outcomes.csv,src/agentic_conservation/analysis.py,seeds listed in policy_outcomes.csv; config/base.json
s7_survival_50_oracle,paired_monte_carlo,0.5618489583333334,0.25,0.75,proportion,results/policy_outcomes.csv,src/agentic_conservation/analysis.py,seeds listed in policy_outcomes.csv; config/base.json
s7_survival_100_oracle,paired_monte_carlo,0.4622395833333333,0.125,0.75,proportion,results/policy_outcomes.csv,src/agentic_conservation/analysis.py,seeds listed in policy_outcomes.csv; config/base.json
s7_species_retained_100_oracle,paired_monte_carlo,3.6979166666666665,1.0,6.0,species,results/policy_outcomes.csv,src/agentic_conservation/analysis.py,seeds listed in policy_outcomes.csv; config/base.json
s7_wild_abundance_oracle,paired_monte_carlo,570.4375,0.0,955.2499999999998,individuals,results/policy_outcomes.csv,src/agentic_conservation/analysis.py,seeds listed in policy_outcomes.csv; config/base.json
s7_fraction_ebd_oracle,paired_monte_carlo,0.2239583333333333,0.0,0.6666666666666666,proportion,results/policy_outcomes.csv,src/agentic_conservation/analysis.py,seeds listed in policy_outcomes.csv; config/base.json
s7_lifetime_welfare_oracle,paired_monte_carlo,241.8033831024908,127.41831605614269,305.9121304706386,welfare-person-years_per_year,results/policy_outcomes.csv,src/agentic_conservation/analysis.py,seeds listed in policy_outcomes.csv; config/base.json
s7_mean_individual_welfare_oracle,paired_monte_carlo,0.6181702252599973,0.4374914660026067,0.7440897831812332,mean_welfare_index,results/policy_outcomes.csv,src/agentic_conservation/analysis.py,seeds listed in policy_outcomes.csv; config/base.json
s7_founder_effective_oracle,paired_monte_carlo,3.730840897878221,2.2939921458861603,4.8814992867365135,effective_founders,results/policy_outcomes.csv,src/agentic_conservation/analysis.py,seeds listed in policy_outcomes.csv; config/base.json
s7_mean_inbreeding_oracle,paired_monte_carlo,0.0077861024458088,0.0,0.0679575274294247,proportion,results/policy_outcomes.csv,src/agentic_conservation/analysis.py,seeds listed in policy_outcomes.csv; config/base.json
s7_heterozygosity_proxy_oracle,paired_monte_carlo,0.9922138975541912,0.9320424725705752,1.0,proportion,results/policy_outcomes.csv,src/agentic_conservation/analysis.py,seeds listed in policy_outcomes.csv; config/base.json
s7_successful_reintroductions_oracle,paired_monte_carlo,18.401041666666668,0.0,144.02499999999995,individual_movements,results/policy_outcomes.csv,src/agentic_conservation/analysis.py,seeds listed in policy_outcomes.csv; config/base.json
s7_cost_oracle,paired_monte_carlo,11152.907274989651,11039.463665091254,11247.762135282856,budget_units,results/policy_outcomes.csv,src/agentic_conservation/analysis.py,seeds listed in policy_outcomes.csv; config/base.json
s7_available_budget_oracle,paired_monte_carlo,11152.907274989651,11039.463665091254,11247.762135282856,budget_units,results/policy_outcomes.csv,src/agentic_conservation/analysis.py,seeds listed in policy_outcomes.csv; config/base.json
s7_cost_per_species_retained_oracle,paired_monte_carlo,3514.436144315123,1879.198845410908,11107.745399778443,budget_units_per_species,results/policy_outcomes.csv,src/agentic_conservation/analysis.py,seeds listed in policy_outcomes.csv; config/base.json
s7_engagement_oracle,paired_monte_carlo,1.5,1.5,1.5,index,results/policy_outcomes.csv,src/agentic_conservation/analysis.py,seeds listed in policy_outcomes.csv; config/base.json
s7_habitat_integrity_oracle,paired_monte_carlo,0.5631586683685531,0.3254123100715752,0.7394499293256095,index,results/policy_outcomes.csv,src/agentic_conservation/analysis.py,seeds listed in policy_outcomes.csv; config/base.json
s7_future_option_value_oracle,paired_monte_carlo,0.3300787902986614,0.152490250720043,0.4568895127360439,index,results/policy_outcomes.csv,src/agentic_conservation/analysis.py,seeds listed in policy_outcomes.csv; config/base.json
s7_disease_prevalence_oracle,paired_monte_carlo,0.0002583566298208,2.607914278932556e-05,0.0005963803144731,proportion,results/policy_outcomes.csv,src/agentic_conservation/analysis.py,seeds listed in policy_outcomes.csv; config/base.json
s7_relocation_burden_oracle,paired_monte_carlo,14.951562500000003,3.877500000000001,30.83500000000003,stress-weighted_movements,results/policy_outcomes.csv,src/agentic_conservation/analysis.py,seeds listed in policy_outcomes.csv; config/base.json
s7_quarantine_cost_oracle,paired_monte_carlo,37.37890625,9.69375,77.08749999999999,budget_units,results/policy_outcomes.csv,src/agentic_conservation/analysis.py,seeds listed in policy_outcomes.csv; config/base.json
s7_biobank_coverage_oracle,paired_monte_carlo,0.1422335099151193,0.0991319047235944,0.185543367914142,proportion,results/policy_outcomes.csv,src/agentic_conservation/analysis.py,seeds listed in policy_outcomes.csv; config/base.json
s7_welfare_burden_predation_oracle,paired_monte_carlo,0.0142237565721869,0.0106529109335374,0.0171455155047491,mean_welfare_burden,results/policy_outcomes.csv,src/agentic_conservation/analysis.py,seeds listed in policy_outcomes.csv; config/base.json
s7_welfare_burden_food_insecurity_oracle,paired_monte_carlo,0.0568896876643163,0.042902960052161,0.0776164704507926,mean_welfare_burden,results/policy_outcomes.csv,src/agentic_conservation/analysis.py,seeds listed in policy_outcomes.csv; config/base.json
s7_welfare_burden_crowding_oracle,paired_monte_carlo,0.1131820969480072,0.0,0.2981483374650153,mean_welfare_burden,results/policy_outcomes.csv,src/agentic_conservation/analysis.py,seeds listed in policy_outcomes.csv; config/base.json
s7_welfare_burden_restriction_oracle,paired_monte_carlo,0.0113023902538043,0.0,0.0252900507595806,mean_welfare_burden,results/policy_outcomes.csv,src/agentic_conservation/analysis.py,seeds listed in policy_outcomes.csv; config/base.json
s7_welfare_burden_infection_oracle,paired_monte_carlo,4.133706077134139e-05,4.172662846292089e-06,9.54208503157086e-05,mean_welfare_burden,results/policy_outcomes.csv,src/agentic_conservation/analysis.py,seeds listed in policy_outcomes.csv; config/base.json
s7_welfare_burden_habituation_oracle,paired_monte_carlo,0.0009314087980835,0.0005423793901147,0.0012200286104419,mean_welfare_burden,results/policy_outcomes.csv,src/agentic_conservation/analysis.py,seeds listed in policy_outcomes.csv; config/base.json
s7_welfare_burden_relocation_oracle,paired_monte_carlo,7.082126743763509e-05,4.125453037676037e-05,0.0001411011462968,mean_welfare_burden,results/policy_outcomes.csv,src/agentic_conservation/analysis.py,seeds listed in policy_outcomes.csv; config/base.json
s7_refuge_moves_oracle,paired_monte_carlo,0.0,0.0,0.0,individual_movements,results/policy_outcomes.csv,src/agentic_conservation/analysis.py,seeds listed in policy_outcomes.csv; config/base.json
s7_origin_returns_oracle,paired_monte_carlo,0.0,0.0,0.0,individual_movements,results/policy_outcomes.csv,src/agentic_conservation/analysis.py,seeds listed in policy_outcomes.csv; config/base.json
s7_total_abundance_oracle,paired_monte_carlo,582.3697916666666,78.2,955.2499999999998,individuals,results/policy_outcomes.csv,src/agentic_conservation/analysis.py,seeds listed in policy_outcomes.csv; config/base.json
current_state_information_decision_utility,paired_current_state_information,-0.0034869119949461,-0.1122038337436878,0.1308772514265368,weighted_utility_index,results/information_value.csv,src/agentic_conservation/analysis.py,paired S7 keyed streams; no hindsight action retention
current_state_information_survival_100,paired_current_state_information,-0.0110677083333333,-0.25,0.25,proportion,results/information_value.csv,src/agentic_conservation/analysis.py,paired S7 keyed streams; no hindsight action retention
current_state_information_future_option_value,paired_current_state_information,-0.0012950220488488,-0.1214114058991666,0.1276250125733462,proportion,results/information_value.csv,src/agentic_conservation/analysis.py,paired S7 keyed streams; no hindsight action retention
current_state_information_fraction_ebd,paired_current_state_information,-0.0034722222222222,-0.3333333333333333,0.3333333333333333,proportion,results/information_value.csv,src/agentic_conservation/analysis.py,paired S7 keyed streams; no hindsight action retention
przewalskis_horse_gbif_query_total,gbif_observation_coverage,785.0,,,occurrence_records,data/processed/gbif_coverage_summary.csv,scripts/analyze_empirical.py,persisted GBIF query snapshot; see provenance/source_ledger.csv
przewalskis_horse_records_2000_2025,gbif_observation_coverage,700.0,,,occurrence_records,data/processed/gbif_coverage_summary.csv,scripts/analyze_empirical.py,persisted GBIF query snapshot; see provenance/source_ledger.csv
przewalskis_horse_records_2015_2025,gbif_observation_coverage,663.0,,,occurrence_records,data/processed/gbif_coverage_summary.csv,scripts/analyze_empirical.py,persisted GBIF query snapshot; see provenance/source_ledger.csv
scimitar-horned_oryx_gbif_query_total,gbif_observation_coverage,227.0,,,occurrence_records,data/processed/gbif_coverage_summary.csv,scripts/analyze_empirical.py,persisted GBIF query snapshot; see provenance/source_ledger.csv
scimitar-horned_oryx_records_2000_2025,gbif_observation_coverage,133.0,,,occurrence_records,data/processed/gbif_coverage_summary.csv,scripts/analyze_empirical.py,persisted GBIF query snapshot; see provenance/source_ledger.csv
scimitar-horned_oryx_records_2015_2025,gbif_observation_coverage,125.0,,,occurrence_records,data/processed/gbif_coverage_summary.csv,scripts/analyze_empirical.py,persisted GBIF query snapshot; see provenance/source_ledger.csv
california_condor_gbif_query_total,gbif_observation_coverage,33646.0,,,occurrence_records,data/processed/gbif_coverage_summary.csv,scripts/analyze_empirical.py,persisted GBIF query snapshot; see provenance/source_ledger.csv
california_condor_records_2000_2025,gbif_observation_coverage,31951.0,,,occurrence_records,data/processed/gbif_coverage_summary.csv,scripts/analyze_empirical.py,persisted GBIF query snapshot; see provenance/source_ledger.csv
california_condor_records_2015_2025,gbif_observation_coverage,25910.0,,,occurrence_records,data/processed/gbif_coverage_summary.csv,scripts/analyze_empirical.py,persisted GBIF query snapshot; see provenance/source_ledger.csv
information_utility_weight_survival_100,normative_assumption,0.35,,,proportion,config/analysis.json,src/agentic_conservation/analysis.py,information_utility_weights
information_utility_weight_future_option_value,normative_assumption,0.2,,,proportion,config/analysis.json,src/agentic_conservation/analysis.py,information_utility_weights
information_utility_weight_habitat_integrity,normative_assumption,0.15,,,proportion,config/analysis.json,src/agentic_conservation/analysis.py,information_utility_weights
information_utility_weight_ebd_avoidance,normative_assumption,0.15,,,proportion,config/analysis.json,src/agentic_conservation/analysis.py,information_utility_weights
information_utility_weight_mean_individual_welfare,normative_assumption,0.15,,,proportion,config/analysis.json,src/agentic_conservation/analysis.py,information_utility_weights
budget_diagnostic_utility_weight_survival_100,budget_diagnostic_assumption,0.4,,,proportion,config/audit_designs.json,src/agentic_conservation/audits.py,budget_robustness.diagnostic_utility_weights
budget_diagnostic_utility_weight_species_retained_100,budget_diagnostic_assumption,0.25,,,proportion,config/audit_designs.json,src/agentic_conservation/audits.py,budget_robustness.diagnostic_utility_weights
budget_diagnostic_utility_weight_mean_individual_welfare,budget_diagnostic_assumption,0.15,,,proportion,config/audit_designs.json,src/agentic_conservation/audits.py,budget_robustness.diagnostic_utility_weights
budget_diagnostic_utility_weight_future_option_value,budget_diagnostic_assumption,0.1,,,proportion,config/audit_designs.json,src/agentic_conservation/audits.py,budget_robustness.diagnostic_utility_weights
budget_diagnostic_utility_weight_ebd_avoidance,budget_diagnostic_assumption,0.1,,,proportion,config/audit_designs.json,src/agentic_conservation/audits.py,budget_robustness.diagnostic_utility_weights
information_weight_sensitivity_registered,information_weight_sensitivity,-0.0034869119949461,-0.1122038337436878,0.1308772514265368,weighted_utility_index,results/information_weight_sensitivity.csv,src/agentic_conservation/analysis.py,config/analysis.json
information_weight_sensitivity_equal_components,information_weight_sensitivity,-0.0016114923011161,-0.1102767350519214,0.125019215931622,weighted_utility_index,results/information_weight_sensitivity.csv,src/agentic_conservation/analysis.py,config/analysis.json
information_weight_sensitivity_persistence_priority,information_weight_sensitivity,-0.0063396003172247,-0.1617514236926455,0.169235399140381,weighted_utility_index,results/information_weight_sensitivity.csv,src/agentic_conservation/analysis.py,config/analysis.json
information_weight_sensitivity_welfare_priority,information_weight_sensitivity,-0.0002379168904683,-0.0628559785561457,0.0760447077209836,weighted_utility_index,results/information_weight_sensitivity.csv,src/agentic_conservation/analysis.py,config/analysis.json
information_weight_sensitivity_future_option_priority,information_weight_sensitivity,-0.0014532571749824,-0.0946297038534753,0.1167397601346331,weighted_utility_index,results/information_weight_sensitivity.csv,src/agentic_conservation/analysis.py,config/analysis.json
information_weight_sensitivity_ebd_priority,information_weight_sensitivity,0.000930364960553,-0.2205293786243225,0.2231040735207938,weighted_utility_index,results/information_weight_sensitivity.csv,src/agentic_conservation/analysis.py,config/analysis.json
captivity_breeding_robust_s7_higher,two_factor_thresholds,0.0,,,grid_cells,results/threshold_sweep_audit.csv,src/agentic_conservation/analysis.py,paired sweep seeds; stable N=4 to N=8 and >1.96 Monte Carlo SE
captivity_breeding_robust_s6_higher,two_factor_thresholds,5.0,,,grid_cells,results/threshold_sweep_audit.csv,src/agentic_conservation/analysis.py,paired sweep seeds; stable N=4 to N=8 and >1.96 Monte Carlo SE
captivity_breeding_indeterminate,two_factor_thresholds,20.0,,,grid_cells,results/threshold_sweep_audit.csv,src/agentic_conservation/analysis.py,paired sweep seeds; stable N=4 to N=8 and >1.96 Monte Carlo SE
climate_assisted_risk_robust_s7_higher,two_factor_thresholds,15.0,,,grid_cells,results/threshold_sweep_audit.csv,src/agentic_conservation/analysis.py,paired sweep seeds; stable N=4 to N=8 and >1.96 Monte Carlo SE
climate_assisted_risk_robust_s6_higher,two_factor_thresholds,3.0,,,grid_cells,results/threshold_sweep_audit.csv,src/agentic_conservation/analysis.py,paired sweep seeds; stable N=4 to N=8 and >1.96 Monte Carlo SE
climate_assisted_risk_indeterminate,two_factor_thresholds,7.0,,,grid_cells,results/threshold_sweep_audit.csv,src/agentic_conservation/analysis.py,paired sweep seeds; stable N=4 to N=8 and >1.96 Monte Carlo SE
deterioration_relocation_robust_s7_higher,two_factor_thresholds,15.0,,,grid_cells,results/threshold_sweep_audit.csv,src/agentic_conservation/analysis.py,paired sweep seeds; stable N=4 to N=8 and >1.96 Monte Carlo SE
deterioration_relocation_robust_s6_higher,two_factor_thresholds,2.0,,,grid_cells,results/threshold_sweep_audit.csv,src/agentic_conservation/analysis.py,paired sweep seeds; stable N=4 to N=8 and >1.96 Monte Carlo SE
deterioration_relocation_indeterminate,two_factor_thresholds,8.0,,,grid_cells,results/threshold_sweep_audit.csv,src/agentic_conservation/analysis.py,paired sweep seeds; stable N=4 to N=8 and >1.96 Monte Carlo SE
engagement_habitat_robust_s7_higher,two_factor_thresholds,5.0,,,grid_cells,results/threshold_sweep_audit.csv,src/agentic_conservation/analysis.py,paired sweep seeds; stable N=4 to N=8 and >1.96 Monte Carlo SE
engagement_habitat_robust_s6_higher,two_factor_thresholds,7.0,,,grid_cells,results/threshold_sweep_audit.csv,src/agentic_conservation/analysis.py,paired sweep seeds; stable N=4 to N=8 and >1.96 Monte Carlo SE
engagement_habitat_indeterminate,two_factor_thresholds,13.0,,,grid_cells,results/threshold_sweep_audit.csv,src/agentic_conservation/analysis.py,paired sweep seeds; stable N=4 to N=8 and >1.96 Monte Carlo SE
latent_survey_robust_s7_higher,two_factor_thresholds,0.0,,,grid_cells,results/threshold_sweep_audit.csv,src/agentic_conservation/analysis.py,paired sweep seeds; stable N=4 to N=8 and >1.96 Monte Carlo SE
latent_survey_robust_s6_higher,two_factor_thresholds,9.0,,,grid_cells,results/threshold_sweep_audit.csv,src/agentic_conservation/analysis.py,paired sweep seeds; stable N=4 to N=8 and >1.96 Monte Carlo SE
latent_survey_indeterminate,two_factor_thresholds,16.0,,,grid_cells,results/threshold_sweep_audit.csv,src/agentic_conservation/analysis.py,paired sweep seeds; stable N=4 to N=8 and >1.96 Monte Carlo SE
pareto_nondominated_policy_count,pareto_assessment,6.0,,,policies,results/pareto_front.csv,src/agentic_conservation/analysis.py,six registered objectives
pareto_efficient_S0,pareto_assessment,1.0,,,binary_indicator,results/pareto_front.csv,src/agentic_conservation/analysis.py,six registered objectives
pareto_efficient_S1,pareto_assessment,1.0,,,binary_indicator,results/pareto_front.csv,src/agentic_conservation/analysis.py,six registered objectives
pareto_efficient_S2,pareto_assessment,0.0,,,binary_indicator,results/pareto_front.csv,src/agentic_conservation/analysis.py,six registered objectives
pareto_efficient_S3,pareto_assessment,1.0,,,binary_indicator,results/pareto_front.csv,src/agentic_conservation/analysis.py,six registered objectives
pareto_efficient_S4,pareto_assessment,1.0,,,binary_indicator,results/pareto_front.csv,src/agentic_conservation/analysis.py,six registered objectives
pareto_efficient_S5,pareto_assessment,0.0,,,binary_indicator,results/pareto_front.csv,src/agentic_conservation/analysis.py,six registered objectives
pareto_efficient_S6,pareto_assessment,1.0,,,binary_indicator,results/pareto_front.csv,src/agentic_conservation/analysis.py,six registered objectives
pareto_efficient_S7,pareto_assessment,1.0,,,binary_indicator,results/pareto_front.csv,src/agentic_conservation/analysis.py,six registered objectives
convergence_s7_s6_survival_100,monte_carlo_convergence,-0.0572916666666666,-0.625,0.625,endpoint_scale,results/convergence_audit.csv,src/agentic_conservation/audits.py,nested paired prefixes through N=384
convergence_s7_s6_species_retained_100,monte_carlo_convergence,-0.4583333333333333,-5.0,5.0,endpoint_scale,results/convergence_audit.csv,src/agentic_conservation/audits.py,nested paired prefixes through N=384
convergence_s7_s6_fraction_ebd,monte_carlo_convergence,0.0616319444444444,-0.3333333333333333,0.4750000000000037,endpoint_scale,results/convergence_audit.csv,src/agentic_conservation/audits.py,nested paired prefixes through N=384
convergence_s7_s6_mean_individual_welfare,monte_carlo_convergence,-0.1136343160871233,-0.2593201447083426,0.1961045361627975,endpoint_scale,results/convergence_audit.csv,src/agentic_conservation/audits.py,nested paired prefixes through N=384
convergence_s7_s6_future_option_value,monte_carlo_convergence,-0.0407330190527225,-0.3320767272129513,0.3156501415031051,endpoint_scale,results/convergence_audit.csv,src/agentic_conservation/audits.py,nested paired prefixes through N=384
