scenario,policy,n,survival,abundance,founder_effective,mean_inbreeding,disease_prevalence,quarantine_cost,biobank_coverage,future_option_value,engagement,available_budget
biobank_high_decay,S7,48,0.4609375,656.6458333333334,3.300596843712056,0.016065545284895306,0.00028799033881372264,62.364583333333336,0.03915879046170529,0.30606494600300965,1.5,11168.114265649398
biobank_no_decay,S7,48,0.4609375,656.6458333333334,3.300596843712056,0.016065545284895306,0.00028799033881372264,62.364583333333336,0.23758333333333348,0.34574985457733526,1.5,11168.114265649398
biobank_off,S7,48,0.4609375,656.6458333333334,3.300596843712056,0.016065545284895306,0.00028799033881372264,62.364583333333336,0.0,0.2982331879106686,1.5,11168.114265649398
biobank_on,S7,48,0.4609375,656.6458333333334,3.300596843712056,0.016065545284895306,0.00028799033881372264,62.364583333333336,0.14326786856415905,0.3268867616235004,1.5,11168.114265649398
disease_off,S4,48,0.3671875,404.4166666666667,3.3391000593965767,0.019176338116167552,0.0,0.0,0.10960797945890781,0.26112756543156984,1.5,11182.482984270568
disease_on,S4,48,0.3463541666666667,371.5625,3.3171926695827385,0.016412556779067444,0.006660369536960989,148.703125,0.10555245920553236,0.25072011880356054,1.5,11181.504927795184
engagement_negative,S2,48,0.12239583333333333,33.791666666666664,2.135866901517096,0.004904222130096048,0.0002821396015290499,45.140625,0.04397035508160735,0.10706175707549105,0.0,8325.105659386878
engagement_positive,S2,48,0.1328125,32.6875,2.1632830404173027,0.013486690138262255,0.00034447109276553186,49.401041666666664,0.04488747069717905,0.11448480910928062,1.5,11315.090817171418
engagement_zero,S2,48,0.14322916666666666,37.604166666666664,2.2296937511717005,0.01155992380732098,0.00031936358693630037,47.270833333333336,0.04659793890594951,0.11867217510406208,0.5,9372.551666666668
genetics_off,S7,48,0.3515625,313.125,2.44890945479746,0.312997130190863,0.00028594805370844655,52.333333333333336,0.12951849975336732,0.2663995815523748,1.5,11167.286881978189
genetics_on,S7,48,0.4609375,651.6666666666666,3.3458958212134084,0.010412390862831392,0.00027520892491653316,61.619791666666664,0.1423405330380917,0.3271537223239995,1.5,11167.98220414277
