policy,allocation_scenario,survival_100,species_retained_100,welfare,ebd,future_option,cost
S1,equal_active_categories,0.0,0.0,0.40058640279215774,0.25,0.06239205475420954,11134.911726407137
S1,fixed_archetype,0.3229166666666667,2.5833333333333335,0.677033148332152,0.25,0.26740108107118593,11192.066057132744
S1,habitat_priority,0.53125,4.25,0.7466447476497352,0.16666666666666666,0.3802341947034338,11195.590882709519
S1,movement_cautious,0.3333333333333333,2.6666666666666665,0.679737875215443,0.19444444444444442,0.27535822344532385,11195.347898195185
S2,equal_active_categories,0.0625,0.5,0.4765182415613372,0.4166666666666667,0.09843341602538884,11278.028764407112
S2,fixed_archetype,0.11458333333333333,0.9166666666666666,0.4754648069973432,0.75,0.10554775127011112,11320.289137491338
S2,habitat_priority,0.09375,0.75,0.4945300330483759,0.7222222222222222,0.10778457116805129,11277.80858818743
S2,movement_cautious,0.09375,0.75,0.48584871204504987,0.5277777777777778,0.09832424638470001,11250.0922622621
S3,equal_active_categories,0.2708333333333333,2.1666666666666665,0.5849110959065925,0.4166666666666667,0.2174823905622226,11202.279161690805
S3,fixed_archetype,0.3333333333333333,2.6666666666666665,0.5962713150493165,0.5277777777777778,0.24149485548093177,11198.627038450677
S3,habitat_priority,0.34375,2.75,0.637459899337229,0.5,0.25440746320947316,11189.492992802712
S3,movement_cautious,0.34375,2.75,0.6272670442748259,0.3333333333333333,0.24517260089520734,11185.95418375123
S4,equal_active_categories,0.17708333333333334,1.4166666666666667,0.579782458576417,0.25,0.16189050510196604,11187.187277666044
S4,fixed_archetype,0.3229166666666667,2.5833333333333335,0.589710685702306,0.2222222222222222,0.23628802823593562,11187.25069062601
S4,habitat_priority,0.3958333333333333,3.1666666666666665,0.5814374609735463,0.4166666666666667,0.28231471460354135,11183.43832480091
S4,movement_cautious,0.3229166666666667,2.5833333333333335,0.6061204327611365,0.19444444444444442,0.23512927635473455,11168.526927657715
S5,equal_active_categories,0.16666666666666666,1.3333333333333333,0.582902959544837,0.3611111111111111,0.15683726222832697,11183.927121742068
S5,fixed_archetype,0.3645833333333333,2.9166666666666665,0.6137008657765849,0.38888888888888884,0.25569352795561756,11192.729974759766
S5,habitat_priority,0.5208333333333334,4.166666666666667,0.5722705054936909,0.4166666666666667,0.3483586331227097,11188.214011385011
S5,movement_cautious,0.3333333333333333,2.6666666666666665,0.5952869378624267,0.19444444444444442,0.24636390682539808,11168.530538802204
S6,equal_active_categories,0.0,0.0,0.43902684349574433,0.27777777777777773,0.05722145521385544,11099.215560413117
S6,fixed_archetype,0.65625,5.25,0.722383169679881,0.16666666666666666,0.43638145112731036,11160.66103270709
S6,habitat_priority,0.6875,5.5,0.7275692070323746,0.25,0.4559357330007812,11158.481232457234
S6,movement_cautious,0.6145833333333334,4.916666666666667,0.7213172835982625,0.19444444444444442,0.4172328385221833,11160.767102979946
S7,equal_active_categories,0.1875,1.5,0.6234823459093809,0.3611111111111111,0.16839982352283325,11150.738262458823
S7,fixed_archetype,0.4375,3.5,0.5939670936704621,0.25,0.3116810175807189,11146.41791831986
S7,habitat_priority,0.5729166666666666,4.583333333333333,0.653005615203762,0.3055555555555555,0.3865466496495506,11157.330126717383
S7,movement_cautious,0.3854166666666667,3.0833333333333335,0.6286751497704078,0.16666666666666666,0.2919240207398958,11124.983692600896
