policy,oracle,metric,estimate,lower,upper,mc_half_width,n
S0,False,survival_50,0.115234375,0.0,0.2781249999999993,0.015019923144675252,192
S0,False,survival_100,0.0,0.0,0.0,0.0,192
S0,False,species_retained_100,0.0,0.0,0.0,0.0,192
S0,False,wild_abundance,0.0,0.0,0.0,0.0,192
S0,False,fraction_ebd,0.9930555555555555,1.0,1.0,0.00675189725010588,192
S0,False,lifetime_welfare,61.25008714885835,20.22673489973508,75.75596841228656,1.8966007384248342,192
S0,False,mean_individual_welfare,0.352255232442533,0.18827327260645865,0.4494717966874717,0.009265583891949923,192
S0,False,founder_effective,0.0,0.0,0.0,0.0,192
S0,False,mean_inbreeding,,,,inf,0
S0,False,heterozygosity_proxy,,,,inf,0
S0,False,successful_reintroductions,0.0,0.0,0.0,0.0,192
S0,False,cost,0.0,0.0,0.0,0.0,192
S0,False,available_budget,0.0,0.0,0.0,0.0,192
S0,False,cost_per_species_retained,0.0,0.0,0.0,0.0,192
S0,False,engagement,1.4148165490703821,1.2007394115274688,1.5,0.013304453019472112,192
S0,False,habitat_integrity,0.15358709970603657,0.05387805000000001,0.24796666666666647,0.009215439527292216,192
S0,False,future_option_value,0.015358709970603658,0.005387805000000001,0.024796666666666647,0.0009215439527292214,192
S0,False,disease_prevalence,0.00020733897581647734,2.559038547460711e-05,0.000547740692772018,1.9311629753820735e-05,192
S0,False,relocation_burden,0.0,0.0,0.0,0.0,192
S0,False,quarantine_cost,0.0,0.0,0.0,0.0,192
S0,False,biobank_coverage,0.0,0.0,0.0,0.0,192
S0,False,welfare_burden_predation,0.007961666666666672,0.004408000000000003,0.010240000000000006,0.0002056544375658299,192
S0,False,welfare_burden_food_insecurity,0.05234166518067998,0.03349522646428926,0.0705770697112797,0.0012710629791639848,192
S0,False,welfare_burden_crowding,0.0,0.0,0.0,0.0,192
S0,False,welfare_burden_restriction,0.0,0.0,0.0,0.0,192
S0,False,welfare_burden_infection,3.317423613063637e-05,4.094461675937138e-06,8.76385108435229e-05,3.089860760611318e-06,192
S0,False,welfare_burden_habituation,0.00041971980732312397,0.0002453140290608894,0.0006106936659544639,1.4017122219661334e-05,192
S0,False,welfare_burden_relocation,0.0,0.0,0.0,0.0,192
S0,False,refuge_moves,0.0,0.0,0.0,0.0,192
S0,False,origin_returns,0.0,0.0,0.0,0.0,192
S0,False,total_abundance,0.0,0.0,0.0,0.0,192
S1,False,survival_50,0.60546875,0.0,0.875,0.030952282884884046,192
S1,False,survival_100,0.306640625,0.0,0.625,0.03658166075221557,192
S1,False,species_retained_100,2.453125,0.0,5.0,0.29265328601772456,192
S1,False,wild_abundance,150.85416666666666,0.0,421.9,24.07300180265084,192
S1,False,fraction_ebd,0.16840277777777776,0.0,0.6666666666666666,0.029347296143313443,192
S1,False,lifetime_welfare,302.96936805310224,28.136952702266335,466.3291532005045,19.34061745917203,192
S1,False,mean_individual_welfare,0.6824957717327494,0.28749205338094735,0.7585625644763239,0.018160062716177917,192
S1,False,founder_effective,2.477999797472417,0.0,5.418857803985202,0.29486571972399567,192
S1,False,mean_inbreeding,0.008225816520445503,0.0,0.06702983566804596,0.0045053491591489775,128
S1,False,heterozygosity_proxy,0.9917741834795545,0.932970164331954,1.0,0.004505349159148978,128
S1,False,successful_reintroductions,0.0,0.0,0.0,0.0,192
S1,False,cost,11179.238574572179,11068.854205797663,11247.348704248641,6.6594029964511,192
S1,False,available_budget,11179.238574572182,11068.854205797665,11247.348704248641,6.659402996451081,192
S1,False,cost_per_species_retained,6419.379211380828,2223.0958563188688,11234.770952154337,585.4750562688992,192
S1,False,engagement,1.5,1.5,1.5,0.0,192
S1,False,habitat_integrity,0.7538367923263948,0.5351673641771784,0.8757246765204294,0.01424179081599462,192
S1,False,future_option_value,0.2551194684546992,0.0672026229515261,0.43950900875500043,0.020769836180404178,192
S1,False,disease_prevalence,0.00021434721406353053,2.6094361945169712e-05,0.0005366043926667688,1.907276309536238e-05,192
S1,False,relocation_burden,0.0,0.0,0.0,0.0,192
S1,False,quarantine_cost,0.0,0.0,0.0,0.0,192
S1,False,biobank_coverage,0.08483754998667792,0.021843560466988262,0.12107062484111714,0.0038598702993065176,192
S1,False,welfare_burden_predation,0.014686666666666676,0.006488000000000005,0.01600000000000001,0.0003675523123519968,192
S1,False,welfare_burden_food_insecurity,0.06380257037139044,0.04196620413702841,0.08755547412381452,0.0017261293154550337,192
S1,False,welfare_burden_crowding,0.0,0.0,0.0,0.0,192
S1,False,welfare_burden_restriction,0.0,0.0,0.0,0.0,192
S1,False,welfare_burden_infection,3.429555425016489e-05,4.175097911227154e-06,8.5856702826683e-05,3.051642095257981e-06,192
S1,False,welfare_burden_habituation,0.000851529008276775,0.00035745207683614304,0.0010929244689519345,2.8139865865871213e-05,192
S1,False,welfare_burden_relocation,0.0,0.0,0.0,0.0,192
S1,False,refuge_moves,0.0,0.0,0.0,0.0,192
S1,False,origin_returns,0.0,0.0,0.0,0.0,192
S1,False,total_abundance,150.85416666666666,0.0,421.9,24.07300180265084,192
S2,False,survival_50,0.2903645833333333,0.125,0.5,0.014013664212586938,192
S2,False,survival_100,0.13736979166666666,0.0,0.25,0.008966584477015491,192
S2,False,species_retained_100,1.0989583333333333,0.0,2.0,0.07173267581612393,192
S2,False,wild_abundance,0.0,0.0,0.0,0.0,192
S2,False,fraction_ebd,0.6840277777777778,0.3333333333333333,1.0,0.03503893227675951,192
S2,False,lifetime_welfare,74.25893698847067,31.1107143148583,94.96649921985951,2.1924074225963768,192
S2,False,mean_individual_welfare,0.4771980752237788,0.3687430448631141,0.5138469069556362,0.005288578475141707,192
S2,False,founder_effective,2.3451917568977163,0.0,3.9542331298149156,0.1365260417236298,192
S2,False,mean_inbreeding,0.013686645190390154,0.0,0.13705922226848824,0.005916745566040264,178
S2,False,heterozygosity_proxy,0.9863133548096098,0.8629407777315117,1.0,0.005916745566040264,178
S2,False,successful_reintroductions,0.0,0.0,0.0,0.0,192
S2,False,cost,11296.243569161923,11182.194876262354,11428.452692223073,8.271363496176146,192
S2,False,available_budget,11296.243569161923,11182.194876262354,11428.452692223074,8.271363496176145,192
S2,False,cost_per_species_retained,10365.236113576853,5618.188938508638,11428.452692223073,302.614886294258,192
S2,False,engagement,1.5,1.5,1.5,0.0,192
S2,False,habitat_integrity,0.22848044881504925,0.06847564186666664,0.35686456615709633,0.012054606839371925,192
S2,False,future_option_value,0.11731287244069936,0.025798468374376285,0.18067488519691172,0.005012320316967506,192
S2,False,disease_prevalence,0.0002985146267101224,4.697327044025157e-05,0.0007756312875707168,2.948377872106534e-05,192
S2,False,relocation_burden,20.816145833333337,9.954999999999998,26.822500000000005,0.613857322323765,192
S2,False,quarantine_cost,52.040364583333336,24.8875,67.05625,1.5346433058094122,192
S2,False,biobank_coverage,0.04598251870108638,0.03151078192630128,0.06567390474605542,0.0013403156105376546,192
S2,False,welfare_burden_predation,0.004581051082213528,0.002072370625252965,0.0057363667498920015,0.00012758409678711264,192
S2,False,welfare_burden_food_insecurity,0.08978733461295106,0.07026757496390101,0.0963768677845843,0.0009117520696613789,192
S2,False,welfare_burden_crowding,0.0352328924946247,0.012729674184688573,0.056056387539170985,0.001499999326035254,192
S2,False,welfare_burden_restriction,0.011866016193651288,0.007243335686131081,0.015611015098955357,0.0002468112728662452,192
S2,False,welfare_burden_infection,4.776234027361958e-05,7.515723270440251e-06,0.0001241010060113147,4.7174045953704556e-06,192
S2,False,welfare_burden_habituation,0.0007224346929083908,0.0005493466509711339,0.0008424828061378998,1.0216975690583777e-05,192
S2,False,welfare_burden_relocation,0.00012275184459162628,8.025677246984467e-05,0.00015907420449509476,3.0893392749157067e-06,192
S2,False,refuge_moves,0.0,0.0,0.0,0.0,192
S2,False,origin_returns,0.0,0.0,0.0,0.0,192
S2,False,total_abundance,33.90625,0.0,69.225,2.670738930703065,192
S3,False,survival_50,0.4713541666666667,0.25,0.625,0.01597515413532289,192
S3,False,survival_100,0.328125,0.125,0.375,0.010154745911582221,192
S3,False,species_retained_100,2.625,1.0,3.0,0.08123796729265777,192
S3,False,wild_abundance,0.0,0.0,0.0,0.0,192
S3,False,fraction_ebd,0.3958333333333333,0.0,1.0,0.03787572743995909,192
S3,False,lifetime_welfare,168.13205740569032,93.66429175166394,207.8673851234746,4.09805463404917,192
S3,False,mean_individual_welfare,0.5905901932608705,0.5189243556330632,0.6290106534076471,0.004173647177294411,192
S3,False,founder_effective,3.649767389612453,2.4874271722255723,4.893201043349259,0.0910568073219362,192
S3,False,mean_inbreeding,0.00993836860989457,0.0,0.10162964403526245,0.0035919472456945553,192
S3,False,heterozygosity_proxy,0.9900616313901054,0.8983703559647375,1.0,0.0035919472456945544,192
S3,False,successful_reintroductions,25.432291666666668,0.0,56.224999999999994,2.1846706196577546,192
S3,False,cost,11189.871251790655,11076.014528977945,11317.22005728157,8.698144685686797,192
S3,False,available_budget,11189.871251790653,11076.014528977945,11317.22005728157,8.698144685686808,192
S3,False,cost_per_species_retained,4591.091850199485,3694.733621186688,11159.617415856608,230.41405598842064,192
S3,False,engagement,1.5,1.5,1.5,0.0,192
S3,False,habitat_integrity,0.4758410879287405,0.2352841055052144,0.6477200142225913,0.01651745203229561,192
S3,False,future_option_value,0.24601793610766187,0.15290250657382357,0.2899187503707039,0.0050424925705845535,192
S3,False,disease_prevalence,0.00028308036219983095,2.5869666048237477e-05,0.0006923658180698002,2.4775047080723373e-05,192
S3,False,relocation_burden,19.0046875,9.077499999999999,28.322499999999994,0.712559381218039,192
S3,False,quarantine_cost,47.51171875,22.69375,70.80625,1.7813984530450975,192
S3,False,biobank_coverage,0.07139951709331639,0.05013703002072385,0.08782245838035059,0.001476538700275251,192
S3,False,welfare_burden_predation,0.00688562139263904,0.002043555932590431,0.00872064219792723,0.00025908709857432933,192
S3,False,welfare_burden_food_insecurity,0.07615182827419768,0.07405341605079493,0.07867423393101008,0.00017184152241130768,192
S3,False,welfare_burden_crowding,0.06228227835198452,0.036013879221926344,0.10004898954117299,0.002217783650746891,192
S3,False,welfare_burden_restriction,0.008227792022455736,0.005965403903277286,0.01418015504535202,0.0003115474228353598,192
S3,False,welfare_burden_infection,4.5292857951972954e-05,4.139146567717997e-06,0.00011077853089116804,3.9640075329157395e-06,192
S3,False,welfare_burden_habituation,0.0007087288911533408,0.0005652695996417589,0.0008813317697904668,1.123518396985918e-05,192
S3,False,welfare_burden_relocation,9.756577346592274e-05,6.833195358298712e-05,0.000130342812105548,2.4112554176459656e-06,192
S3,False,refuge_moves,164.61458333333334,88.0,235.79999999999995,5.543636657860884,192
S3,False,origin_returns,25.432291666666668,0.0,56.224999999999994,2.1846706196577546,192
S3,False,total_abundance,303.1302083333333,157.55,445.57499999999993,11.798080387912712,192
S4,False,survival_50,0.5065104166666666,0.25,0.75,0.015536891176604345,192
S4,False,survival_100,0.3782552083333333,0.125,0.625,0.01691827900224129,192
S4,False,species_retained_100,3.0260416666666665,1.0,5.0,0.1353462320179303,192
S4,False,wild_abundance,232.0,0.0,581.6999999999999,28.40380654380695,192
S4,False,fraction_ebd,0.3541666666666667,0.0,1.0,0.03908563523736164,192
S4,False,lifetime_welfare,192.08385910923167,117.36350502245351,256.2248935879268,5.71128570707908,192
S4,False,mean_individual_welfare,0.6092146834804377,0.5604243135514533,0.6578599193343885,0.003565047386394578,192
S4,False,founder_effective,3.3299837303116906,2.2107537184571835,4.730832456916521,0.09493009741630595,192
S4,False,mean_inbreeding,0.014788496517988173,0.0001629726201496449,0.09672907635683096,0.003617966442599545,192
S4,False,heterozygosity_proxy,0.9852115034820118,0.903270923643169,0.9998370273798504,0.003617966442599545,192
S4,False,successful_reintroductions,203.55208333333334,78.97500000000001,331.0,9.953965120381158,192
S4,False,cost,11176.49637881282,11071.973822172995,11272.19436899393,7.376301470618602,192
S4,False,available_budget,11176.496378812817,11071.973822172995,11272.19436899393,7.376301470618592,192
S4,False,cost_per_species_retained,4217.731029421279,2238.857455578125,11139.515072819317,268.58307339808584,192
S4,False,engagement,1.5,1.5,1.5,0.0,192
S4,False,habitat_integrity,0.38970291467744245,0.15513753198400548,0.5444362464609398,0.01565934092229425,192
S4,False,future_option_value,0.2643163911523693,0.136005959764756,0.3780643738485669,0.008821358697257597,192
S4,False,disease_prevalence,0.0004399901760622172,0.00013229204917839267,0.0010702814077802813,3.427063710782516e-05,192
S4,False,relocation_burden,61.71354166666665,47.664999999999964,73.72250000000001,1.0011779280750042,192
S4,False,quarantine_cost,154.28385416666666,119.1625,184.30625,2.50294482018751,192
S4,False,biobank_coverage,0.10915709315754084,0.07681920230630458,0.14350372476386158,0.002643618791578016,192
S4,False,welfare_burden_predation,0.010428766322527615,0.006072353505531443,0.0132534899344927,0.00033407421627204873,192
S4,False,welfare_burden_food_insecurity,0.07355841853146126,0.06717295595314249,0.07980942743128182,0.0005608019689924343,192
S4,False,welfare_burden_crowding,0.07579478713653925,0.02089404784218088,0.13838575902777622,0.004731660983163146,192
S4,False,welfare_burden_restriction,0.012205699638843581,0.005324596789632988,0.024662349286056456,0.0008003223335227575,192
S4,False,welfare_burden_infection,7.039842816995475e-05,2.116672786854283e-05,0.000171245025244845,5.483301937252025e-06,192
S4,False,welfare_burden_habituation,0.0008357426531822564,0.0005704402718484978,0.0011782741477172134,2.4752948216835352e-05,192
S4,False,welfare_burden_relocation,0.0002900400153789019,0.00017195076757700164,0.000494751145457864,1.4782651337729433e-05,192
S4,False,refuge_moves,0.0,0.0,0.0,0.0,192
S4,False,origin_returns,0.0,0.0,0.0,0.0,192
S4,False,total_abundance,401.9375,145.625,733.1249999999998,23.39814918737915,192
S5,False,survival_50,0.5045572916666666,0.25,0.75,0.0178538430301561,192
S5,False,survival_100,0.353515625,0.125,0.5,0.016648048640496856,192
S5,False,species_retained_100,2.828125,1.0,4.0,0.13318438912397484,192
S5,False,wild_abundance,206.78125,0.0,582.925,25.18290632854711,192
S5,False,fraction_ebd,0.3107638888888889,0.0,1.0,0.03891698601414283,192
S5,False,lifetime_welfare,190.04220505621095,115.42789621743756,267.6281639881942,6.014903019134443,192
S5,False,mean_individual_welfare,0.6144508053422523,0.5622159771126815,0.6615728663341076,0.0037432085021519264,192
S5,False,founder_effective,3.268057263656685,1.9551813229378772,4.992042095406063,0.11735982252034781,192
S5,False,mean_inbreeding,0.015898855541000886,0.0002370136995810823,0.10340617212740219,0.0036790196021718085,191
S5,False,heterozygosity_proxy,0.9841011444589991,0.8965938278725978,0.9997629863004189,0.003679019602171809,191
S5,False,successful_reintroductions,243.25520833333334,67.0,394.225,13.064998331931976,192
S5,False,cost,11184.785635051716,11076.556462755052,11262.85841278881,7.219793306548874,192
S5,False,available_budget,11184.785635051716,11076.556462755052,11262.85841278881,7.219793306548874,192
S5,False,cost_per_species_retained,4621.065845113694,2782.435706192017,11219.411992444262,325.2204316265543,192
S5,False,engagement,1.5,1.5,1.5,0.0,192
S5,False,habitat_integrity,0.365046936960337,0.13144260733168417,0.5176915416401741,0.015327077445792005,192
S5,False,future_option_value,0.2529217485107992,0.12758282434266452,0.3433256932588774,0.008613548827948216,192
S5,False,disease_prevalence,0.0004566736300405299,8.560533588435376e-05,0.0009309031810189037,3.154036251486306e-05,192
S5,False,relocation_burden,75.33020833333332,56.577500000000015,85.445,1.0686629738568094,192
S5,False,quarantine_cost,188.32552083333334,141.44375,213.6125,2.671657434642025,192
S5,False,biobank_coverage,0.12327225464099295,0.07833001994956605,0.1562809853930722,0.0030767999092325936,192
S5,False,welfare_burden_predation,0.01018463014180343,0.005541376930841229,0.013187790067632234,0.00032112661346814106,192
S5,False,welfare_burden_food_insecurity,0.07504516764867929,0.06970092363463061,0.0812577025186004,0.0004511279864943811,192
S5,False,welfare_burden_crowding,0.0639838140411973,0.01734973842194041,0.1149478111374637,0.004004970856097465,192
S5,False,welfare_burden_restriction,0.01242279339718906,0.004446652674871073,0.025018874437989308,0.0008578977859629665,192
S5,False,welfare_burden_infection,7.306778080648479e-05,1.3696853741496598e-05,0.00014894450896302461,5.046458002378089e-06,192
S5,False,welfare_burden_habituation,0.0008447945505944177,0.0005729575389953992,0.0012454591815966559,2.8151212375481346e-05,192
S5,False,welfare_burden_relocation,0.0003515791081696303,0.00021130802794699983,0.0006254752099932475,1.7527484576755932e-05,192
S5,False,refuge_moves,0.0,0.0,0.0,0.0,192
S5,False,origin_returns,0.0,0.0,0.0,0.0,192
S5,False,total_abundance,385.9166666666667,129.1,749.025,23.607868636270645,192
S6,False,survival_50,0.70703125,0.0,1.0,0.03041887026693179,192
S6,False,survival_100,0.5286458333333334,0.0,0.875,0.040858378826477595,192
S6,False,species_retained_100,4.229166666666667,0.0,7.0,0.32686703061182076,192
S6,False,wild_abundance,520.9322916666666,0.0,1092.0,59.695243535551064,192
S6,False,fraction_ebd,0.17361111111111108,0.0,0.6666666666666666,0.03270880305511302,192
S6,False,lifetime_welfare,484.52154536979043,37.52805306169609,721.4672829361266,29.899402678315624,192
S6,False,mean_individual_welfare,0.7317633413002533,0.33455661340749193,0.780431622428127,0.015073296910625322,192
S6,False,founder_effective,3.901743296151224,0.0,6.31393388483464,0.2718549605048468,192
S6,False,mean_inbreeding,0.006524062413457936,0.0,0.06259442597941099,0.0026209215978210748,166
S6,False,heterozygosity_proxy,0.9934759375865421,0.937405574020589,1.0,0.0026209215978210748,166
S6,False,successful_reintroductions,0.0,0.0,0.0,0.0,192
S6,False,cost,11192.089289048812,11086.433657793821,11257.357186533314,6.401356618995618,192
S6,False,available_budget,11192.089289048812,11086.433657793823,11257.357186533316,6.4013566189956395,192
S6,False,cost_per_species_retained,4034.87686374165,1594.4141879468912,11222.656716033127,490.19488102866666,192
S6,False,engagement,1.5,1.5,1.5,0.0,192
S6,False,habitat_integrity,0.8569351498151944,0.6402814659819128,0.9618319999999998,0.013623406080055444,192
S6,False,future_option_value,0.37088649393752227,0.07015857832985936,0.5522262541929075,0.02204996500933769,192
S6,False,disease_prevalence,0.00020860186960029934,2.509736180904523e-05,0.0005310044338930028,1.8428755981083557e-05,192
S6,False,relocation_burden,0.0,0.0,0.0,0.0,192
S6,False,quarantine_cost,0.0,0.0,0.0,0.0,192
S6,False,biobank_coverage,0.04142460497245285,0.009033619923247449,0.055062753833581744,0.0016302001115585467,192
S6,False,welfare_burden_predation,0.015361666666666678,0.007588000000000006,0.01600000000000001,0.00029264106917758646,192
S6,False,welfare_burden_food_insecurity,0.04881165531832956,0.032236258126024826,0.0802061887904981,0.0022744050110141117,192
S6,False,welfare_burden_crowding,0.0,0.0,0.0,0.0,192
S6,False,welfare_burden_restriction,0.0,0.0,0.0,0.0,192
S6,False,welfare_burden_infection,3.3376299136047896e-05,4.015577889447236e-06,8.496070942288045e-05,2.9486009569733697e-06,192
S6,False,welfare_burden_habituation,0.0009164187489478472,0.00035665310093044067,0.0010862967995671,2.416210166380441e-05,192
S6,False,welfare_burden_relocation,0.0,0.0,0.0,0.0,192
S6,False,refuge_moves,0.0,0.0,0.0,0.0,192
S6,False,origin_returns,0.0,0.0,0.0,0.0,192
S6,False,total_abundance,520.9322916666666,0.0,1092.0,59.695243535551064,192
S7,False,survival_50,0.5813802083333334,0.25,0.875,0.01980432886593363,192
S7,False,survival_100,0.4733072916666667,0.125,0.75,0.02635160342668915,192
S7,False,species_retained_100,3.7864583333333335,1.0,6.0,0.2108128274135132,192
S7,False,wild_abundance,633.09375,0.0,1200.0,49.92008726621318,192
S7,False,fraction_ebd,0.22743055555555555,0.0,0.6666666666666666,0.03472872793910407,192
S7,False,lifetime_welfare,248.96547293959338,124.41293055511251,349.861816951888,8.657340693283311,192
S7,False,mean_individual_welfare,0.6170345667398179,0.4410530472064249,0.7422107263657041,0.012840363263048353,192
S7,False,founder_effective,3.2968694473087807,1.610217263779493,4.63744361638045,0.11875038414017323,192
S7,False,mean_inbreeding,0.017440812981613377,0.0,0.10978832039143235,0.004682880465737249,189
S7,False,heterozygosity_proxy,0.9825591870183866,0.8902116796085676,1.0,0.004682880465737249,189
S7,False,successful_reintroductions,75.09895833333333,13.325000000000001,185.45,7.099174639917922,192
S7,False,cost,11162.327397190616,11048.147636350055,11247.362357556143,7.4772473204404255,192
S7,False,available_budget,11162.327397190618,11048.147636350057,11247.362357556143,7.477247320440425,192
S7,False,cost_per_species_retained,3816.4453455652965,1857.1739138382343,11187.764346000044,374.83783633339715,192
S7,False,engagement,1.5,1.5,1.5,0.0,192
S7,False,habitat_integrity,0.563461280234353,0.3255754996726595,0.7397445577698525,0.016008859369975006,192
S7,False,future_option_value,0.33137381234751023,0.1301450422429411,0.4728598557240747,0.013947635934092156,192
S7,False,disease_prevalence,0.00029808377489718097,2.693787496739414e-05,0.0007749548509534852,2.9023280855919565e-05,192
S7,False,relocation_burden,24.900000000000016,11.219999999999999,41.81250000000004,1.1109417262832522,192
S7,False,quarantine_cost,62.25,28.05,104.53125,2.7773543157081257,192
S7,False,biobank_coverage,0.1453535430049355,0.07968631181837751,0.19482418117090539,0.004112833659156343,192
S7,False,welfare_burden_predation,0.013867696727619026,0.009044449963015073,0.016626506724673824,0.00025184581349412883,192
S7,False,welfare_burden_food_insecurity,0.057504580165409734,0.04454042988244004,0.07857675440513108,0.0014828491173719904,192
S7,False,welfare_burden_crowding,0.10611969802730085,0.00011858730136075293,0.26115587021469927,0.012595915672444538,192
S7,False,welfare_burden_restriction,0.010532781404047571,0.0001447526857270965,0.024605853531431757,0.0010091769479934113,192
S7,False,welfare_burden_infection,4.7693403983548964e-05,4.3100599947830624e-06,0.00012399277615255766,4.643724936947131e-06,192
S7,False,welfare_burden_habituation,0.0008939849823454688,0.0005117981630397159,0.0012500720795548185,2.7496377158868673e-05,192
S7,False,welfare_burden_relocation,0.00012999998552595221,4.947455249434403e-05,0.0004523158737724468,1.5030472430631685e-05,192
S7,False,refuge_moves,0.0,0.0,0.0,0.0,192
S7,False,origin_returns,0.0,0.0,0.0,0.0,192
S7,False,total_abundance,652.0104166666666,36.62500000000001,1200.0,47.08280472698023,192
S7,True,survival_50,0.5618489583333334,0.25,0.75,0.016283558255621354,192
S7,True,survival_100,0.4622395833333333,0.125,0.75,0.020004132139648603,192
S7,True,species_retained_100,3.6979166666666665,1.0,6.0,0.16003305711718882,192
S7,True,wild_abundance,570.4375,0.0,955.2499999999998,38.95702252122792,192
S7,True,fraction_ebd,0.22395833333333334,0.0,0.6666666666666666,0.03348451956992918,192
S7,True,lifetime_welfare,241.80338310249076,127.41831605614269,305.9121304706386,6.369719513746669,192
S7,True,mean_individual_welfare,0.6181702252599973,0.43749146600260674,0.7440897831812332,0.012890883163321808,192
S7,True,founder_effective,3.7308408978782204,2.2939921458861603,4.8814992867365135,0.10503343279166921,192
S7,True,mean_inbreeding,0.00778610244580885,0.0,0.06795752742942475,0.0031013647651316886,192
S7,True,heterozygosity_proxy,0.9922138975541911,0.9320424725705753,1.0,0.0031013647651316886,192
S7,True,successful_reintroductions,18.401041666666668,0.0,144.02499999999995,5.503569481166047,192
S7,True,cost,11152.907274989653,11039.463665091254,11247.762135282857,7.7170528583519555,192
S7,True,available_budget,11152.907274989653,11039.463665091254,11247.762135282857,7.717052858351948,192
S7,True,cost_per_species_retained,3514.436144315123,1879.1988454109078,11107.745399778443,268.2134400578005,192
S7,True,engagement,1.5,1.5,1.5,0.0,192
S7,True,habitat_integrity,0.5631586683685531,0.3254123100715752,0.7394499293256095,0.016016332610385518,192
S7,True,future_option_value,0.3300787902986614,0.15249025072004302,0.4568895127360439,0.010762670878145792,192
S7,True,disease_prevalence,0.0002583566298208836,2.607914278932556e-05,0.0005963803144731788,2.287625727991227e-05,192
S7,True,relocation_burden,14.951562500000003,3.877500000000001,30.83500000000003,1.1258793626330206,192
S7,True,quarantine_cost,37.37890625,9.69375,77.08749999999999,2.8146984065825493,192
S7,True,biobank_coverage,0.1422335099151193,0.0991319047235944,0.18554336791414203,0.0031186289427971403,192
S7,True,welfare_burden_predation,0.014223756572186929,0.010652910933537447,0.017145515504749104,0.0002474991219003788,192
S7,True,welfare_burden_food_insecurity,0.056889687664316325,0.04290296005216101,0.07761647045079267,0.0014644630943796062,192
S7,True,welfare_burden_crowding,0.11318209694800722,0.0,0.2981483374650153,0.013173212271875566,192
S7,True,welfare_burden_restriction,0.011302390253804398,0.0,0.02529005075958061,0.0011399493680757744,192
S7,True,welfare_burden_infection,4.133706077134139e-05,4.172662846292089e-06,9.542085031570861e-05,3.6602011647859633e-06,192
S7,True,welfare_burden_habituation,0.0009314087980835823,0.0005423793901147677,0.0012200286104419168,2.7534805464636494e-05,192
S7,True,welfare_burden_relocation,7.082126743763509e-05,4.125453037676037e-05,0.00014110114629685463,3.987287324434616e-06,192
S7,True,refuge_moves,0.0,0.0,0.0,0.0,192
S7,True,origin_returns,0.0,0.0,0.0,0.0,192
S7,True,total_abundance,582.3697916666666,78.2,955.2499999999998,35.929525891854915,192
