contrast,population_cap,metric,n,estimate,mcse,lower,upper,baseline_estimate,change_from_baseline
S6,1200,survival_100,24,0.578125,0.05467941192778244,0.0,0.875,0.578125,0.0
S6,1200,species_retained_100,24,4.625,0.4374352954222595,0.0,7.0,4.625,0.0
S6,1200,fraction_ebd,24,0.2916666666666667,0.0462459468563908,0.0,0.6666666666666666,0.2916666666666667,0.0
S6,1200,mean_individual_welfare,24,0.7422914474157339,0.022870889136645946,0.4978761775664178,0.7809123619115486,0.7422914474157339,0.0
S6,1200,future_option_value,24,0.3998461069466199,0.02908975661928997,0.07565671359544485,0.5519403002590204,0.3998461069466199,0.0
S6,1200,total_abundance,24,566.3333333333334,82.42503547727445,0.0,1095.3,566.3333333333334,0.0
S7-S6,1200,survival_100,24,-0.06770833333333333,0.057291666666666664,-0.5,0.4812500000000002,-0.06770833333333333,0.0
S7-S6,1200,species_retained_100,24,-0.5416666666666666,0.4583333333333333,-4.0,3.8500000000000014,-0.5416666666666666,0.0
S7-S6,1200,fraction_ebd,24,0.02777777777777778,0.048804824519750614,-0.3333333333333333,0.4750000000000002,0.02777777777777778,0.0
S7-S6,1200,mean_individual_welfare,24,-0.1375115529810462,0.029743789668626196,-0.2776269755596055,0.17555254033686696,-0.1375115529810462,0.0
S7-S6,1200,future_option_value,24,-0.04836941485358904,0.028521920241107335,-0.25419184211257106,0.224727368577623,-0.04836941485358904,0.0
S7-S6,1200,total_abundance,24,136.875,91.41861654546604,-531.175,930.1750000000002,136.875,0.0
S7,1200,survival_100,24,0.5104166666666666,0.03272485851358719,0.19687500000000002,0.75,0.5104166666666666,0.0
S7,1200,species_retained_100,24,4.083333333333333,0.2617988681086975,1.5750000000000002,6.0,4.083333333333333,0.0
S7,1200,fraction_ebd,24,0.3194444444444444,0.04696577138973614,0.0,0.6666666666666666,0.3194444444444444,0.0
S7,1200,mean_individual_welfare,24,0.6047798944346877,0.01594140913869981,0.4630826248308206,0.7431233326054779,0.6047798944346877,0.0
S7,1200,future_option_value,24,0.3514766920930308,0.018495264925780817,0.16468506801241217,0.47288922640357084,0.3514766920930308,0.0
S7,1200,total_abundance,24,703.2083333333334,66.78838469609825,177.8,1200.0,703.2083333333334,0.0
S6,2400,survival_100,24,0.578125,0.05467941192778244,0.0,0.875,0.578125,0.0
S6,2400,species_retained_100,24,4.625,0.4374352954222595,0.0,7.0,4.625,0.0
S6,2400,fraction_ebd,24,0.2916666666666667,0.0462459468563908,0.0,0.6666666666666666,0.2916666666666667,0.0
S6,2400,mean_individual_welfare,24,0.7422868045737628,0.02287066529761221,0.4978761775664178,0.7809123619115486,0.7422914474157339,-4.6428419711030955e-06
S6,2400,future_option_value,24,0.39980129481109455,0.02907804043454404,0.07565671359544485,0.5510422118817554,0.3998461069466199,-4.4812135525318375e-05
S6,2400,total_abundance,24,567.4583333333334,82.28555746906726,0.0,1096.575,566.3333333333334,1.125
S7-S6,2400,survival_100,24,-0.06770833333333333,0.057291666666666664,-0.5,0.4812500000000002,-0.06770833333333333,0.0
S7-S6,2400,species_retained_100,24,-0.5416666666666666,0.4583333333333333,-4.0,3.8500000000000014,-0.5416666666666666,0.0
S7-S6,2400,fraction_ebd,24,0.02777777777777778,0.048804824519750614,-0.3333333333333333,0.4750000000000002,0.02777777777777778,0.0
S7-S6,2400,mean_individual_welfare,24,-0.1379934696776939,0.029772282425273317,-0.2776269755596055,0.17555254033686696,-0.1375115529810462,-0.00048191669664771064
S7-S6,2400,future_option_value,24,-0.04814995639990566,0.028510576394198645,-0.253865834523588,0.224727368577623,-0.04836941485358904,0.0002194584536833813
S7-S6,2400,total_abundance,24,162.08333333333334,94.99183635149893,-532.45,930.1750000000002,136.875,25.208333333333343
S7,2400,survival_100,24,0.5104166666666666,0.03272485851358719,0.19687500000000002,0.75,0.5104166666666666,0.0
S7,2400,species_retained_100,24,4.083333333333333,0.2617988681086975,1.5750000000000002,6.0,4.083333333333333,0.0
S7,2400,fraction_ebd,24,0.3194444444444444,0.04696577138973614,0.0,0.6666666666666666,0.3194444444444444,0.0
S7,2400,mean_individual_welfare,24,0.604293334896069,0.01594411384907116,0.4630826248308206,0.7431233326054779,0.6047798944346877,-0.0004865595386187582
S7,2400,future_option_value,24,0.35165133841118895,0.01852440725618239,0.16468506801241217,0.472937483074593,0.3514766920930308,0.000174646318158167
S7,2400,total_abundance,24,729.5416666666666,77.03003788205685,177.8,1511.2,703.2083333333334,26.333333333333258
