policy,engine,oracle,seed,survival_50,survival_100,species_retained_50,species_retained_100,total_abundance,wild_abundance,n_ebd,fraction_ebd,p_ebd,mean_time_to_ebd,lifetime_welfare,mean_individual_welfare,founder_effective,mean_inbreeding,heterozygosity_proxy,successful_reintroductions,refuge_moves,origin_returns,cost,available_budget,cost_per_species_retained,engagement,habitat_integrity,future_option_value,disease_prevalence,quarantine_cost,relocation_burden,biobank_coverage,discovered_latent,events,welfare_burden_predation,welfare_burden_food_insecurity,welfare_burden_crowding,welfare_burden_restriction,welfare_burden_infection,welfare_burden_habituation,welfare_burden_relocation,config_hash,population_cap
S6,rule,False,930000,0.75,0.75,6,6,632,632,1,0.3333333333333333,1.0,21.0,681.8312219551942,0.7760799257740808,5.647643725471344,0.0,1.0,0,0,0,11224.317186533313,11224.317186533317,1870.7195310888856,1.5,0.8937611803144314,0.49310008090460866,0.00024117161716171617,0.0,0.0,0.04873762809226062,2,66:funding_collapse|90:heatwave:origin,0.01600000000000001,0.036900475443680664,0.0,0.0,3.858745874587459e-05,0.0009810113234928449,0.0,b6c908f26a8fd9b2,1200
S7,forward_rollout_proxy,False,930000,0.625,0.625,5,5,1129,1129,1,0.3333333333333333,1.0,29.0,334.7861540455651,0.5799687817620542,4.036493727158069,0.0021887844040556726,0.9978112155959443,59,0,0,11198.153402385935,11198.153402385935,2239.630680477187,1.5,0.6726331004312032,0.42355880650410554,0.0003294475619292711,76.5,30.600000000000026,0.1734027959470227,2,66:funding_collapse|90:heatwave:origin,0.014165927488610572,0.050117734932129926,0.16180098436625845,0.011865414606080158,5.2711609908683376e-05,0.000894898089712329,6.927697662673519e-05,b6c908f26a8fd9b2,1200
S6,rule,False,930000,0.75,0.75,6,6,632,632,1,0.3333333333333333,1.0,21.0,681.8312219551942,0.7760799257740808,5.647643725471344,0.0,1.0,0,0,0,11224.317186533313,11224.317186533317,1870.7195310888856,1.5,0.8937611803144314,0.49310008090460866,0.00024117161716171617,0.0,0.0,0.04873762809226062,2,66:funding_collapse|90:heatwave:origin,0.01600000000000001,0.036900475443680664,0.0,0.0,3.858745874587459e-05,0.0009810113234928449,0.0,add771e3d077906b,2400
S7,forward_rollout_proxy,False,930000,0.625,0.625,5,5,1129,1129,1,0.3333333333333333,1.0,29.0,334.7861540455651,0.5799687817620542,4.036493727158069,0.0021887844040556726,0.9978112155959443,59,0,0,11198.153402385935,11198.153402385935,2239.630680477187,1.5,0.6726331004312032,0.42355880650410554,0.0003294475619292711,76.5,30.600000000000026,0.1734027959470227,2,66:funding_collapse|90:heatwave:origin,0.014165927488610572,0.050117734932129926,0.16180098436625845,0.011865414606080158,5.2711609908683376e-05,0.000894898089712329,6.927697662673519e-05,add771e3d077906b,2400
S6,rule,False,930001,0.75,0.625,6,5,221,221,1,0.3333333333333333,1.0,35.0,572.0970943573151,0.7670830322909323,4.055793951834056,0.0,1.0,0,0,0,11191.277186533312,11191.277186533316,2238.2554373066623,1.5,0.8505564700563867,0.41633997805627515,0.00025630761538431425,0.0,0.0,0.047381957661479415,2,50:funding_collapse|57:wildfire:alternative|79:wildfire:origin|97:funding_collapse,0.01600000000000001,0.045860299074599986,0.0,0.0,4.100921846149028e-05,0.0010156594160062576,0.0,b6c908f26a8fd9b2,1200
S7,forward_rollout_proxy,False,930001,0.625,0.625,5,5,940,940,1,0.3333333333333333,1.0,18.0,278.03874593541076,0.5854298967120799,3.849561434654602,0.0020733625408932157,0.9979266374591068,39,0,0,11154.45348800684,11154.453488006842,2230.890697601368,1.5,0.6169015023612463,0.4149584210044723,0.0004509742444661716,68.0,27.200000000000024,0.16761328210900808,2,50:funding_collapse|57:wildfire:alternative|79:wildfire:origin|97:funding_collapse,0.01411548479473609,0.05117442751407362,0.15478741539931876,0.013387329642405313,7.215587911458747e-05,0.0009425484265087018,7.348812456081334e-05,b6c908f26a8fd9b2,1200
S6,rule,False,930001,0.75,0.625,6,5,221,221,1,0.3333333333333333,1.0,35.0,572.0970943573151,0.7670830322909323,4.055793951834056,0.0,1.0,0,0,0,11191.277186533312,11191.277186533316,2238.2554373066623,1.5,0.8505564700563867,0.41633997805627515,0.00025630761538431425,0.0,0.0,0.047381957661479415,2,50:funding_collapse|57:wildfire:alternative|79:wildfire:origin|97:funding_collapse,0.01600000000000001,0.045860299074599986,0.0,0.0,4.100921846149028e-05,0.0010156594160062576,0.0,add771e3d077906b,2400
S7,forward_rollout_proxy,False,930001,0.625,0.625,5,5,940,940,1,0.3333333333333333,1.0,18.0,278.03874593541076,0.5854298967120799,3.849561434654602,0.0020733625408932157,0.9979266374591068,39,0,0,11154.45348800684,11154.453488006842,2230.890697601368,1.5,0.6169015023612463,0.4149584210044723,0.0004509742444661716,68.0,27.200000000000024,0.16761328210900808,2,50:funding_collapse|57:wildfire:alternative|79:wildfire:origin|97:funding_collapse,0.01411548479473609,0.05117442751407362,0.15478741539931876,0.013387329642405313,7.215587911458747e-05,0.0009425484265087018,7.348812456081334e-05,add771e3d077906b,2400
S6,rule,False,930002,0.625,0.625,5,5,877,877,0,0.0,0.0,,596.0577777651121,0.7796339103076521,5.992406692990379,0.0,1.0,0,0,0,11102.964695971688,11102.964695971688,2220.5929391943378,1.5,0.9576676262623112,0.4450223677171741,0.00013167722596601906,0.0,0.0,0.040407690805195864,3,20:funding_collapse|22:funding_collapse|26:funding_collapse|38:funding_collapse|41:heatwave:semiwild|82:flood:semiwild|94:heatwave:semiwild|99:funding_collapse,0.01600000000000001,0.033262686585088075,0.0,0.0,2.1068356154563055e-05,0.001082334751105176,0.0,b6c908f26a8fd9b2,1200
S7,forward_rollout_proxy,False,930002,0.75,0.625,6,5,1085,1085,1,0.3333333333333333,1.0,14.0,305.96590778317005,0.5765866732686856,3.936571134255627,0.06780913651310436,0.9321908634868956,11,0,0,11067.943426712676,11067.943426712676,2213.5886853425354,1.5,0.7370934786276332,0.4289589799445661,0.0003793803218902061,53.75,21.50000000000001,0.17316960369623233,2,20:funding_collapse|22:funding_collapse|26:funding_collapse|38:funding_collapse|41:heatwave:semiwild|82:flood:semiwild|94:heatwave:semiwild|99:funding_collapse,0.014106058884945124,0.04860070895531661,0.16417138109030574,0.014193942682484363,6.070085150243299e-05,0.0009525251315274389,5.3888357210021284e-05,b6c908f26a8fd9b2,1200
S6,rule,False,930002,0.625,0.625,5,5,877,877,0,0.0,0.0,,596.0577777651121,0.7796339103076521,5.992406692990379,0.0,1.0,0,0,0,11102.964695971688,11102.964695971688,2220.5929391943378,1.5,0.9576676262623112,0.4450223677171741,0.00013167722596601906,0.0,0.0,0.040407690805195864,3,20:funding_collapse|22:funding_collapse|26:funding_collapse|38:funding_collapse|41:heatwave:semiwild|82:flood:semiwild|94:heatwave:semiwild|99:funding_collapse,0.01600000000000001,0.033262686585088075,0.0,0.0,2.1068356154563055e-05,0.001082334751105176,0.0,add771e3d077906b,2400
S7,forward_rollout_proxy,False,930002,0.75,0.625,6,5,1085,1085,1,0.3333333333333333,1.0,14.0,305.96590778317005,0.5765866732686856,3.936571134255627,0.06780913651310436,0.9321908634868956,11,0,0,11067.943426712676,11067.943426712676,2213.5886853425354,1.5,0.7370934786276332,0.4289589799445661,0.0003793803218902061,53.75,21.50000000000001,0.17316960369623233,2,20:funding_collapse|22:funding_collapse|26:funding_collapse|38:funding_collapse|41:heatwave:semiwild|82:flood:semiwild|94:heatwave:semiwild|99:funding_collapse,0.014106058884945124,0.04860070895531661,0.16417138109030574,0.014193942682484363,6.070085150243299e-05,0.0009525251315274389,5.3888357210021284e-05,add771e3d077906b,2400
S6,rule,False,930003,0.75,0.75,6,6,699,699,0,0.0,0.0,,665.7135200715477,0.7773394279941254,5.182921308038121,0.0,1.0,0,0,0,11193.086840344984,11193.086840344986,1865.5144733908307,1.5,0.8474751691048423,0.48381249956869254,0.0001819167505173208,0.0,0.0,0.04867884788913546,3,30:funding_collapse|39:wildfire:alternative|75:funding_collapse|85:wildfire:alternative|98:wildfire:origin,0.01600000000000001,0.03560847989315897,0.0,0.0,2.9106680082771327e-05,0.0010229854326327522,0.0,b6c908f26a8fd9b2,1200
S7,forward_rollout_proxy,False,930003,0.5,0.5,4,4,761,761,0,0.0,0.0,,260.23715867107774,0.6051141339846231,3.432598689952709,0.001954555744887585,0.9980454442551124,32,0,0,11148.261607445564,11148.261607445564,2787.065401861391,1.5,0.5696099286573695,0.34685485116764847,0.00024377094241698964,59.0,23.600000000000016,0.1528393570119222,3,30:funding_collapse|39:wildfire:alternative|75:funding_collapse|85:wildfire:alternative|98:wildfire:origin,0.014119641230658155,0.050520232915820314,0.1371688866303799,0.01190279119187347,3.900335078671834e-05,0.0009709878090747607,7.38770013103093e-05,b6c908f26a8fd9b2,1200
S6,rule,False,930003,0.75,0.75,6,6,699,699,0,0.0,0.0,,665.7135200715477,0.7773394279941254,5.182921308038121,0.0,1.0,0,0,0,11193.086840344984,11193.086840344986,1865.5144733908307,1.5,0.8474751691048423,0.48381249956869254,0.0001819167505173208,0.0,0.0,0.04867884788913546,3,30:funding_collapse|39:wildfire:alternative|75:funding_collapse|85:wildfire:alternative|98:wildfire:origin,0.01600000000000001,0.03560847989315897,0.0,0.0,2.9106680082771327e-05,0.0010229854326327522,0.0,add771e3d077906b,2400
S7,forward_rollout_proxy,False,930003,0.5,0.5,4,4,761,761,0,0.0,0.0,,260.23715867107774,0.6051141339846231,3.432598689952709,0.001954555744887585,0.9980454442551124,32,0,0,11148.261607445564,11148.261607445564,2787.065401861391,1.5,0.5696099286573695,0.34685485116764847,0.00024377094241698964,59.0,23.600000000000016,0.1528393570119222,3,30:funding_collapse|39:wildfire:alternative|75:funding_collapse|85:wildfire:alternative|98:wildfire:origin,0.014119641230658155,0.050520232915820314,0.1371688866303799,0.01190279119187347,3.900335078671834e-05,0.0009709878090747607,7.38770013103093e-05,add771e3d077906b,2400
S6,rule,False,930004,0.875,0.5,7,4,209,209,1,0.3333333333333333,1.0,27.0,352.2703631591365,0.7491840072235977,3.7412376429523078,0.0,1.0,0,0,0,11127.283010959298,11127.2830109593,2781.8207527398245,1.5,0.8490446234944985,0.355583290882856,0.00017677903584418256,0.0,0.0,0.041332260519415326,2,8:flood:alternative|16:heatwave:alternative|20:flood:alternative|39:flood:origin|44:heatwave:semiwild|53:wildfire:semiwild|78:funding_collapse|85:funding_collapse,0.01600000000000001,0.06391840714402239,0.0,0.0,2.8284645735069208e-05,0.000869300986644872,0.0,b6c908f26a8fd9b2,1200
S7,forward_rollout_proxy,False,930004,0.625,0.5,5,4,730,730,1,0.3333333333333333,1.0,18.0,253.77033973697192,0.5455549375043945,4.377697649085933,9.405546055803688e-05,0.9999059445394419,24,0,0,11098.177581804706,11098.177581804706,2774.5443954511766,1.5,0.490787652009762,0.3470615720726623,0.0002936112581085526,39.25,15.699999999999996,0.14602915190413363,2,8:flood:alternative|16:heatwave:alternative|20:flood:alternative|39:flood:origin|44:heatwave:semiwild|53:wildfire:semiwild|78:funding_collapse|85:funding_collapse,0.013508940781493749,0.04618372941186511,0.19040963873498293,0.019774033821665375,4.6977801297368425e-05,0.0011108094957923637,5.3703346210797956e-05,b6c908f26a8fd9b2,1200
S6,rule,False,930004,0.875,0.5,7,4,209,209,1,0.3333333333333333,1.0,27.0,352.2703631591365,0.7491840072235977,3.7412376429523078,0.0,1.0,0,0,0,11127.283010959298,11127.2830109593,2781.8207527398245,1.5,0.8490446234944985,0.355583290882856,0.00017677903584418256,0.0,0.0,0.041332260519415326,2,8:flood:alternative|16:heatwave:alternative|20:flood:alternative|39:flood:origin|44:heatwave:semiwild|53:wildfire:semiwild|78:funding_collapse|85:funding_collapse,0.01600000000000001,0.06391840714402239,0.0,0.0,2.8284645735069208e-05,0.000869300986644872,0.0,add771e3d077906b,2400
S7,forward_rollout_proxy,False,930004,0.625,0.5,5,4,730,730,1,0.3333333333333333,1.0,18.0,253.77033973697192,0.5455549375043945,4.377697649085933,9.405546055803688e-05,0.9999059445394419,24,0,0,11098.177581804706,11098.177581804706,2774.5443954511766,1.5,0.490787652009762,0.3470615720726623,0.0002936112581085526,39.25,15.699999999999996,0.14602915190413363,2,8:flood:alternative|16:heatwave:alternative|20:flood:alternative|39:flood:origin|44:heatwave:semiwild|53:wildfire:semiwild|78:funding_collapse|85:funding_collapse,0.013508940781493749,0.04618372941186511,0.19040963873498293,0.019774033821665375,4.6977801297368425e-05,0.0011108094957923637,5.3703346210797956e-05,add771e3d077906b,2400
S6,rule,False,930005,0.625,0.625,5,5,917,917,1,0.3333333333333333,1.0,32.0,659.1876656354445,0.7801104251134506,6.326947894340445,0.0,1.0,0,0,0,11191.835929930105,11191.835929930108,2238.367185986021,1.5,0.9604839679999998,0.44882956442004723,8.304310811856667e-05,0.0,0.0,0.041308443383213836,2,41:funding_collapse|91:flood:semiwild|97:funding_collapse,0.01600000000000001,0.032897398852446906,0.0,0.0,1.3286897298970668e-05,0.0009788891368031753,0.0,b6c908f26a8fd9b2,1200
S7,forward_rollout_proxy,False,930005,0.625,0.625,5,5,1200,1200,1,0.3333333333333333,1.0,24.0,347.8557250506908,0.5732298507514393,3.1929193529759337,0.0177120120389466,0.9822879879610534,27,0,0,11178.31933626643,11178.319336266431,2235.663867253286,1.5,0.739411372728262,0.4189463950748308,0.00015568136091747054,63.0,25.200000000000014,0.15913032136122623,2,41:funding_collapse|91:flood:semiwild|97:funding_collapse,0.014060866589243947,0.047437563674087704,0.16451792748626043,0.016805021056109815,2.4909017746795283e-05,0.0009447881153957166,5.5487249603024555e-05,b6c908f26a8fd9b2,1200
S6,rule,False,930005,0.625,0.625,5,5,917,917,1,0.3333333333333333,1.0,32.0,659.1876656354445,0.7801104251134506,6.326947894340445,0.0,1.0,0,0,0,11191.835929930105,11191.835929930108,2238.367185986021,1.5,0.9604839679999998,0.44882956442004723,8.304310811856667e-05,0.0,0.0,0.041308443383213836,2,41:funding_collapse|91:flood:semiwild|97:funding_collapse,0.01600000000000001,0.032897398852446906,0.0,0.0,1.3286897298970668e-05,0.0009788891368031753,0.0,add771e3d077906b,2400
S7,forward_rollout_proxy,False,930005,0.625,0.625,5,5,1484,1484,1,0.3333333333333333,1.0,24.0,352.0732721609072,0.5692857211785612,3.6007160057268863,0.016266581901889433,0.9837334180981105,27,0,0,11178.31933626643,11178.319336266431,2235.663867253286,1.5,0.739411372728262,0.42302436160234036,0.00015568136091747054,63.0,25.200000000000014,0.15913032136122623,2,41:funding_collapse|91:flood:semiwild|97:funding_collapse,0.014065966428262144,0.04737276290054353,0.16870305914281633,0.0166195798893906,2.4909017746795283e-05,0.0009399567446680471,5.5487249603024555e-05,add771e3d077906b,2400
S6,rule,False,930006,0.75,0.75,6,6,1000,1000,1,0.3333333333333333,1.0,20.0,695.231929557416,0.7786884260467164,5.168019377442032,0.0,1.0,0,0,0,11228.858911394978,11228.858911394978,1871.4764852324963,1.5,0.9595288158324008,0.4948571986828948,0.00015524061963051265,0.0,0.0,0.048620616626171585,2,11:funding_collapse|24:flood:semiwild|55:wildfire:semiwild|76:flood:reserve,0.01600000000000001,0.03428802707772789,0.0,0.0,2.4838499140882023e-05,0.0009987083764153007,0.0,b6c908f26a8fd9b2,1200
S7,forward_rollout_proxy,False,930006,0.625,0.625,5,5,648,648,1,0.3333333333333333,1.0,23.0,292.06114098178676,0.6113723983107228,3.434509248634769,0.0012801411738002086,0.9987198588261998,138,0,0,11192.205361843531,11192.205361843531,2238.441072368706,1.5,0.6646700400018734,0.41554002521977973,0.0002975891736209978,89.5,35.80000000000003,0.1673896436662235,2,11:funding_collapse|24:flood:semiwild|55:wildfire:semiwild|76:flood:reserve,0.014218998458356504,0.06098534407030841,0.11750812177593083,0.013835171936407289,4.761426777935965e-05,0.0010085992392079672,8.432687657018522e-05,b6c908f26a8fd9b2,1200
S6,rule,False,930006,0.75,0.75,6,6,1000,1000,1,0.3333333333333333,1.0,20.0,695.231929557416,0.7786884260467164,5.168019377442032,0.0,1.0,0,0,0,11228.858911394978,11228.858911394978,1871.4764852324963,1.5,0.9595288158324008,0.4948571986828948,0.00015524061963051265,0.0,0.0,0.048620616626171585,2,11:funding_collapse|24:flood:semiwild|55:wildfire:semiwild|76:flood:reserve,0.01600000000000001,0.03428802707772789,0.0,0.0,2.4838499140882023e-05,0.0009987083764153007,0.0,add771e3d077906b,2400
S7,forward_rollout_proxy,False,930006,0.625,0.625,5,5,648,648,1,0.3333333333333333,1.0,23.0,292.06114098178676,0.6113723983107228,3.434509248634769,0.0012801411738002086,0.9987198588261998,138,0,0,11192.205361843531,11192.205361843531,2238.441072368706,1.5,0.6646700400018734,0.41554002521977973,0.0002975891736209978,89.5,35.80000000000003,0.1673896436662235,2,11:funding_collapse|24:flood:semiwild|55:wildfire:semiwild|76:flood:reserve,0.014218998458356504,0.06098534407030841,0.11750812177593083,0.013835171936407289,4.761426777935965e-05,0.0010085992392079672,8.432687657018522e-05,add771e3d077906b,2400
S6,rule,False,930007,0.875,0.75,7,6,1008,1008,1,0.3333333333333333,1.0,15.0,714.1471950467551,0.779005152110965,5.917434163764366,0.0,1.0,0,0,0,11218.523322524174,11218.523322524175,1869.7538870873623,1.5,0.9618319999999998,0.502717071114403,0.00015015765944340423,0.0,0.0,0.049297647383796786,2,7:wildfire:reserve|80:flood:semiwild,0.01600000000000001,0.03396013167449311,0.0,0.0,2.4025225510944677e-05,0.0010106909890311127,0.0,b6c908f26a8fd9b2,1200
S7,forward_rollout_proxy,False,930007,0.625,0.375,5,3,541,541,0,0.0,0.0,,290.8299340072805,0.7435132858074749,5.26930058730589,0.00035547730838363556,0.9996445226916164,22,0,0,11153.276855642085,11153.276855642085,3717.758951880695,1.5,0.6356059571866358,0.3125547688934465,0.0002880646732212571,47.5,19.000000000000004,0.13775583650862028,3,7:wildfire:reserve|80:flood:semiwild,0.016698997113354156,0.05698528547724918,6.774192122952491e-06,3.0000658752645952e-05,4.609034771540114e-05,0.001354372232027731,7.568389484928217e-05,b6c908f26a8fd9b2,1200
S6,rule,False,930007,0.875,0.75,7,6,1008,1008,1,0.3333333333333333,1.0,15.0,714.1471950467551,0.779005152110965,5.917434163764366,0.0,1.0,0,0,0,11218.523322524174,11218.523322524175,1869.7538870873623,1.5,0.9618319999999998,0.502717071114403,0.00015015765944340423,0.0,0.0,0.049297647383796786,2,7:wildfire:reserve|80:flood:semiwild,0.01600000000000001,0.03396013167449311,0.0,0.0,2.4025225510944677e-05,0.0010106909890311127,0.0,add771e3d077906b,2400
S7,forward_rollout_proxy,False,930007,0.625,0.375,5,3,541,541,0,0.0,0.0,,290.8299340072805,0.7435132858074749,5.26930058730589,0.00035547730838363556,0.9996445226916164,22,0,0,11153.276855642085,11153.276855642085,3717.758951880695,1.5,0.6356059571866358,0.3125547688934465,0.0002880646732212571,47.5,19.000000000000004,0.13775583650862028,3,7:wildfire:reserve|80:flood:semiwild,0.016698997113354156,0.05698528547724918,6.774192122952491e-06,3.0000658752645952e-05,4.609034771540114e-05,0.001354372232027731,7.568389484928217e-05,add771e3d077906b,2400
S6,rule,False,930008,0.75,0.75,6,6,923,923,0,0.0,0.0,,638.2526451130867,0.779358380746777,5.603641833775924,0.0,1.0,0,0,0,11126.544281047814,11126.544281047816,1854.4240468413025,1.5,0.9586296733334173,0.49897865051188817,0.000335440260794088,0.0,0.0,0.04789632420393555,3,36:funding_collapse|58:funding_collapse|63:funding_collapse|71:funding_collapse|80:heatwave:semiwild|84:wildfire:semiwild,0.01600000000000001,0.03356328092708796,0.0,0.0,5.3670441727054084e-05,0.0010246678844079767,0.0,b6c908f26a8fd9b2,1200
S7,forward_rollout_proxy,False,930008,0.75,0.75,6,6,1200,1200,0,0.0,0.0,,370.46246420007765,0.622298170333523,3.041696688143686,0.051928594312206554,0.9480714056877935,45,0,0,11087.6187203708,11087.6187203708,1847.9364533951332,1.5,0.7375066597944534,0.4806340034344671,0.00041897974637969686,70.25,28.100000000000016,0.19483185286792443,3,36:funding_collapse|58:funding_collapse|63:funding_collapse|71:funding_collapse|80:heatwave:semiwild|84:wildfire:semiwild,0.01465214162247054,0.052513890616305646,0.1192941340677351,0.009559856863880972,6.703675942075149e-05,0.0008833887494980513,6.452100153343031e-05,b6c908f26a8fd9b2,1200
S6,rule,False,930008,0.75,0.75,6,6,923,923,0,0.0,0.0,,638.2526451130867,0.779358380746777,5.603641833775924,0.0,1.0,0,0,0,11126.544281047814,11126.544281047816,1854.4240468413025,1.5,0.9586296733334173,0.49897865051188817,0.000335440260794088,0.0,0.0,0.04789632420393555,3,36:funding_collapse|58:funding_collapse|63:funding_collapse|71:funding_collapse|80:heatwave:semiwild|84:wildfire:semiwild,0.01600000000000001,0.03356328092708796,0.0,0.0,5.3670441727054084e-05,0.0010246678844079767,0.0,add771e3d077906b,2400
S7,forward_rollout_proxy,False,930008,0.75,0.75,6,6,1548,1548,0,0.0,0.0,,375.814005693566,0.6145648709795538,3.053051198972431,0.051853901459094465,0.9481460985409056,45,0,0,11087.6187203708,11087.6187203708,1847.9364533951332,1.5,0.7375066597944534,0.48074754854275453,0.00041897974637969686,70.25,28.100000000000016,0.19483185286792443,3,36:funding_collapse|58:funding_collapse|63:funding_collapse|71:funding_collapse|80:heatwave:semiwild|84:wildfire:semiwild,0.014658760081812454,0.05229952535098734,0.12749956684230926,0.009248937192222797,6.703675942075149e-05,0.0008749432434982454,6.42609568115034e-05,add771e3d077906b,2400
S6,rule,False,930009,0.875,0.75,7,6,1046,1046,0,0.0,0.0,,720.2293320311982,0.7785973948667416,6.6363240920066024,0.0,1.0,0,0,0,11175.42170427989,11175.42170427989,1862.5702840466483,1.5,0.8755735284582196,0.5013228471067042,0.00013211608394164174,0.0,0.0,0.049511266704080945,3,15:heatwave:alternative|54:funding_collapse|62:heatwave:semiwild|64:funding_collapse|72:heatwave:semiwild|86:heatwave:semiwild|96:wildfire:alternative,0.01600000000000001,0.03438764971802268,0.0,0.0,2.1138573430662678e-05,0.000993816841804823,0.0,b6c908f26a8fd9b2,1200
S7,forward_rollout_proxy,False,930009,0.625,0.625,5,5,912,912,2,0.6666666666666666,1.0,17.5,297.16211859604186,0.5553777386140615,4.580474106370355,0.0003583691131385034,0.9996416308868615,34,0,0,11142.918792215118,11142.91879221512,2228.5837584430237,1.5,0.5909656986891315,0.4179405592087563,0.0002845984971119417,64.0,25.600000000000005,0.1589462413806978,1,15:heatwave:alternative|54:funding_collapse|62:heatwave:semiwild|64:funding_collapse|72:heatwave:semiwild|86:heatwave:semiwild|96:wildfire:alternative,0.013882735491697263,0.049624384881501865,0.18368040601043883,0.015078067612881193,4.553575953791068e-05,0.0011162181019672144,6.055746752058702e-05,b6c908f26a8fd9b2,1200
S6,rule,False,930009,0.875,0.75,7,6,1046,1046,0,0.0,0.0,,720.2293320311982,0.7785973948667416,6.6363240920066024,0.0,1.0,0,0,0,11175.42170427989,11175.42170427989,1862.5702840466483,1.5,0.8755735284582196,0.5013228471067042,0.00013211608394164174,0.0,0.0,0.049511266704080945,3,15:heatwave:alternative|54:funding_collapse|62:heatwave:semiwild|64:funding_collapse|72:heatwave:semiwild|86:heatwave:semiwild|96:wildfire:alternative,0.01600000000000001,0.03438764971802268,0.0,0.0,2.1138573430662678e-05,0.000993816841804823,0.0,add771e3d077906b,2400
S7,forward_rollout_proxy,False,930009,0.625,0.625,5,5,912,912,2,0.6666666666666666,1.0,17.5,297.16211859604186,0.5553777386140615,4.580474106370355,0.0003583691131385034,0.9996416308868615,34,0,0,11142.918792215118,11142.91879221512,2228.5837584430237,1.5,0.5909656986891315,0.4179405592087563,0.0002845984971119417,64.0,25.600000000000005,0.1589462413806978,1,15:heatwave:alternative|54:funding_collapse|62:heatwave:semiwild|64:funding_collapse|72:heatwave:semiwild|86:heatwave:semiwild|96:wildfire:alternative,0.013882735491697263,0.049624384881501865,0.18368040601043883,0.015078067612881193,4.553575953791068e-05,0.0011162181019672144,6.055746752058702e-05,add771e3d077906b,2400
S6,rule,False,930010,0.125,0.0,1,0,0,0,2,0.6666666666666666,1.0,29.0,62.87546008967353,0.6997384718985767,0.0,,,0,0,0,11157.652222922305,11157.652222922305,11157.652222922305,1.5,0.7717964208851559,0.07994437489941134,5.277044854881266e-05,0.0,0.0,0.01382366405447873,1,9:wildfire:origin|23:wildfire:origin|48:flood:alternative|51:funding_collapse|53:wildfire:reserve|60:flood:semiwild|72:funding_collapse|79:wildfire:alternative|94:wildfire:reserve|98:heatwave:semiwild,0.015520000000000011,0.0891253171456906,0.0,0.0,8.443271767810027e-06,0.0007077676839648363,0.0,b6c908f26a8fd9b2,1200
S7,forward_rollout_proxy,False,930010,0.5,0.25,4,2,188,143,2,0.6666666666666666,1.0,28.0,172.7712646102787,0.5937797907469622,2.678874771617163,0.002919956003477453,0.9970800439965225,88,0,0,11202.081116227968,11202.081116227968,5601.040558113984,1.5,0.4038702833500323,0.2044205934007841,0.0001559940241387955,84.5,33.80000000000002,0.12372408674804616,1,9:wildfire:origin|23:wildfire:origin|48:flood:alternative|51:funding_collapse|53:wildfire:reserve|60:flood:semiwild|72:funding_collapse|79:wildfire:alternative|94:wildfire:reserve|98:heatwave:semiwild,0.012314880789676044,0.06972347128627981,0.12100928075897639,0.010493552445109713,2.4959043862207282e-05,0.00057789929119901,0.0001549926195168941,b6c908f26a8fd9b2,1200
S6,rule,False,930010,0.125,0.0,1,0,0,0,2,0.6666666666666666,1.0,29.0,62.87546008967353,0.6997384718985767,0.0,,,0,0,0,11157.652222922305,11157.652222922305,11157.652222922305,1.5,0.7717964208851559,0.07994437489941134,5.277044854881266e-05,0.0,0.0,0.01382366405447873,1,9:wildfire:origin|23:wildfire:origin|48:flood:alternative|51:funding_collapse|53:wildfire:reserve|60:flood:semiwild|72:funding_collapse|79:wildfire:alternative|94:wildfire:reserve|98:heatwave:semiwild,0.015520000000000011,0.0891253171456906,0.0,0.0,8.443271767810027e-06,0.0007077676839648363,0.0,add771e3d077906b,2400
S7,forward_rollout_proxy,False,930010,0.5,0.25,4,2,188,143,2,0.6666666666666666,1.0,28.0,172.7712646102787,0.5937797907469622,2.678874771617163,0.002919956003477453,0.9970800439965225,88,0,0,11202.081116227968,11202.081116227968,5601.040558113984,1.5,0.4038702833500323,0.2044205934007841,0.0001559940241387955,84.5,33.80000000000002,0.12372408674804616,1,9:wildfire:origin|23:wildfire:origin|48:flood:alternative|51:funding_collapse|53:wildfire:reserve|60:flood:semiwild|72:funding_collapse|79:wildfire:alternative|94:wildfire:reserve|98:heatwave:semiwild,0.012314880789676044,0.06972347128627981,0.12100928075897639,0.010493552445109713,2.4959043862207282e-05,0.00057789929119901,0.0001549926195168941,add771e3d077906b,2400
S6,rule,False,930011,0.625,0.375,5,3,105,105,2,0.6666666666666666,1.0,35.0,262.0994387513046,0.7429211459460349,3.227812660611304,0.0,1.0,0,0,0,11226.119667028795,11226.119667028797,3742.0398890095985,1.5,0.8536907304284164,0.29388672466801435,7.462686567164179e-05,0.0,0.0,0.03744762509529819,1,18:funding_collapse|36:heatwave:origin,0.01600000000000001,0.07010453765665962,0.0,0.0,1.1940298507462686e-05,0.0009623760987983919,0.0,b6c908f26a8fd9b2,1200
S7,forward_rollout_proxy,False,930011,0.625,0.625,5,5,937,937,1,0.3333333333333333,1.0,25.0,257.3337556451113,0.4949334749631017,3.7342037482559207,0.0004330699968469815,0.999566930003153,41,0,0,11207.763245180728,11207.763245180728,2241.5526490361453,1.5,0.6699999999999999,0.4184827927842221,0.00015388837843788666,38.75,15.499999999999993,0.16445377650831441,2,18:funding_collapse|36:heatwave:origin,0.013425761111686313,0.04627143490781202,0.2427111717341151,0.01840261488713254,2.4622140550061866e-05,0.0010294683751134691,4.723822691994355e-05,b6c908f26a8fd9b2,1200
S6,rule,False,930011,0.625,0.375,5,3,105,105,2,0.6666666666666666,1.0,35.0,262.0994387513046,0.7429211459460349,3.227812660611304,0.0,1.0,0,0,0,11226.119667028795,11226.119667028797,3742.0398890095985,1.5,0.8536907304284164,0.29388672466801435,7.462686567164179e-05,0.0,0.0,0.03744762509529819,1,18:funding_collapse|36:heatwave:origin,0.01600000000000001,0.07010453765665962,0.0,0.0,1.1940298507462686e-05,0.0009623760987983919,0.0,add771e3d077906b,2400
S7,forward_rollout_proxy,False,930011,0.625,0.625,5,5,937,937,1,0.3333333333333333,1.0,25.0,257.3337556451113,0.4949334749631017,3.7342037482559207,0.0004330699968469815,0.999566930003153,41,0,0,11207.763245180728,11207.763245180728,2241.5526490361453,1.5,0.6699999999999999,0.4184827927842221,0.00015388837843788666,38.75,15.499999999999993,0.16445377650831441,2,18:funding_collapse|36:heatwave:origin,0.013425761111686313,0.04627143490781202,0.2427111717341151,0.01840261488713254,2.4622140550061866e-05,0.0010294683751134691,4.723822691994355e-05,add771e3d077906b,2400
S6,rule,False,930012,0.75,0.75,6,6,1045,1045,0,0.0,0.0,,695.4433809990369,0.7794202946464976,5.595941446365301,0.0,1.0,0,0,0,11224.317186533313,11224.317186533317,1870.7195310888856,1.5,0.8754211395931835,0.49042172986494836,0.00015670790661495346,0.0,0.0,0.04710100720988512,3,54:funding_collapse|77:wildfire:reserve|80:flood:reserve,0.01600000000000001,0.03361331366101205,0.0,0.0,2.5073265058392554e-05,0.0009413184274320225,0.0,b6c908f26a8fd9b2,1200
S7,forward_rollout_proxy,False,930012,0.625,0.5,5,4,650,645,0,0.0,0.0,,296.62529722383243,0.6833998775972857,3.483158524829734,0.005207983576094304,0.9947920164239057,150,0,0,11180.19269709781,11180.19269709781,2795.0481742744523,1.5,0.5835058615711605,0.3460118216452107,0.0002540178807620243,89.75,35.90000000000004,0.13914825119898655,3,54:funding_collapse|77:wildfire:reserve|80:flood:reserve,0.015129388822509556,0.05704153272896085,0.05117880351654291,0.010346341652070427,4.0642860921923874e-05,0.0008140115042893765,9.276361039793107e-05,b6c908f26a8fd9b2,1200
S6,rule,False,930012,0.75,0.75,6,6,1045,1045,0,0.0,0.0,,695.4433809990369,0.7794202946464976,5.595941446365301,0.0,1.0,0,0,0,11224.317186533313,11224.317186533317,1870.7195310888856,1.5,0.8754211395931835,0.49042172986494836,0.00015670790661495346,0.0,0.0,0.04710100720988512,3,54:funding_collapse|77:wildfire:reserve|80:flood:reserve,0.01600000000000001,0.03361331366101205,0.0,0.0,2.5073265058392554e-05,0.0009413184274320225,0.0,add771e3d077906b,2400
S7,forward_rollout_proxy,False,930012,0.625,0.5,5,4,650,645,0,0.0,0.0,,296.62529722383243,0.6833998775972857,3.483158524829734,0.005207983576094304,0.9947920164239057,150,0,0,11180.19269709781,11180.19269709781,2795.0481742744523,1.5,0.5835058615711605,0.3460118216452107,0.0002540178807620243,89.75,35.90000000000004,0.13914825119898655,3,54:funding_collapse|77:wildfire:reserve|80:flood:reserve,0.015129388822509556,0.05704153272896085,0.05117880351654291,0.010346341652070427,4.0642860921923874e-05,0.0008140115042893765,9.276361039793107e-05,add771e3d077906b,2400
S6,rule,False,930013,0.75,0.5,6,4,299,299,0,0.0,0.0,,433.36362771223213,0.7575349047271402,4.086705488136593,0.0,1.0,0,0,0,11115.857911808505,11115.857911808507,2778.9644779521263,1.5,0.7774579191925645,0.3517178219311088,0.0001382005843736956,0.0,0.0,0.04052487565243194,3,7:flood:reserve|11:funding_collapse|25:funding_collapse|25:wildfire:alternative|28:funding_collapse|53:flood:origin|55:flood:alternative|82:wildfire:alternative,0.01600000000000001,0.05535673610921751,0.0,0.0,2.2112093499791295e-05,0.0010862470701425327,0.0,b6c908f26a8fd9b2,1200
S7,forward_rollout_proxy,False,930013,0.625,0.25,5,2,244,28,1,0.3333333333333333,1.0,27.0,167.07149584584928,0.6566794284044284,2.533307599928538,0.02919596900247617,0.9708040309975239,90,0,0,11044.47601666945,11044.47601666945,5522.238008334725,1.5,0.2981092006538862,0.19279846445765061,0.00016561061401864028,85.0,34.00000000000003,0.125772341964883,2,7:flood:reserve|11:funding_collapse|25:funding_collapse|25:wildfire:alternative|28:funding_collapse|53:flood:origin|55:flood:alternative|82:wildfire:alternative,0.00990738487614658,0.07785991029239622,0.017427616876175542,0.007529037709830241,2.6497698242982443e-05,0.0010129450273956679,0.0003945318983982051,b6c908f26a8fd9b2,1200
S6,rule,False,930013,0.75,0.5,6,4,299,299,0,0.0,0.0,,433.36362771223213,0.7575349047271402,4.086705488136593,0.0,1.0,0,0,0,11115.857911808505,11115.857911808507,2778.9644779521263,1.5,0.7774579191925645,0.3517178219311088,0.0001382005843736956,0.0,0.0,0.04052487565243194,3,7:flood:reserve|11:funding_collapse|25:funding_collapse|25:wildfire:alternative|28:funding_collapse|53:flood:origin|55:flood:alternative|82:wildfire:alternative,0.01600000000000001,0.05535673610921751,0.0,0.0,2.2112093499791295e-05,0.0010862470701425327,0.0,add771e3d077906b,2400
S7,forward_rollout_proxy,False,930013,0.625,0.25,5,2,244,28,1,0.3333333333333333,1.0,27.0,167.07149584584928,0.6566794284044284,2.533307599928538,0.02919596900247617,0.9708040309975239,90,0,0,11044.47601666945,11044.47601666945,5522.238008334725,1.5,0.2981092006538862,0.19279846445765061,0.00016561061401864028,85.0,34.00000000000003,0.125772341964883,2,7:flood:reserve|11:funding_collapse|25:funding_collapse|25:wildfire:alternative|28:funding_collapse|53:flood:origin|55:flood:alternative|82:wildfire:alternative,0.00990738487614658,0.07785991029239622,0.017427616876175542,0.007529037709830241,2.6497698242982443e-05,0.0010129450273956679,0.0003945318983982051,add771e3d077906b,2400
S6,rule,False,930014,0.875,0.125,7,1,10,10,0,0.0,0.0,,287.4177665712094,0.7386020121939001,1.923076923076923,0.0092496,0.9907504,0,0,0,11124.690753169563,11124.690753169565,11124.690753169563,1.5,0.7960541088249674,0.1627261883602859,0.0002061150535017856,0.0,0.0,0.038200041235099624,3,40:wildfire:origin|45:funding_collapse|50:funding_collapse|65:funding_collapse|77:flood:origin|95:funding_collapse,0.01600000000000001,0.07450859722846057,0.0,0.0,3.297840856028569e-05,0.0008564121690793118,0.0,b6c908f26a8fd9b2,1200
S7,forward_rollout_proxy,False,930014,0.75,0.75,6,6,1073,1073,0,0.0,0.0,,265.6895316293059,0.5722865049025022,2.39697327772992,0.16035912926597748,0.8396408707340225,21,0,0,11086.371413408877,11086.371413408877,1847.7285689014795,1.5,0.6699999999999999,0.4671648259894301,0.00022603698345761226,33.5,13.399999999999991,0.1934754660606545,3,40:wildfire:origin|45:funding_collapse|50:funding_collapse|65:funding_collapse|77:flood:origin|95:funding_collapse,0.013852069270616581,0.04772433449151725,0.17266278810888772,0.009781620616364886,3.616591735321797e-05,0.0008993226459900427,5.5426889666425424e-05,b6c908f26a8fd9b2,1200
S6,rule,False,930014,0.875,0.125,7,1,10,10,0,0.0,0.0,,287.4177665712094,0.7386020121939001,1.923076923076923,0.0092496,0.9907504,0,0,0,11124.690753169563,11124.690753169565,11124.690753169563,1.5,0.7960541088249674,0.1627261883602859,0.0002061150535017856,0.0,0.0,0.038200041235099624,3,40:wildfire:origin|45:funding_collapse|50:funding_collapse|65:funding_collapse|77:flood:origin|95:funding_collapse,0.01600000000000001,0.07450859722846057,0.0,0.0,3.297840856028569e-05,0.0008564121690793118,0.0,add771e3d077906b,2400
S7,forward_rollout_proxy,False,930014,0.75,0.75,6,6,1073,1073,0,0.0,0.0,,265.6895316293059,0.5722865049025022,2.39697327772992,0.16035912926597748,0.8396408707340225,21,0,0,11086.371413408877,11086.371413408877,1847.7285689014795,1.5,0.6699999999999999,0.4671648259894301,0.00022603698345761226,33.5,13.399999999999991,0.1934754660606545,3,40:wildfire:origin|45:funding_collapse|50:funding_collapse|65:funding_collapse|77:flood:origin|95:funding_collapse,0.013852069270616581,0.04772433449151725,0.17266278810888772,0.009781620616364886,3.616591735321797e-05,0.0008993226459900427,5.5426889666425424e-05,add771e3d077906b,2400
S6,rule,False,930015,0.875,0.875,7,7,219,219,1,0.3333333333333333,1.0,22.0,578.0120618293981,0.7659750615774891,3.320678665672063,0.0,1.0,0,0,0,11167.513718188182,11167.513718188184,1595.3591025983117,1.5,0.8569417329465607,0.5232025109446087,0.00015957671957671956,0.0,0.0,0.052757754966159726,2,4:wildfire:reserve|24:funding_collapse|32:heatwave:alternative|71:funding_collapse|78:wildfire:origin,0.01600000000000001,0.04710811241627235,0.0,0.0,2.5532275132275133e-05,0.0008912937311062663,0.0,b6c908f26a8fd9b2,1200
S7,forward_rollout_proxy,False,930015,0.625,0.375,5,3,449,437,1,0.3333333333333333,1.0,16.0,212.3826049269385,0.6991835416722008,2.8686377127907483,0.013951502852767812,0.9860484971472322,64,0,0,11105.319728522845,11105.319728522845,3701.7732428409486,1.5,0.5723102157264885,0.2821184044758861,0.00034828482405652216,53.0,21.20000000000001,0.1372550288766488,2,4:wildfire:reserve|24:funding_collapse|32:heatwave:alternative|71:funding_collapse|78:wildfire:origin,0.014815760454202118,0.0715654890378639,0.032637309177239,0.0038466123485172143,5.572557184904355e-05,0.0007529301058225162,0.00014191155470649741,b6c908f26a8fd9b2,1200
S6,rule,False,930015,0.875,0.875,7,7,243,243,1,0.3333333333333333,1.0,22.0,577.2511791564538,0.7658790212232687,3.4080627945879103,0.0007684571428571427,0.9992315428571429,0,0,0,11167.513718188182,11167.513718188184,1595.3591025983117,1.5,0.8569417329465607,0.5240763522337671,0.00015957671957671956,0.0,0.0,0.052757754966159726,2,4:wildfire:reserve|24:funding_collapse|32:heatwave:alternative|71:funding_collapse|78:wildfire:origin,0.01600000000000001,0.047212660869916566,0.0,0.0,2.5532275132275133e-05,0.0008827856316826125,0.0,add771e3d077906b,2400
S7,forward_rollout_proxy,False,930015,0.625,0.375,5,3,449,437,1,0.3333333333333333,1.0,16.0,212.3826049269385,0.6991835416722008,2.8686377127907483,0.013951502852767812,0.9860484971472322,64,0,0,11105.319728522845,11105.319728522845,3701.7732428409486,1.5,0.5723102157264885,0.2821184044758861,0.00034828482405652216,53.0,21.20000000000001,0.1372550288766488,2,4:wildfire:reserve|24:funding_collapse|32:heatwave:alternative|71:funding_collapse|78:wildfire:origin,0.014815760454202118,0.0715654890378639,0.032637309177239,0.0038466123485172143,5.572557184904355e-05,0.0007529301058225162,0.00014191155470649741,add771e3d077906b,2400
S6,rule,False,930016,0.875,0.875,7,7,579,579,1,0.3333333333333333,1.0,19.0,653.9656857112127,0.7711367439501623,4.221340171228246,0.0,1.0,0,0,0,11133.803793555255,11133.803793555257,1590.5433990793222,1.5,0.900593610627856,0.5365257473362733,0.0004630973961427755,0.0,0.0,0.05251492280602646,2,3:funding_collapse|4:wildfire:alternative|15:flood:alternative|24:funding_collapse|30:wildfire:semiwild|80:heatwave:origin|99:flood:semiwild,0.01600000000000001,0.041828787640447944,0.0,0.0,7.409558338284408e-05,0.000960372826006987,0.0,b6c908f26a8fd9b2,1200
S7,forward_rollout_proxy,False,930016,0.5,0.5,4,4,794,794,1,0.3333333333333333,1.0,25.0,285.8042822895353,0.5754508312573186,4.0610513920027085,0.001206460281190743,0.9987935397188092,23,0,0,11083.770341378651,11083.770341378651,2770.942585344663,1.5,0.5131349014053163,0.3455404359001849,0.00023240005384304752,51.75,20.700000000000006,0.14308215919813078,2,3:funding_collapse|4:wildfire:alternative|15:flood:alternative|24:funding_collapse|30:wildfire:semiwild|80:heatwave:origin|99:flood:semiwild,0.013984285429946926,0.04872522826686528,0.16386940556510132,0.016407012138801105,3.718400861488761e-05,0.0009717965260255923,5.202961216438674e-05,b6c908f26a8fd9b2,1200
S6,rule,False,930016,0.875,0.875,7,7,579,579,1,0.3333333333333333,1.0,19.0,653.9656857112127,0.7711367439501623,4.221340171228246,0.0,1.0,0,0,0,11133.803793555255,11133.803793555257,1590.5433990793222,1.5,0.900593610627856,0.5365257473362733,0.0004630973961427755,0.0,0.0,0.05251492280602646,2,3:funding_collapse|4:wildfire:alternative|15:flood:alternative|24:funding_collapse|30:wildfire:semiwild|80:heatwave:origin|99:flood:semiwild,0.01600000000000001,0.041828787640447944,0.0,0.0,7.409558338284408e-05,0.000960372826006987,0.0,add771e3d077906b,2400
S7,forward_rollout_proxy,False,930016,0.5,0.5,4,4,794,794,1,0.3333333333333333,1.0,25.0,285.8042822895353,0.5754508312573186,4.0610513920027085,0.001206460281190743,0.9987935397188092,23,0,0,11083.770341378651,11083.770341378651,2770.942585344663,1.5,0.5131349014053163,0.3455404359001849,0.00023240005384304752,51.75,20.700000000000006,0.14308215919813078,2,3:funding_collapse|4:wildfire:alternative|15:flood:alternative|24:funding_collapse|30:wildfire:semiwild|80:heatwave:origin|99:flood:semiwild,0.013984285429946926,0.04872522826686528,0.16386940556510132,0.016407012138801105,3.718400861488761e-05,0.0009717965260255923,5.202961216438674e-05,add771e3d077906b,2400
S6,rule,False,930017,0.375,0.25,3,2,155,155,2,0.6666666666666666,1.0,23.5,123.51639433642804,0.7377175093446025,3.4914190514393297,0.0,1.0,0,0,0,11075.761828499944,11075.761828499944,5537.880914249972,1.5,0.8671194726656801,0.23911856409656984,0.0002128675636245745,0.0,0.0,0.024962131578042734,1,3:heatwave:alternative|6:funding_collapse|10:heatwave:origin|16:funding_collapse|91:funding_collapse,0.01600000000000001,0.07563910399479594,0.0,0.0,3.4058810179931916e-05,0.0006093278504217531,0.0,b6c908f26a8fd9b2,1200
S7,forward_rollout_proxy,False,930017,0.625,0.625,5,5,925,920,2,0.6666666666666666,1.0,19.5,206.46985971407398,0.41999029818126377,3.352463520280822,0.0004052180661837182,0.9995947819338162,18,0,0,11132.551921049093,11132.551921049093,2226.5103842098188,1.5,0.5810666188058897,0.4049289077230683,0.0002845105870766537,33.5,13.399999999999997,0.16023805319835532,1,3:heatwave:alternative|6:funding_collapse|10:heatwave:origin|16:funding_collapse|91:funding_collapse,0.01273542634768155,0.04450616626792575,0.3116911336494392,0.022632767248993768,4.55216939322646e-05,0.0009611717968982185,7.563179682112065e-05,b6c908f26a8fd9b2,1200
S6,rule,False,930017,0.375,0.25,3,2,155,155,2,0.6666666666666666,1.0,23.5,123.51639433642804,0.7377175093446025,3.4914190514393297,0.0,1.0,0,0,0,11075.761828499944,11075.761828499944,5537.880914249972,1.5,0.8671194726656801,0.23911856409656984,0.0002128675636245745,0.0,0.0,0.024962131578042734,1,3:heatwave:alternative|6:funding_collapse|10:heatwave:origin|16:funding_collapse|91:funding_collapse,0.01600000000000001,0.07563910399479594,0.0,0.0,3.4058810179931916e-05,0.0006093278504217531,0.0,add771e3d077906b,2400
S7,forward_rollout_proxy,False,930017,0.625,0.625,5,5,925,920,2,0.6666666666666666,1.0,19.5,206.46985971407398,0.41999029818126377,3.352463520280822,0.0004052180661837182,0.9995947819338162,18,0,0,11132.551921049093,11132.551921049093,2226.5103842098188,1.5,0.5810666188058897,0.4049289077230683,0.0002845105870766537,33.5,13.399999999999997,0.16023805319835532,1,3:heatwave:alternative|6:funding_collapse|10:heatwave:origin|16:funding_collapse|91:funding_collapse,0.01273542634768155,0.04450616626792575,0.3116911336494392,0.022632767248993768,4.55216939322646e-05,0.0009611717968982185,7.563179682112065e-05,add771e3d077906b,2400
S6,rule,False,930018,0.625,0.5,5,4,819,819,1,0.3333333333333333,1.0,36.0,574.92029262354,0.7819973352266222,6.130406091431144,0.0,1.0,0,0,0,11158.237186533312,11158.237186533315,2789.559296633328,1.5,0.8989345390942289,0.38398362064229047,0.00019734269640505925,0.0,0.0,0.038930529092780844,2,53:heatwave:alternative|55:funding_collapse|76:wildfire:semiwild|84:wildfire:reserve|89:funding_collapse|99:funding_collapse,0.01600000000000001,0.030857488711663404,0.0,0.0,3.157483142480948e-05,0.0011136012302899582,0.0,b6c908f26a8fd9b2,1200
S7,forward_rollout_proxy,False,930018,0.625,0.625,5,5,412,402,1,0.3333333333333333,1.0,36.0,280.1330167016192,0.5723239193181572,3.5322111572640282,0.00498823583233988,0.9950117641676601,74,0,0,11128.124200079119,11128.12420007912,2225.624840015824,1.5,0.5806081763086308,0.4077272163276935,0.00030577757311588865,87.0,34.80000000000003,0.16547143562095057,2,53:heatwave:alternative|55:funding_collapse|76:wildfire:semiwild|84:wildfire:reserve|89:funding_collapse|99:funding_collapse,0.013896705213851694,0.05898538388736176,0.15639630144848668,0.016059651299906042,4.8924411698542195e-05,0.0009370116877436666,8.066827962123298e-05,b6c908f26a8fd9b2,1200
S6,rule,False,930018,0.625,0.5,5,4,819,819,1,0.3333333333333333,1.0,36.0,574.92029262354,0.7819973352266222,6.130406091431144,0.0,1.0,0,0,0,11158.237186533312,11158.237186533315,2789.559296633328,1.5,0.8989345390942289,0.38398362064229047,0.00019734269640505925,0.0,0.0,0.038930529092780844,2,53:heatwave:alternative|55:funding_collapse|76:wildfire:semiwild|84:wildfire:reserve|89:funding_collapse|99:funding_collapse,0.01600000000000001,0.030857488711663404,0.0,0.0,3.157483142480948e-05,0.0011136012302899582,0.0,add771e3d077906b,2400
S7,forward_rollout_proxy,False,930018,0.625,0.625,5,5,412,402,1,0.3333333333333333,1.0,36.0,280.1330167016192,0.5723239193181572,3.5322111572640282,0.00498823583233988,0.9950117641676601,74,0,0,11128.124200079119,11128.12420007912,2225.624840015824,1.5,0.5806081763086308,0.4077272163276935,0.00030577757311588865,87.0,34.80000000000003,0.16547143562095057,2,53:heatwave:alternative|55:funding_collapse|76:wildfire:semiwild|84:wildfire:reserve|89:funding_collapse|99:funding_collapse,0.013896705213851694,0.05898538388736176,0.15639630144848668,0.016059651299906042,4.8924411698542195e-05,0.0009370116877436666,8.066827962123298e-05,add771e3d077906b,2400
S6,rule,False,930019,0.875,0.875,7,7,1139,1139,1,0.3333333333333333,1.0,31.0,730.0013710038197,0.7784097165009779,5.255384750072962,0.0005864244500318871,0.9994135755499681,0,0,0,11224.557311254011,11224.557311254011,1603.5081873220017,1.5,0.9618319999999998,0.5527942819569731,0.000106951871657754,0.0,0.0,0.051536172281217485,2,11:funding_collapse|32:wildfire:reserve,0.01600000000000001,0.03464521523312024,0.0,0.0,1.7112299465240642e-05,0.0009279559664362773,0.0,b6c908f26a8fd9b2,1200
S7,forward_rollout_proxy,False,930019,0.5,0.375,4,3,521,521,2,0.6666666666666666,1.0,30.5,227.36968996985237,0.742835106325741,2.3753290374663036,0.08470183099544322,0.9152981690045567,40,0,0,11177.872836253591,11177.872836253591,3725.9576120845304,1.5,0.6314502118562219,0.2808684445615482,0.00038327539641555536,52.5,21.000000000000004,0.12610066500631478,1,11:funding_collapse|32:wildfire:reserve,0.01647733193893085,0.05908228065720451,8.098833245451764e-05,0.0001703957444443975,6.132406342648886e-05,0.0007531164801176903,0.00014421423564550965,b6c908f26a8fd9b2,1200
S6,rule,False,930019,0.875,0.875,7,7,1142,1142,1,0.3333333333333333,1.0,31.0,739.6177828232123,0.7783943286478967,5.060451495896691,0.00046528408018917247,0.9995347159198108,0,0,0,11224.557311254011,11224.557311254011,1603.5081873220017,1.5,0.9618319999999998,0.5508449494152103,0.000106951871657754,0.0,0.0,0.051536172281217485,2,11:funding_collapse|32:wildfire:reserve,0.01600000000000001,0.03466697808842384,0.0,0.0,1.7112299465240642e-05,0.0009215809642141399,0.0,add771e3d077906b,2400
S7,forward_rollout_proxy,False,930019,0.5,0.375,4,3,521,521,2,0.6666666666666666,1.0,30.5,227.36968996985237,0.742835106325741,2.3753290374663036,0.08470183099544322,0.9152981690045567,40,0,0,11177.872836253591,11177.872836253591,3725.9576120845304,1.5,0.6314502118562219,0.2808684445615482,0.00038327539641555536,52.5,21.000000000000004,0.12610066500631478,1,11:funding_collapse|32:wildfire:reserve,0.01647733193893085,0.05908228065720451,8.098833245451764e-05,0.0001703957444443975,6.132406342648886e-05,0.0007531164801176903,0.00014421423564550965,add771e3d077906b,2400
S6,rule,False,930020,0.5,0.375,4,3,294,294,1,0.3333333333333333,1.0,35.0,246.01521134912045,0.7458415599837577,4.444236729039841,0.0,1.0,0,0,0,11145.974283413052,11145.974283413054,3715.324761137684,1.5,0.8515702777703874,0.304087964311247,0.00010269627019244045,0.0,0.0,0.028692846219049092,2,13:funding_collapse|15:flood:origin|42:funding_collapse|44:heatwave:alternative|55:funding_collapse|57:heatwave:alternative|82:wildfire:reserve,0.01600000000000001,0.0675003838916855,0.0,0.0,1.6431403230790472e-05,0.0006416247213263275,0.0,b6c908f26a8fd9b2,1200
S7,forward_rollout_proxy,False,930020,0.625,0.5,5,4,411,385,1,0.3333333333333333,1.0,16.0,223.8820223476104,0.51559457239056,3.7056788692063223,0.0004184482438756901,0.9995815517561243,51,0,0,11148.18830943853,11148.18830943853,2787.0470773596326,1.5,0.40549658737326083,0.3311716180731661,0.00040366463022321273,46.0,18.4,0.14282585321888389,2,13:funding_collapse|15:flood:origin|42:funding_collapse|44:heatwave:alternative|55:funding_collapse|57:heatwave:alternative|82:wildfire:reserve,0.01293648585072677,0.05519187023588461,0.20154637350653243,0.02679801179874589,6.458634083571404e-05,0.0011693692995719425,6.577667718473728e-05,b6c908f26a8fd9b2,1200
S6,rule,False,930020,0.5,0.375,4,3,294,294,1,0.3333333333333333,1.0,35.0,246.01521134912045,0.7458415599837577,4.444236729039841,0.0,1.0,0,0,0,11145.974283413052,11145.974283413054,3715.324761137684,1.5,0.8515702777703874,0.304087964311247,0.00010269627019244045,0.0,0.0,0.028692846219049092,2,13:funding_collapse|15:flood:origin|42:funding_collapse|44:heatwave:alternative|55:funding_collapse|57:heatwave:alternative|82:wildfire:reserve,0.01600000000000001,0.0675003838916855,0.0,0.0,1.6431403230790472e-05,0.0006416247213263275,0.0,add771e3d077906b,2400
S7,forward_rollout_proxy,False,930020,0.625,0.5,5,4,411,385,1,0.3333333333333333,1.0,16.0,223.8820223476104,0.51559457239056,3.7056788692063223,0.0004184482438756901,0.9995815517561243,51,0,0,11148.18830943853,11148.18830943853,2787.0470773596326,1.5,0.40549658737326083,0.3311716180731661,0.00040366463022321273,46.0,18.4,0.14282585321888389,2,13:funding_collapse|15:flood:origin|42:funding_collapse|44:heatwave:alternative|55:funding_collapse|57:heatwave:alternative|82:wildfire:reserve,0.01293648585072677,0.05519187023588461,0.20154637350653243,0.02679801179874589,6.458634083571404e-05,0.0011693692995719425,6.577667718473728e-05,add771e3d077906b,2400
S6,rule,False,930021,0.875,0.875,7,7,1063,1063,1,0.3333333333333333,1.0,20.0,750.7221584252015,0.7787093978255468,5.064334881871526,0.0,1.0,0,0,0,11246.383396081483,11246.383396081485,1606.6261994402118,1.5,0.9618319999999998,0.5513090963953162,0.0002568625076547045,0.0,0.0,0.05366273788300506,2,16:heatwave:alternative,0.01600000000000001,0.034297270609298894,0.0,0.0,4.1098001224752726e-05,0.0009522335639299262,0.0,b6c908f26a8fd9b2,1200
S7,forward_rollout_proxy,False,930021,0.75,0.5,6,4,730,730,0,0.0,0.0,,262.5817888282058,0.5935831327645943,4.349555816592677,0.0005361845352307271,0.9994638154647693,27,0,0,11201.327421903334,11201.327421903334,2800.3318554758334,1.5,0.7195848627204421,0.3709779857359024,0.000493052478251564,62.0,24.800000000000015,0.15261970648965703,3,16:heatwave:alternative,0.014043236456559565,0.04883299510404173,0.14569974096485683,0.01623977471902463,7.888839652025024e-05,0.0010716853556181373,7.46523182412228e-05,b6c908f26a8fd9b2,1200
S6,rule,False,930021,0.875,0.875,7,7,1063,1063,1,0.3333333333333333,1.0,20.0,750.7221584252015,0.7787093978255468,5.064334881871526,0.0,1.0,0,0,0,11246.383396081483,11246.383396081485,1606.6261994402118,1.5,0.9618319999999998,0.5513090963953162,0.0002568625076547045,0.0,0.0,0.05366273788300506,2,16:heatwave:alternative,0.01600000000000001,0.034297270609298894,0.0,0.0,4.1098001224752726e-05,0.0009522335639299262,0.0,add771e3d077906b,2400
S7,forward_rollout_proxy,False,930021,0.75,0.5,6,4,730,730,0,0.0,0.0,,262.5817888282058,0.5935831327645943,4.349555816592677,0.0005361845352307271,0.9994638154647693,27,0,0,11201.327421903334,11201.327421903334,2800.3318554758334,1.5,0.7195848627204421,0.3709779857359024,0.000493052478251564,62.0,24.800000000000015,0.15261970648965703,3,16:heatwave:alternative,0.014043236456559565,0.04883299510404173,0.14569974096485683,0.01623977471902463,7.888839652025024e-05,0.0010716853556181373,7.46523182412228e-05,add771e3d077906b,2400
S6,rule,False,930022,0.0,0.0,0,0,0,0,2,0.6666666666666666,1.0,26.0,61.245597951585985,0.2247683675876143,0.0,,,0,0,0,11131.572733491592,11131.572733491594,11131.572733491592,1.5,0.6831057938398054,0.06985576006654902,0.00013784039316931906,0.0,0.0,0.007725903412842395,1,9:heatwave:reserve|16:flood:origin|17:heatwave:origin|25:heatwave:origin|71:wildfire:reserve,0.005120000000000003,0.03532295613639527,0.0,0.0,2.2054462907091056e-05,0.0003666218130833692,0.0,b6c908f26a8fd9b2,1200
S7,forward_rollout_proxy,False,930022,0.125,0.125,1,1,233,197,1,0.3333333333333333,1.0,19.0,127.7379928425676,0.6858515757320224,1.0,0.3227564139285449,0.6772435860714551,177,0,0,11258.337658748878,11258.33765874888,11258.337658748878,1.5,0.4889669317812903,0.12664929635120722,0.00027530866738076994,68.0,27.200000000000035,0.05751301586539094,2,9:heatwave:reserve|16:flood:origin|17:heatwave:origin|25:heatwave:origin|71:wildfire:reserve,0.011967230463976675,0.0604879766352349,0.005671839524113817,0.005810223520805742,4.404938678092319e-05,0.0007872856289148143,0.0004309131901497436,b6c908f26a8fd9b2,1200
S6,rule,False,930022,0.0,0.0,0,0,0,0,2,0.6666666666666666,1.0,26.0,61.245597951585985,0.2247683675876143,0.0,,,0,0,0,11131.572733491592,11131.572733491594,11131.572733491592,1.5,0.6831057938398054,0.06985576006654902,0.00013784039316931906,0.0,0.0,0.007725903412842395,1,9:heatwave:reserve|16:flood:origin|17:heatwave:origin|25:heatwave:origin|71:wildfire:reserve,0.005120000000000003,0.03532295613639527,0.0,0.0,2.2054462907091056e-05,0.0003666218130833692,0.0,add771e3d077906b,2400
S7,forward_rollout_proxy,False,930022,0.125,0.125,1,1,233,197,1,0.3333333333333333,1.0,19.0,127.7379928425676,0.6858515757320224,1.0,0.3227564139285449,0.6772435860714551,177,0,0,11258.337658748878,11258.33765874888,11258.337658748878,1.5,0.4889669317812903,0.12664929635120722,0.00027530866738076994,68.0,27.200000000000035,0.05751301586539094,2,9:heatwave:reserve|16:flood:origin|17:heatwave:origin|25:heatwave:origin|71:wildfire:reserve,0.011967230463976675,0.0604879766352349,0.005671839524113817,0.005810223520805742,4.404938678092319e-05,0.0007872856289148143,0.0004309131901497436,add771e3d077906b,2400
S6,rule,False,930023,0.75,0.625,6,5,333,333,1,0.3333333333333333,1.0,43.0,574.1172111086782,0.7671421340936506,5.040056473916083,0.0,1.0,0,0,0,11221.607863420002,11221.607863420002,2244.3215726840003,1.5,0.7513577672793209,0.416168632279735,0.00024883875248838755,0.0,0.0,0.046911454063210525,2,32:wildfire:reserve|48:funding_collapse|71:heatwave:alternative|74:heatwave:reserve|76:heatwave:origin|87:wildfire:reserve,0.01600000000000001,0.04583282733762026,0.0,0.0,3.9814200398142e-05,0.0009852243683305996,0.0,b6c908f26a8fd9b2,1200
S7,forward_rollout_proxy,False,930023,0.625,0.375,5,3,164,78,2,0.6666666666666666,1.0,24.5,206.84668760819773,0.7103795451273062,2.0307587358786656,0.018519027964948014,0.981480972035052,80,0,0,11176.363947178748,11176.36394717875,3725.4546490595826,1.5,0.3275490933446829,0.24957142028204884,0.00038816078848362954,65.5,26.200000000000014,0.13879461794396947,1,32:wildfire:reserve|48:funding_collapse|71:heatwave:alternative|74:heatwave:reserve|76:heatwave:origin|87:wildfire:reserve,0.014628960929763806,0.0765599115420463,0.003183316394833034,0.0021547566076139356,6.210572615738072e-05,0.0010010500492323173,0.00022829833891479083,b6c908f26a8fd9b2,1200
S6,rule,False,930023,0.75,0.625,6,5,333,333,1,0.3333333333333333,1.0,43.0,574.1172111086782,0.7671421340936506,5.040056473916083,0.0,1.0,0,0,0,11221.607863420002,11221.607863420002,2244.3215726840003,1.5,0.7513577672793209,0.416168632279735,0.00024883875248838755,0.0,0.0,0.046911454063210525,2,32:wildfire:reserve|48:funding_collapse|71:heatwave:alternative|74:heatwave:reserve|76:heatwave:origin|87:wildfire:reserve,0.01600000000000001,0.04583282733762026,0.0,0.0,3.9814200398142e-05,0.0009852243683305996,0.0,add771e3d077906b,2400
S7,forward_rollout_proxy,False,930023,0.625,0.375,5,3,164,78,2,0.6666666666666666,1.0,24.5,206.84668760819773,0.7103795451273062,2.0307587358786656,0.018519027964948014,0.981480972035052,80,0,0,11176.363947178748,11176.36394717875,3725.4546490595826,1.5,0.3275490933446829,0.24957142028204884,0.00038816078848362954,65.5,26.200000000000014,0.13879461794396947,1,32:wildfire:reserve|48:funding_collapse|71:heatwave:alternative|74:heatwave:reserve|76:heatwave:origin|87:wildfire:reserve,0.014628960929763806,0.0765599115420463,0.003183316394833034,0.0021547566076139356,6.210572615738072e-05,0.0010010500492323173,0.00022829833891479083,add771e3d077906b,2400
