scenario,n,survival_100_mean,survival_100_lower,survival_100_upper,species_retained_100_mean,species_retained_100_lower,species_retained_100_upper,total_abundance_mean,total_abundance_lower,total_abundance_upper,wild_abundance_mean,wild_abundance_lower,wild_abundance_upper,mean_individual_welfare_mean,mean_individual_welfare_lower,mean_individual_welfare_upper,disease_prevalence_mean,disease_prevalence_lower,disease_prevalence_upper,relocation_burden_mean,relocation_burden_lower,relocation_burden_upper,refuge_moves_mean,refuge_moves_lower,refuge_moves_upper,origin_returns_mean,origin_returns_lower,origin_returns_upper,successful_reintroductions_mean,successful_reintroductions_lower,successful_reintroductions_upper
base_directional_change,24,0.3072916666666667,0.125,0.375,2.4583333333333335,1.0,3.0,272.7083333333333,111.275,408.55,0.0,0.0,0.0,0.5836506897462982,0.4847174331329484,0.6467772075124929,0.000295210206245887,6.592142356651285e-05,0.0006554479380638156,17.9125,7.9575000000000005,28.552500000000002,158.75,79.575,254.65000000000003,20.375,0.0,46.7,20.375,0.0,46.7
stable_excellent_origin,24,0.9375,0.875,1.0,7.5,7.0,8.0,1176.6666666666667,1138.875,1200.0,1176.6666666666667,1138.875,1200.0,0.7885646620178987,0.7880028723834427,0.7890748798471869,0.0001799431669344149,4.734272206796025e-05,0.00045152964476586607,0.3333333333333334,0.0,1.6275000000000006,2.125,0.0,9.850000000000001,1.2083333333333333,0.0,6.425000000000001,1.2083333333333333,0.0,6.425000000000001
zero_relocation_mortality,24,0.3229166666666667,0.25,0.375,2.5833333333333335,2.0,3.0,276.875,154.625,419.75000000000006,0.0,0.0,0.0,0.5981758716173383,0.5508744481864233,0.6217424810301246,0.0003080397424952424,5.266057934508816e-05,0.0007235296652074717,19.05,11.065,24.6075,166.375,104.925,221.55,24.125,5.15,53.97500000000001,24.125,5.15,53.97500000000001
zero_relocation_stress,24,0.328125,0.19687500000000002,0.375,2.625,1.5750000000000002,3.0,277.1666666666667,173.375,385.975,0.0,0.0,0.0,0.5929835648329267,0.5372312231249711,0.6333175830831729,0.00029906843461084253,9.367179360803262e-05,0.0005594190319341453,0.0,0.0,0.0,160.5,89.8,224.7,24.416666666666668,1.1500000000000001,46.425,24.416666666666668,1.1500000000000001,46.425
no_movement_disease,24,0.3385416666666667,0.19687500000000002,0.375,2.7083333333333335,1.5750000000000002,3.0,292.875,103.7,401.75,0.0,0.0,0.0,0.5899012768967943,0.533903104403037,0.6281030381297144,0.00023190617387513473,5.1968642055267704e-05,0.0007065283976584932,18.083333333333332,7.6625000000000005,27.125,160.0,73.325,227.22500000000002,20.833333333333332,1.5750000000000002,49.125,20.833333333333332,1.5750000000000002,49.125
restored_origin,24,0.3854166666666667,0.19687500000000002,0.5531250000000001,3.0833333333333335,1.5750000000000002,4.425000000000001,651.0833333333334,358.175,860.3000000000001,642.625,358.175,860.3000000000001,0.7542499007772422,0.720888493628403,0.7662199581633979,0.0004871553961593462,0.00011455543200724816,0.0012620779333339348,34.32083333333334,18.732500000000016,78.40750000000003,123.08333333333333,99.3,146.975,220.125,66.6,649.5500000000001,220.125,66.6,649.5500000000001
zero_release_penalty,24,0.3177083333333333,0.19687500000000002,0.375,2.5416666666666665,1.5750000000000002,3.0,290.3333333333333,132.725,453.3,0.0,0.0,0.0,0.5909239800589061,0.5064536966502953,0.6223068864432493,0.00026079973537278516,7.880546398292443e-05,0.0006434093195813164,18.125000000000004,9.5725,25.59,157.75,95.725,216.8,23.5,0.0,48.125,23.5,0.0,48.125
adequate_budget,24,0.3645833333333333,0.25,0.4281250000000001,2.9166666666666665,2.0,3.4250000000000007,358.25,245.15,458.35,0.0,0.0,0.0,0.5542416340996247,0.4815169831989287,0.5983877015960748,0.0002674461565567977,5.401247181338919e-05,0.0005961124367644875,28.575000000000003,12.7025,42.37000000000001,240.125,125.875,335.85,45.625,0.5750000000000001,104.425,45.625,0.5750000000000001,104.425
earlier_return,24,0.3541666666666667,0.25,0.4281250000000001,2.8333333333333335,2.0,3.4250000000000007,351.9583333333333,213.075,462.825,0.0,0.0,0.0,0.5800235367355547,0.5142770123854733,0.6133262787812629,0.0003017364736670395,0.00010602209299442421,0.0005359527093952102,33.30416666666666,14.93000000000001,44.13499999999999,258.6666666666667,140.425,328.7,74.375,8.875,121.25,74.375,8.875,121.25
