design_id,habitat_deterioration,climate_velocity,relocation_mortality,relocation_stress,ex_situ_breeding_benefit,release_survival_penalty,movement_disease_risk,captivity_welfare_penalty,survey_cost,engagement_coefficient,initial_budget,habitat_protection_efficiency
0,0.009395935181636785,0.02851985026614543,0.016059556257362197,0.17813013897694316,0.42829552894515815,0.20131524893847855,0.21539413213008995,0.4362490813074619,35.95656030328679,-0.08596331133980141,100.15066684947476,0.05318178179047073
1,0.014973709919359635,0.04647302317042887,0.08549120805637017,0.139169432892449,0.4592563916833052,0.23491728722291427,0.201197047575646,0.4057061002554323,49.29817982112128,0.10007118389342817,163.615198321465,0.06795825743864609
2,0.00022584050348404554,0.005233553445376632,0.1184401655907501,0.4646492944036042,0.14909505332614514,0.019969283372537585,0.16305432963209354,0.10408257758083149,37.748081584844904,0.15377750701573484,173.56192514722906,0.0357202308706303
3,0.0005172583121537121,0.027252261858044725,0.14728813911620184,0.04962092229230794,0.2143032465642251,0.19600891140337737,0.1452450510665898,0.4302107062062173,16.27361262718389,0.20958181631944667,43.59594832526732,0.06142390838263522
4,0.023933059297006676,0.01730188267452563,0.11057514806659668,0.23751716680306786,0.3649572512494961,0.27463304204870603,0.28712982342080007,0.351847975302757,32.248177742930864,0.029711196672658896,103.66306415636348,0.015941823400529683
5,0.010602491030773336,0.023684609734141843,0.13143140484313073,0.09266974834727433,0.09973485365614944,0.05018359289796162,0.30411899754861504,0.19986900683486902,5.687689246989138,0.17640646007085364,166.6641278142446,0.0367999893631668
6,0.005934450685661282,0.039194547922255005,0.02961670907251526,0.04533227178993979,0.17855856212753596,0.26393674893569735,0.31219916454620256,0.18648190592240454,19.80727628905816,-0.07513475370329417,106.80655050549598,0.05026474777669031
7,0.017264815379060994,0.03750519039222869,0.1282789457682493,0.07179559175494922,0.4479073402618951,0.188556918190529,0.05635501663867873,0.4377180094696464,17.207159635960743,0.08219517247655653,118.71159478178137,0.07100258009745038
8,0.011929389201953404,0.025550786105180873,0.04379609880749483,0.2587258887611585,0.1443184619230872,0.13027216423244484,0.3770058925166712,0.485264256849395,36.90576315149817,0.1943256765066687,74.85554806373077,0.03781699636538552
9,0.012392054744470906,0.0008265851903706406,0.15648072133766314,0.43875348995756247,0.18528611438994744,0.1586258899066531,0.15058267369059994,0.02432128422103006,2.563665659174592,0.05091257686166842,94.48100960676015,0.07389313017315786
10,0.021527509252000764,0.030622777588893327,0.043561637838926366,0.35215469572760444,0.15783070755012807,0.006451416866358295,0.04804789806265225,0.06554420748092181,29.85359234636326,-0.0001468068896404856,124.41886416929812,0.013306847801367594
11,0.016945827663464336,0.011957029112170246,0.11950949295238461,0.22047086717740766,0.06537273974752658,0.010735890807320948,0.03448471616952735,0.47903672035945727,5.499610220657815,0.07699082095497875,92.22523411597757,0.021920769184435893
12,0.011470255258663693,0.02844623631969256,0.0766773392252848,0.23025317182793395,0.495803631595222,0.14501238595798568,0.05335150250534089,0.41546297805405064,39.336300140546,-0.0819106731739665,148.15763502572656,0.07298008619645305
13,0.018414782834432826,0.0274606074311141,0.11701290255390184,0.42641651855560075,0.4744385377186612,0.035833421020532094,0.10721581117098662,0.046204531268183156,12.307313339490939,0.0011928809335660373,190.56094806450088,0.04558893350861687
14,0.0015070713528095225,0.02117978123593796,0.16633184664363362,0.3330551449313171,0.465433506531906,0.07078646070934208,0.26627823747801543,0.4427025272033823,34.73236474921598,0.0587782285161223,155.4196622070097,0.0686246733167036
15,0.007061071170474175,0.020397514183510594,0.07637834402151594,0.541882978793259,0.32880038380326504,0.14732186404572753,0.23624104948319885,0.07383561418729129,12.654003163273803,0.14783359662911116,30.84152909886649,0.028880226405402994
16,0.01318750632542455,0.03633797103567903,0.18268819126488203,0.018794548443000065,0.26790976388762666,0.008771734080544422,0.08098664885351704,0.03351227221511674,10.603871413499824,-0.11120236487069739,104.3997557505709,0.02496667374309549
17,0.010251392418527574,0.028067687367110572,0.0008102429290687817,0.4308646013774867,0.13540061785130833,0.07512548867555822,0.1961770589160627,0.13363409099360998,9.631153602778397,-0.08698130127890025,56.263485984406145,0.0761577094921257
18,0.008507375320974083,0.03517146156834901,0.0728567553440457,0.0131183923251771,0.3081781892405301,0.2271418269641178,0.07050426258671609,0.16625614113287446,59.0305522635412,0.19043562118464097,184.32130717534127,0.032775643082944846
19,0.011160346442233945,0.04224709882399682,0.06690726588104172,0.4899343846453756,0.10681445272659155,0.08509920373590099,0.31518368877480196,0.10051439551999464,19.553643002077024,-0.04281765279454951,50.73206492073882,0.015476359545441822
20,0.011100427272969641,0.04541651075357682,0.1591223534770998,0.26674580058781305,0.0848529810965809,0.21979951121965208,0.3501597528350177,0.12664492034170388,8.085061798231823,-0.050017438806756756,72.0260961177541,0.013954550370016201
21,0.013595449561827561,0.03143697201335825,0.13476599629257888,0.22447804060511817,0.22779558231373542,0.028290277952884225,0.3899082561528844,0.4135079769286654,53.931146727646784,-0.05270482888092268,162.7267759878958,0.019752569366095346
22,0.004118371281904799,0.015358023797029628,0.1703121436575581,0.0390648826516473,0.21517795576888227,0.2832553914157979,0.2621904450123914,0.23947845581181332,3.911644679899138,0.22985742391235137,166.4728312701496,0.0436616627254209
23,0.02169780143897497,0.04429803317484582,0.06409699985372662,0.030897553961956554,0.12011462182158816,0.20965788889777218,0.09261010912028304,0.21929641944043615,48.698222188308996,0.033676914576500766,158.9815277854174,0.06595401114791752
24,0.007009211936550849,0.014278165402678504,0.17641645925511004,0.15879161490372057,0.008107588028806834,0.1983037712662181,0.09783208532693945,0.47467733323059413,4.78279899319608,-0.05544724386526137,48.64549133791718,0.038923618745211684
25,0.016676357609190045,0.005959770721472039,0.16187909621236227,0.11952411460274327,0.061280253741857534,0.2978401943458267,0.3445433859525978,0.39063568171684243,22.928374157276266,-0.02395937081705532,41.23841900316642,0.026636391565951746
26,0.014459191250625959,0.012692382505561664,0.18528890863206318,0.42239451736436484,0.4008716067110244,0.27285897244142726,0.27391785402166174,0.2804929862084322,41.96385873706663,0.1578924509025878,201.42099958968637,0.03420246557651793
27,0.02036399791630442,0.0014030571622147187,0.12185312132936435,0.49428141138758813,0.3531098226354132,0.0971103750816456,0.18026647328905884,0.08100957012272292,13.296756350729048,0.16620281617571298,194.0820097451525,0.03630112355488768
28,0.013850416437282468,0.0006759550322470025,0.02036494316332137,0.25536353678939644,0.09707119945118559,0.2974751014911896,0.23853076547042198,0.38840495478708775,6.735632525805261,-0.03853003968655175,63.41285412000592,0.02395650056773566
29,0.003090766699262733,0.029012725028394276,0.06025526913166545,0.3786378988901598,0.1310356463073483,0.05189488762433611,0.13530128871689046,0.1903090095135812,20.9803543233774,0.13122671742223074,53.93657486954264,0.06110386614453896
30,0.022490485587405056,0.04103448054784845,0.1505835448349237,0.028546093093287407,0.20557053251453422,0.22760799043258986,0.14845000996914845,0.3970518461801978,15.300563302018524,0.16281353777981966,131.0065204952665,0.01229177960626299
31,0.012973425689475708,0.0415958895428787,0.0061389028521149636,0.506561662729697,0.18976589124501558,0.0016433729043187943,0.14220835665650308,0.4097543933500704,42.832952985774654,-0.0728503774312066,108.86345542371382,0.005383860485994523
32,0.0033751583603362383,0.005799489733987778,0.031475808812637784,0.2482994089838504,0.015755173829508105,0.07763534932354138,0.39127511376996543,0.27093100751993315,47.85518926273751,0.09462250202440975,88.65436698558597,0.0676073347059244
33,0.012632121218665802,0.04507829964725657,0.19642958478396777,0.40355252868816527,0.535497536349422,0.16265426456788065,0.009115015814289846,0.04725406502837127,45.072405322727484,0.14098639187870665,57.05154751992949,0.0075648842061986025
34,0.019681774624672427,0.046812028055560354,0.06263485544802201,0.48445531601830333,0.41699774523823546,0.023870734668305617,0.01546139851363991,0.30560561096093825,9.03506075811506,-0.09558273585097343,121.1203483939531,0.04916001935884864
35,0.023806820098691877,0.003871722871141738,0.11443177725941445,0.11433492468838592,0.2250926758078638,0.22376261875908895,0.12209984410353905,0.1706056995915394,38.47170636616636,0.23649421420571087,116.81759188123488,0.005598120883812528
36,0.009842290846587692,0.00026611530640579904,0.0564033796601803,0.1844204917373884,0.12439124485927801,0.2916709204655409,0.1551604641113964,0.20960373170713442,44.4142019489111,0.028182931200195133,61.372901286937974,0.034504940278914153
37,0.0035471373676502446,0.03402528977421365,0.06811064235664449,0.3468611381068233,0.0544682538749452,0.04205116573114757,0.26496593592513545,0.11082083583179418,7.438247157102775,0.05586304435840411,142.93852417319002,0.05601071290402042
38,0.018896438278127113,0.011093350790370477,0.13968025089712555,0.05997768910779265,0.1721928204639652,0.10513195897226593,0.3794691317375486,0.05929686597918301,23.717072509452436,0.12029937986157818,188.47576517981685,0.011551958313783486
39,0.02130786082607603,0.02312004828668464,0.08980788214055836,0.10067969525870639,0.20633309057251867,0.08138137234262831,0.25016665926844966,0.42237094402552156,1.0956599602228652,0.022164363412336824,129.2486709210391,0.03331384906627186
40,0.002815296862097262,0.037369928401929785,0.021939148163297718,0.20291027870177328,0.17111801963101517,0.06566474644400908,0.0024307456080635884,0.24533537768942448,45.23112366712223,0.08914997655653359,219.1062562960466,0.016262494083795286
41,0.024061243263664368,0.003327262081320464,0.1224960023583635,0.39430110509653676,0.16563806837439274,0.2445613553680633,0.2768039740255507,0.19622459947974666,56.304975601971655,0.23730300247681546,87.64213593458271,0.030517375551389184
42,0.009975009078040324,0.04285792394105459,0.04857548281816785,0.14915142603024656,0.3987734037506693,0.17514481241269278,0.0840950178564146,0.331181055520799,24.302583515443555,0.1832552452187295,92.3633129269657,0.03008118421564734
43,0.018056229604056624,0.048211200922880726,0.19421786843367328,0.2861941124806222,0.23593395457570562,0.12143554499623636,0.20605333419455552,0.12242645583814174,37.464195323573776,-0.02612560694012403,58.51807855295519,0.024895636109492667
44,0.002311733695236295,0.010384836961598712,0.0883849297728366,0.24292162992456814,0.037233635473132666,0.03945322206842081,0.021229582567239582,0.42648541309904725,50.63271517444375,0.1844598397967968,52.907001946515095,0.060162707895161954
45,0.015379687185076636,0.043216114749004754,0.14371229547176145,0.23505885149911923,0.4328800406796502,0.19352033065662136,0.2309855875926603,0.44743803969564494,54.22103951187387,0.07150098417300896,180.09709695318568,0.031195543679785533
46,0.007723636624969441,0.016807721360865096,0.00367537710174514,0.006167746669838959,0.31785191538348395,0.27084449263126503,0.37337418815950885,0.010418379258328603,26.276189482858324,-0.11162114843735961,77.0024257592373,0.07029074328910162
47,0.02288032405171808,0.01939489839587201,0.03676883941795916,0.21572979888689936,0.2609465315519973,0.09415467189612109,0.22758465145797993,0.02845378951291233,22.413506378719813,-0.08974069036691848,211.14165774555582,0.07476617804917153
48,0.005297678413745736,0.019557040986440233,0.03380751628106931,0.19390007000718873,0.43926823119833186,0.09219909704728733,0.21810081881971294,0.04146938758152792,20.07060977419978,0.07087140756539748,51.99788137687687,0.0416359051542079
49,0.006270231940844553,0.030369533943634272,0.019331345034454207,0.5151869768690461,0.5398061987461737,0.11501621741047502,0.30868452935014457,0.21281672368287696,35.278682135204185,0.1691168897422981,153.86365331562268,0.01706751417719892
50,0.005771929868616627,0.040942937327865685,0.10071301649467018,0.2884371904908228,0.4458712975327977,0.25401496553315084,0.36969054486743297,0.4977062242644589,52.53666844816833,0.12585948345357192,176.4022474346859,0.02925739734619163
51,0.00473623271967825,0.011663231987292366,0.018161672605271944,0.16538211348610116,0.4724710417119158,0.20781731894923308,0.025735278445238863,0.3646042125006826,6.277703341154937,-0.03518700856713561,32.18624025356254,0.05937362878487878
52,0.009621811961504695,0.04996582586892673,0.10550633474077982,0.4745707651406624,0.3816295660582473,0.04870918548334813,0.2443671550682217,0.11988481292767755,45.87285966468585,0.012451620440626504,66.48262594169526,0.07452875292400936
53,0.01974909801215259,0.018610613495250398,0.16795153911970645,0.07735185951131422,0.02471448197160282,0.18108284365582297,0.023933486581467617,0.3220013862861191,15.744482992707384,0.12326292848280881,179.9145384810942,0.058138401791956854
54,0.0016075936797414342,0.03996399264675689,0.037951076013124904,0.329131823991993,0.37085429631864825,0.18356830062925203,0.12129300582399001,0.15492930781838088,53.25125394202062,0.20168642566210776,60.71931942119971,0.0658164995959064
55,0.024322535115041136,0.019120354416262367,0.0063034030497124156,0.36975533157918034,0.05849397965660725,0.03465984784709284,0.16067025222263676,0.3032925050379744,49.36379750898179,-0.03167677027684897,70.00339937472265,0.054126918803393334
56,0.015743283056396756,0.033290305046257934,0.009566869217597578,0.3772799912449269,0.16246068527517013,0.0029210558531640694,0.18721314114499127,0.4200787335921182,23.923470513258057,-0.04792172755042989,113.32788841868363,0.03172877112119096
57,0.02312739634027399,0.03202622565558151,0.01162250374935935,0.07352944607255553,0.050874098528019315,0.05597021548631425,0.0630775960002201,0.3167497839512897,29.43674125799525,-0.06727654331026289,169.92874207755807,0.04227441118966388
58,0.021948000373581886,0.04597801015825233,0.17360343056854646,0.3391519426446272,0.24980134455388553,0.017610755322425738,0.2914943531345064,0.08418386462060623,40.9886139774954,0.11290108870569537,98.93735591109451,0.021204361301762228
59,0.014761703309582916,0.038583353981302276,0.1460608970443926,0.4635976505251962,0.2847719243699919,0.12535624342722743,0.08521819874328523,0.275883027566807,1.8284530508955983,0.22467929637948097,138.60301362155155,0.009583945717442997
60,0.00237707096843815,0.022552817747900772,0.09904348683905875,0.16901999031045675,0.03913120171231714,0.17339651133919295,0.029604276195405954,0.32605041434492177,47.033209983177954,0.18072891584796635,83.81837564254299,0.018984430746039494
61,0.020625507395076317,0.001675636258864401,0.1650455554940317,0.41841676683320506,0.3472072951852274,0.015103852304157048,0.1378005380832742,0.08836407017844787,40.43651598150473,0.0434319154100887,122.97284958688006,0.0629342508421987
62,0.011730521435907436,0.04372481032611759,0.1975710357318268,0.36076695223750416,0.018711512813508562,0.16135571378513622,0.3342267072277471,0.16262012912461365,18.888667776777233,0.2212638046473261,71.23785894535227,0.07213179211061868
63,0.0067859433168325975,0.047349488797363525,0.09132782733980405,0.08788669311919745,0.4237008231152333,0.12778901863914402,0.04312743158794902,0.09706029501244409,7.899835846331236,-0.11968637534535391,73.4868084024016,0.06706599296936125
64,0.0033015012608963914,0.03976428518055253,0.0944821971663381,0.1982935079971569,0.2896615956244281,0.1684879340243445,0.1828161842663504,0.23287317561704166,10.88348314403497,0.1052201670476523,174.65472942312869,0.0546495336166112
65,0.010529512211171163,0.04849941393734649,0.12477222739411054,0.06604221844517154,0.3225917382808275,0.1029318006267684,0.03138209404107756,0.2055230594818868,12.004246728229576,0.23269726475922703,217.82879659017837,0.05071492527658953
66,0.008832651739306757,0.014755604599430603,0.11402105484628455,0.5187377840583886,0.41204103843697143,0.2038760218483458,0.3588479666592133,0.14149844646711693,39.95898486839144,-0.03829889971388521,45.65330942207854,0.023144618319401497
67,0.011589337255562675,0.03687479287088645,0.10227587030226643,0.4066241122630575,0.29852415573564106,0.17634761783184122,0.2432203329310797,0.4890772035130701,35.55119628314384,0.14485859393731143,207.35034800176996,0.02682285946089216
68,0.020166454567595336,0.015122627725198196,0.054091334792475326,0.32206583043694703,0.3380580526773333,0.2522045381996161,0.13370206452360253,0.25166324114152333,3.1584135957040362,-0.09834972774403401,135.1303591737427,0.06330215711405475
69,0.024842709913182787,0.031130487019366868,0.02677003962317917,0.10919071387376236,0.5195157809973786,0.22973046393020713,0.07212099625604504,0.4674245011838645,56.949396877852486,0.214005806935531,196.5786071030067,0.04803521753653552
70,0.01622564777764847,0.025852484260417335,0.04732633167628864,0.275323422228619,0.06952043163553578,0.2341057728832015,0.16853983502969377,0.3496495681039175,14.19461825340637,0.20887931008349409,81.95923430690323,0.04744032104301295
71,0.020737883317237003,0.013576991960048752,0.09664688396188006,0.19163559419298956,0.12706690056939834,0.10733632247782016,0.17335882601066244,0.25701543324221954,51.77870380362299,0.22853796005947397,111.11957530043433,0.06524727597341123
72,0.014311032442292336,0.00869160545813099,0.0247975445069891,0.3249813792909383,0.38693885575440423,0.24287190093970437,0.22387073443107158,0.10701450207269009,42.57012641626312,0.01610336950793137,168.24423253151292,0.07264144747157729
73,0.015957053942247727,0.03300194540103687,0.11151006082184028,0.16229192596752126,0.4045222109186952,0.24730186739412943,0.21968260516359922,0.3775952219492755,22.123386218646182,0.1705438503713313,102.49287114558582,0.07971383757468947
74,0.0020379739881972217,0.002261493714153406,0.19218660888936281,0.48635915029667715,0.07686354954232887,0.13255389903426626,0.32678157006202596,0.4502353706115293,26.796204941702374,0.1602159710165491,185.42303600485363,0.06427982801060009
75,0.01557871048367749,0.0029484344865577283,0.17768066616206835,0.5020211401286161,0.24845874251761788,0.23926235571848933,0.004064189588548873,0.14912368450168376,57.21756522939346,0.05157181695626406,138.02520457113116,0.04404637331858108
76,0.01715208879881135,0.03822279808662326,0.18051519315195833,0.48116550257026436,0.5479648899556203,0.12293249203300573,0.2840019302394106,0.3090499863295459,20.81786798259549,0.04834682202510987,129.9706452162447,0.05157825417463438
77,0.01522713218071313,0.039026603940447435,0.061522542975790344,0.3639785743424855,0.22054530730157074,0.1339909798593309,0.3183728500635681,0.006077678001898752,46.791718269865314,0.03980043212889481,140.7552712139205,0.07544209461387007
78,0.02094878371023863,0.020715320503661237,0.10443216076917888,0.39736068847239814,0.5299379839265516,0.17941087275402526,0.2559730233404136,0.12989084072546778,11.48458392287765,-0.11671373476975208,142.2882698218055,0.025846677355910033
79,0.022784530405747724,0.009158952628586526,0.0464756469097897,0.08393721607917341,0.5242520220362196,0.1521048338353126,0.397776086434466,0.36823985379702795,3.450596040362338,0.1281516839883087,136.17498398200405,0.044616199287548106
80,1.2877210582286423e-05,0.023878714580390027,0.014454491054860956,0.03457897906644532,0.2388351591921691,0.043155729843948186,0.34848930458931515,0.3326325483301587,28.809443556059176,-0.06506948173472082,186.55560901196472,0.006224422309430589
81,0.006158284148543126,0.006473699911096351,0.1831732541914114,0.4343748195565459,0.2725009261331727,0.06489684577014862,0.3018613061931226,0.29674985462798226,17.920263927513027,0.00911663498129911,132.43178125987475,0.05235047642701701
82,0.017745964721660453,0.029798405814543384,0.10811904582661246,0.12302946147236402,0.3327529445273689,0.1141599671388185,0.3188844688273317,0.261398081145069,50.79586629517614,-0.006014755920465034,206.2215839082198,0.047156373007462504
83,0.012782455007309386,0.022181861089137903,0.07824834482691545,0.02177217054033624,0.28082586040849705,0.2660457988953066,0.11238668287408388,0.4623994286953686,18.515017167435886,-0.04626778151977498,36.453016029157496,0.05275351559352305
84,0.019336258659325114,0.03588817033516744,0.18926681928458758,0.10727311532086642,0.13861823518788244,0.21724037114562728,0.3551462865056081,0.2369105022039744,33.665544246239016,-0.017907912277961707,214.3415691245757,0.012752757719528274
85,0.009200946289782628,0.017631646226161306,0.09233322192399315,0.5223078392646928,0.009463166722001483,0.2786308377373033,0.18763426312916953,0.4005471468491977,24.884615150888166,-0.070880566272918,126.42150101997706,0.02831450269912699
86,0.012158047732263423,0.029672529619741657,0.03591589195744021,0.09482402517602577,0.08770551145110317,0.28483298271613505,0.08965732447145189,0.012523679549963718,43.566350967500085,-0.09227549977662931,192.31929771796968,0.055309529257302315
87,0.024453842997692057,0.0041642632714801965,0.1559602575064933,0.45192668461743474,0.27759591198748956,0.030498524145287344,0.36419251912032746,0.3725344134095609,51.1906999931978,-0.10658247953145204,34.40015371795704,0.07656487262961592
88,0.008183593866910583,0.032738596685838804,0.09835578782531997,0.2922183589004259,0.15415724630375602,0.1484203284914637,0.3955026731263602,0.03756405356004748,38.924499671442994,-0.058940458498953074,64.44927968716708,0.059843292462318703
89,0.00396150631475365,0.016564100721280048,0.0802847617655753,0.2972595916398419,0.43517211189624966,0.05948137396896258,0.10569985974501749,0.26726795559495914,52.79220204571348,0.11347263310019201,189.12872796545457,0.042791413854594416
90,0.0010990268950660312,0.002584053760137771,0.18902991817359388,0.1350222227545293,0.5105333707228132,0.06171245487569466,0.3824102512628275,0.19452232494590668,59.60778941470395,0.11801783800290924,78.47630191446255,0.007001346451106831
91,0.017845716074578223,0.007383894521903899,0.1277740889993865,0.4088920342325159,0.24212903000443015,0.11158412942470984,0.12899451279040172,0.15736861502541505,16.310487935102294,0.09905719223116846,198.33143485297853,0.02029828565661837
92,0.003735806461875875,0.015974287556241373,0.16046945459262996,0.3555074484409854,0.41537638888495465,0.24924253246545036,0.19939717583795533,0.09309724692110048,26.040130673260943,0.11017793002773657,156.51695637759656,0.02254796400648034
93,0.002723902153174456,0.021620730945093015,0.04142170842391911,0.31441416286899443,0.39301224298568155,0.07373896036021851,0.23215101574933752,0.2279884301807864,49.86946528970571,-0.06172635421935977,151.45532381323088,0.032364846072425374
94,0.007981899604808492,0.004576755508130233,0.1309076487911004,0.3092581144940069,0.5430703757597687,0.2590785746882913,0.2966045487509494,0.0758422887299075,43.80044359740599,-0.028173626813734975,113.04074081326371,0.027745174459886356
95,0.016435113421999433,0.026555306796461238,0.025770071049897314,0.1736483980568269,0.1948148995984604,0.1398777894360061,0.3381935234145298,0.35636705492528076,32.99079661580125,0.2189773271284517,89.84215171157192,0.0463137122954511
96,0.02216136306314244,0.03381773223229544,0.1389205275432655,0.3403538808920075,0.3048585348353408,0.14230270968350406,0.07751736655435106,0.47256004018191516,31.181977205644287,0.20419300162131265,216.94769746360944,0.07801866286559664
97,0.01923008775643563,0.02481253235131006,0.14170999672942827,0.18737597911875317,0.32101386150401773,0.09108472997009252,0.27920436703236556,0.1788976527042329,36.734440011728466,0.004533716606010221,127.52053854148721,0.019509960397928162
98,0.017553596136638407,0.03210809533306918,0.13635989670258414,0.2510400401105059,0.03231078956611893,0.15389399769102916,0.05066717351078277,0.016926857651807518,29.107227392436066,0.1417981815486543,81.7554431743834,0.07886344783465964
99,0.018690106685311843,0.023013372623701484,0.05848156935489235,0.2098259678221978,0.19931691275155766,0.01376367622160615,0.33574806533090024,0.2240853479227014,41.85583663671901,0.025564840891765583,149.4340018937792,0.04095962072664989
100,0.014147186793583677,0.040528825471591326,0.08151859977080515,0.05158984694133904,0.29294981265320497,0.1089799196155358,0.1769491537826844,0.2176519784306179,30.451854042496727,-0.01073398268445197,204.07177087681302,0.06915259243775523
101,0.02327185893703239,0.049576551928914324,0.17258167112205794,0.3862572984908987,0.3836322826491412,0.26924515406711236,0.11357864490008139,0.49280325600378777,0.862501102290323,-0.10315485882159897,38.336827815917374,0.03490390668154189
102,0.0051067695967910234,0.010899979107730396,0.14427701406435342,0.06071381194806838,0.48730173091659057,0.17075255971183673,0.1251895210212394,0.05841212556866256,47.93279924721972,0.13613253025202043,195.87479485789504,0.039544513458970594
103,0.004374687935322399,0.009655687309762458,0.05268505814613314,0.36708596985314834,0.5119900147964056,0.11916850132270224,0.2970813094001454,0.13826661964324521,28.265419899999564,0.19863932027356201,86.22287733080933,0.07163517202951245
104,0.024679836853160383,0.026925508099954434,0.0693418955712017,0.003543282087074456,0.50450833522889,0.13716988270368408,0.24917340160629708,0.147673625772537,55.12076224157677,-0.01452202240379838,34.615722854290986,0.058903132784156605
105,0.004519981193198785,0.010027334728059589,0.07412792853568993,0.1515411450845231,0.4986555292591084,0.056265276833687136,0.06679008360892319,0.3394039262824743,54.49496927430165,0.17369886332749102,42.08765270080657,0.010007796934347354
106,0.02348387360569816,0.008558379099193231,0.12626462929300394,0.12550494755863403,0.46243007227706934,0.1910317378597236,0.2593385493658485,0.2817004880967581,14.756671334634062,0.09229889147007012,144.80309047504662,0.07761325261220607
107,0.008396140905559518,0.025124416693327892,0.08304620106663613,0.5300644178319864,0.04369940652408544,0.2622899789270336,0.21051122672895534,0.3820161061984147,8.41064141231041,0.13342616585292977,67.22591356375167,0.0237299111791077
108,0.019010506198968838,0.04716656648470022,0.1546655137051797,0.13136755579669518,0.3431704762645451,0.023430036689163616,0.009491712317880298,0.26555695334004825,10.229688691135758,0.04259592135978996,40.13849220378856,0.07875254303521764
109,0.0065841385125296375,0.018260890031983425,0.16283205094629027,0.14259074989547377,0.5221468689297937,0.21315539460525107,0.20775430192469724,0.3618129489769865,27.58722959865225,0.18717665042819015,79.51870730651345,0.05748091365317449
110,0.01405717905598623,0.020302971003093858,0.030743264196852606,0.3025696820896237,0.18312288420022324,0.16433963337091065,0.3599918959198861,0.06961151688030852,57.92393067093798,0.0846535098253684,46.44471669418726,0.03748629689580126
111,0.016022477479579574,0.044057795979832434,0.15181349733121374,0.4698624995914473,0.37798565735655976,0.045088015240198495,0.38667735108741486,0.34080659214093717,46.271169722320145,0.08763078342976097,97.23782527786555,0.04874137917665733
112,0.020101625704971312,0.048987633060668875,0.0021627596573440227,0.5379684791308105,0.36941461724636565,0.08757100408143409,0.2693225123601074,0.0009205797711493522,40.82912569013683,0.10270580989360653,171.88659127271603,0.008182382247115594
113,0.000789406634518593,0.013672219466919126,0.1704812877116006,0.4503352453322834,0.07907384136895854,0.20395598532859152,0.34170774942584464,0.05203452795530981,31.86293690277721,-0.10280754504030781,182.37156805365254,0.05703670374303817
114,0.0210988023457264,0.035045036774439854,0.05473754212966976,0.26295294734904007,0.48143232925559065,0.2892663107349105,0.36660138335958165,0.2863697382292625,59.231283386413324,0.012071559608739485,213.65226691431113,0.018456012592756563
115,0.007544405035635806,0.0076684581150229195,0.14915014170518848,0.2826318556489173,0.0027152086897546278,0.10042884177625541,0.2893168078598219,0.0207733364269301,31.06886852575711,0.06676917343854999,119.48601363638258,0.017608231335484184
116,0.0012703058001655545,0.012422070412825168,0.1330566173531019,0.5358910662151778,0.4807988439845562,0.2575094287956878,0.11805874940755744,0.4583681370313286,55.9298248053516,0.036446557644148114,161.08780500864464,0.05563345645441613
117,0.009175593391842853,0.013217080779615274,0.08696998603665189,0.38928760526673056,0.25470764815991326,0.21435369917891287,0.018531506520630417,0.29723880273354686,27.259702612001544,-0.009376766115425081,96.5150701289078,0.014517003163044228
118,0.008749031114310175,0.03614802052531404,0.18638595557537385,0.4127200888682893,0.30954930883280574,0.18568214140069406,0.09399618165970676,0.18180543841633653,21.851494098900773,0.19518661422771588,199.76323346752702,0.06984445458961741
119,0.007420039646918045,0.042096654163810636,0.10720817326502607,0.012719230673613463,0.35067111044982474,0.026448337934945144,0.03826376832182074,0.48240634840918256,13.97439369014018,0.07450024025053192,159.57167007998672,0.06384999688429197
120,0.0018242378206010203,0.01610071540205533,0.17856041762167232,0.27430675643630886,0.45210943203128795,0.15611241971005133,0.15783056632993342,0.2911355109764326,2.287082516191484,0.2167516469653183,115.48233259583594,0.04980086020140214
121,0.004988269033341111,0.034415456492488346,0.040481641705171316,0.44595368430356386,0.3596406868098048,0.2865007265333033,0.330165661156041,0.1749629328739716,17.467209972372178,0.0646729146470787,210.03460693773883,0.011345711449621522
122,0.013325944913512567,0.04463863845627714,0.008715672399092801,0.5101970538727564,0.49014651719069396,0.29521515581009355,0.0601108649242464,0.11449729073772481,34.1306692500633,0.06269519030055007,146.33390351444166,0.045143478430834556
123,0.005643624698568137,0.004851961911581729,0.1985884662193853,0.31311811646987897,0.11288764874107765,0.08395573568683773,0.1709363655499544,0.38310549736936467,4.269732279845417,0.15074470089515285,151.98924947564322,0.03995121176884827
124,0.02227059933499286,0.0480152061542278,0.05090423353563283,0.525233650320138,0.09071550819443074,0.2215074889768923,0.3231269776239168,0.3138923003258103,33.14300930639473,-0.07788350100582897,177.8825739821089,0.010560722995830114
125,0.010854693829658838,0.024231968172081186,0.19374038726206044,0.4576504571047054,0.02677885487039348,0.237053406346844,0.19247960230876138,0.347474324152895,55.65138613030896,0.020119301776042264,202.8379517424148,0.008586754604743858
126,0.018342490200429204,0.007828290712786602,0.07045062956710876,0.5467840506941587,0.1079015441408017,0.06861394515001015,0.04540427482603349,0.4538814083138121,58.309590597154916,-0.0029041374426246047,108.46295064765432,0.040622440295771056
127,0.000687493095741213,0.006797422651573345,0.013672014117066417,0.21291917074000874,0.2625583978937717,0.2795591578477993,0.1010032780849015,0.24965488912495593,25.186143160989733,-0.02043389272639956,209.40459490032868,0.062042920471606075
