sweep,x,y,n,estimate,mcse,sign,final_sign,sign_stable,stable_from_half_n,robust_direction
captivity_breeding,0.0,0.0,2,-0.0625,0.0625,-1,-1,True,True,0
captivity_breeding,0.0,0.0,4,-0.125,0.05103103630798288,-1,-1,True,True,0
captivity_breeding,0.0,0.0,8,-0.046875,0.09430638470659646,-1,-1,True,True,0
captivity_breeding,0.0,0.15,2,-0.25,0.125,-1,-1,True,True,0
captivity_breeding,0.0,0.15,4,-0.28125,0.09375,-1,-1,True,True,0
captivity_breeding,0.0,0.15,8,-0.203125,0.10004881620988826,-1,-1,True,True,-1
captivity_breeding,0.0,0.3,2,-0.125,0.25,-1,-1,True,True,0
captivity_breeding,0.0,0.3,4,-0.125,0.1839950180484968,-1,-1,True,True,0
captivity_breeding,0.0,0.3,8,-0.1875,0.1132908708968707,-1,-1,True,True,0
captivity_breeding,0.0,0.4499999999999999,2,-0.1875,0.18749999999999997,-1,-1,True,True,0
captivity_breeding,0.0,0.4499999999999999,4,-0.15625,0.09375,-1,-1,True,True,0
captivity_breeding,0.0,0.4499999999999999,8,-0.078125,0.12030815159117736,-1,-1,True,True,0
captivity_breeding,0.0,0.6,2,0.1875,0.18749999999999997,1,-1,False,True,0
captivity_breeding,0.0,0.6,4,-0.09375,0.1866299256996762,-1,-1,True,True,0
captivity_breeding,0.0,0.6,8,-0.125,0.11080065755348978,-1,-1,True,True,0
captivity_breeding,0.1375,0.0,2,0.0625,0.3125,1,-1,False,False,0
captivity_breeding,0.1375,0.0,4,0.0625,0.18042195912175807,1,-1,False,False,0
captivity_breeding,0.1375,0.0,8,-0.078125,0.1027998119613344,-1,-1,True,False,0
captivity_breeding,0.1375,0.15,2,-0.25,0.25,-1,-1,True,True,0
captivity_breeding,0.1375,0.15,4,-0.0625,0.2525907427704613,-1,-1,True,True,0
captivity_breeding,0.1375,0.15,8,-0.078125,0.12707540470973466,-1,-1,True,True,0
captivity_breeding,0.1375,0.3,2,0.0625,0.3125,1,-1,False,True,0
captivity_breeding,0.1375,0.3,4,-0.09375,0.15625,-1,-1,True,True,0
captivity_breeding,0.1375,0.3,8,-0.15625,0.09952453932860693,-1,-1,True,True,0
captivity_breeding,0.1375,0.4499999999999999,2,-0.125,0.0,-1,-1,True,True,0
captivity_breeding,0.1375,0.4499999999999999,4,-0.0625,0.2072890493972125,-1,-1,True,True,0
captivity_breeding,0.1375,0.4499999999999999,8,-0.140625,0.10679351530272933,-1,-1,True,True,0
captivity_breeding,0.1375,0.6,2,-0.1875,0.18749999999999997,-1,-1,True,True,0
captivity_breeding,0.1375,0.6,4,-0.09375,0.10673907047874581,-1,-1,True,True,0
captivity_breeding,0.1375,0.6,8,-0.171875,0.0912998273938284,-1,-1,True,True,0
captivity_breeding,0.275,0.0,2,0.0625,0.3125,1,0,False,False,0
captivity_breeding,0.275,0.0,4,-0.03125,0.13858473641302158,-1,0,False,False,0
captivity_breeding,0.275,0.0,8,0.0,0.07834789631600109,0,0,True,False,0
captivity_breeding,0.275,0.15,2,0.125,0.0,1,-1,False,False,0
captivity_breeding,0.275,0.15,4,0.0625,0.10825317547305482,1,-1,False,False,0
captivity_breeding,0.275,0.15,8,-0.0625,0.09149063183892497,-1,-1,True,False,0
captivity_breeding,0.275,0.3,2,-0.125,0.125,-1,-1,True,True,0
captivity_breeding,0.275,0.3,4,-0.03125,0.147681738320394,-1,-1,True,True,0
captivity_breeding,0.275,0.3,8,-0.046875,0.078125,-1,-1,True,True,0
captivity_breeding,0.275,0.4499999999999999,2,0.1875,0.18749999999999997,1,-1,False,False,0
captivity_breeding,0.275,0.4499999999999999,4,0.0625,0.1301041249666333,1,-1,False,False,0
captivity_breeding,0.275,0.4499999999999999,8,-0.09375,0.10498192871700757,-1,-1,True,False,0
captivity_breeding,0.275,0.6,2,-0.1875,0.0625,-1,-1,True,True,0
captivity_breeding,0.275,0.6,4,-0.28125,0.05983919423477113,-1,-1,True,True,0
captivity_breeding,0.275,0.6,8,-0.125,0.10564428184106456,-1,-1,True,True,0
captivity_breeding,0.4125,0.0,2,-0.5,0.125,-1,-1,True,True,0
captivity_breeding,0.4125,0.0,4,-0.34375,0.1288470508005519,-1,-1,True,True,0
captivity_breeding,0.4125,0.0,8,-0.265625,0.08331007860054251,-1,-1,True,True,-1
captivity_breeding,0.4125,0.15,2,0.0,0.0,0,-1,False,True,0
captivity_breeding,0.4125,0.15,4,-0.125,0.08838834764831845,-1,-1,True,True,0
captivity_breeding,0.4125,0.15,8,-0.15625,0.08097480869293328,-1,-1,True,True,0
captivity_breeding,0.4125,0.3,2,-0.125,0.0,-1,-1,True,True,0
captivity_breeding,0.4125,0.3,4,-0.125,0.2041241452319315,-1,-1,True,True,0
captivity_breeding,0.4125,0.3,8,-0.046875,0.11796616305110545,-1,-1,True,True,0
captivity_breeding,0.4125,0.4499999999999999,2,-0.0625,0.0625,-1,-1,True,True,0
captivity_breeding,0.4125,0.4499999999999999,4,-0.0625,0.18042195912175807,-1,-1,True,True,0
captivity_breeding,0.4125,0.4499999999999999,8,-0.15625,0.11267347735824965,-1,-1,True,True,0
captivity_breeding,0.4125,0.6,2,-0.125,0.125,-1,-1,True,True,0
captivity_breeding,0.4125,0.6,4,-0.125,0.05103103630798288,-1,-1,True,True,0
captivity_breeding,0.4125,0.6,8,-0.203125,0.07446797909648338,-1,-1,True,True,-1
captivity_breeding,0.55,0.0,2,0.1875,0.18749999999999997,1,1,True,True,0
captivity_breeding,0.55,0.0,4,0.125,0.11410886614690961,1,1,True,True,0
captivity_breeding,0.55,0.0,8,0.03125,0.08759561102834189,1,1,True,True,0
captivity_breeding,0.55,0.15,2,-0.125,0.0,-1,-1,True,True,0
captivity_breeding,0.55,0.15,4,-0.125,0.0,-1,-1,True,True,0
captivity_breeding,0.55,0.15,8,-0.140625,0.06442352540027595,-1,-1,True,True,-1
captivity_breeding,0.55,0.3,2,-0.3125,0.0625,-1,-1,True,True,0
captivity_breeding,0.55,0.3,4,-0.25,0.08838834764831845,-1,-1,True,True,0
captivity_breeding,0.55,0.3,8,-0.234375,0.0599362570629355,-1,-1,True,True,-1
captivity_breeding,0.55,0.4499999999999999,2,-0.3125,0.0625,-1,-1,True,True,0
captivity_breeding,0.55,0.4499999999999999,4,-0.0625,0.1943203969393503,-1,-1,True,True,0
captivity_breeding,0.55,0.4499999999999999,8,-0.109375,0.09577427657555775,-1,-1,True,True,0
captivity_breeding,0.55,0.6,2,0.25,0.37499999999999994,1,-1,False,False,0
captivity_breeding,0.55,0.6,4,0.0,0.2104063528825433,0,-1,False,False,0
captivity_breeding,0.55,0.6,8,-0.171875,0.1335000585205864,-1,-1,True,False,0
climate_assisted_risk,0.0,0.0,2,0.1875,0.43749999999999994,1,-1,False,False,0
climate_assisted_risk,0.0,0.0,4,0.0,0.22243913025065232,0,-1,False,False,0
climate_assisted_risk,0.0,0.0,8,-0.15625,0.13099464956358223,-1,-1,True,False,0
climate_assisted_risk,0.0,0.0625,2,-0.5,0.0,-1,-1,True,True,0
climate_assisted_risk,0.0,0.0625,4,-0.40625,0.05983919423477113,-1,-1,True,True,0
climate_assisted_risk,0.0,0.0625,8,-0.359375,0.049762269664303464,-1,-1,True,True,-1
climate_assisted_risk,0.0,0.125,2,-0.1875,0.0625,-1,-1,True,True,0
climate_assisted_risk,0.0,0.125,4,-0.125,0.08838834764831845,-1,-1,True,True,0
climate_assisted_risk,0.0,0.125,8,-0.078125,0.06222035653913551,-1,-1,True,True,0
climate_assisted_risk,0.0,0.1875,2,-0.375,0.0,-1,-1,True,True,0
climate_assisted_risk,0.0,0.1875,4,-0.3125,0.03608439182435161,-1,-1,True,True,0
climate_assisted_risk,0.0,0.1875,8,-0.296875,0.022872657959731243,-1,-1,True,True,-1
climate_assisted_risk,0.0,0.25,2,-0.375,0.0,-1,-1,True,True,0
climate_assisted_risk,0.0,0.25,4,-0.375,0.0,-1,-1,True,True,0
climate_assisted_risk,0.0,0.25,8,-0.203125,0.08819083154079647,-1,-1,True,True,-1
climate_assisted_risk,0.0125,0.0,2,0.0,0.125,0,1,False,False,0
climate_assisted_risk,0.0125,0.0,4,-0.03125,0.05983919423477113,-1,1,False,False,0
climate_assisted_risk,0.0125,0.0,8,0.046875,0.08819083154079647,1,1,True,False,0
climate_assisted_risk,0.0125,0.0625,2,0.5625,0.0625,1,1,True,True,0
climate_assisted_risk,0.0125,0.0625,4,0.1875,0.2310528438835295,1,1,True,True,0
climate_assisted_risk,0.0125,0.0625,8,0.046875,0.1529791579525039,1,1,True,True,0
climate_assisted_risk,0.0125,0.125,2,0.125,0.0,1,1,True,True,0
climate_assisted_risk,0.0125,0.125,4,0.0625,0.15728821740147395,1,1,True,True,0
climate_assisted_risk,0.0125,0.125,8,0.015625,0.11189694517405609,1,1,True,True,0
climate_assisted_risk,0.0125,0.1875,2,0.125,0.125,1,-1,False,True,0
climate_assisted_risk,0.0125,0.1875,4,-0.1875,0.1875,-1,-1,True,True,0
climate_assisted_risk,0.0125,0.1875,8,-0.15625,0.11512318712703239,-1,-1,True,True,0
climate_assisted_risk,0.0125,0.25,2,0.1875,0.3125,1,1,True,True,0
climate_assisted_risk,0.0125,0.25,4,0.0625,0.16535945694153692,1,1,True,True,0
climate_assisted_risk,0.0125,0.25,8,0.1875,0.11811389781538349,1,1,True,True,0
climate_assisted_risk,0.025,0.0,2,0.375,0.125,1,1,True,True,0
climate_assisted_risk,0.025,0.0,4,0.4375,0.0625,1,1,True,True,0
climate_assisted_risk,0.025,0.0,8,0.40625,0.03917394815800054,1,1,True,True,1
climate_assisted_risk,0.025,0.0625,2,0.4375,0.0625,1,1,True,True,0
climate_assisted_risk,0.025,0.0625,4,0.28125,0.10673907047874581,1,1,True,True,0
climate_assisted_risk,0.025,0.0625,8,0.265625,0.06442352540027595,1,1,True,True,1
climate_assisted_risk,0.025,0.125,2,0.375,0.125,1,1,True,True,0
climate_assisted_risk,0.025,0.125,4,0.46875,0.07864410870073697,1,1,True,True,0
climate_assisted_risk,0.025,0.125,8,0.40625,0.05664543544843535,1,1,True,True,1
climate_assisted_risk,0.025,0.1875,2,0.5,0.125,1,1,True,True,0
climate_assisted_risk,0.025,0.1875,4,0.40625,0.07864410870073697,1,1,True,True,0
climate_assisted_risk,0.025,0.1875,8,0.4375,0.05282214092053228,1,1,True,True,1
climate_assisted_risk,0.025,0.25,2,0.0625,0.18749999999999997,1,1,True,True,0
climate_assisted_risk,0.025,0.25,4,0.25,0.13501543121683043,1,1,True,True,0
climate_assisted_risk,0.025,0.25,8,0.359375,0.08659448545210188,1,1,True,True,1
climate_assisted_risk,0.0375,0.0,2,0.5625,0.0625,1,1,True,True,0
climate_assisted_risk,0.0375,0.0,4,0.59375,0.03125,1,1,True,True,0
climate_assisted_risk,0.0375,0.0,8,0.578125,0.022872657959731243,1,1,True,True,1
climate_assisted_risk,0.0375,0.0625,2,0.5625,0.0625,1,1,True,True,0
climate_assisted_risk,0.0375,0.0625,4,0.625,0.05103103630798288,1,1,True,True,0
climate_assisted_risk,0.0375,0.0625,8,0.59375,0.03125,1,1,True,True,1
climate_assisted_risk,0.0375,0.125,2,0.1875,0.18749999999999997,1,1,True,True,0
climate_assisted_risk,0.0375,0.125,4,0.40625,0.147681738320394,1,1,True,True,0
climate_assisted_risk,0.0375,0.125,8,0.453125,0.09430638470659646,1,1,True,True,1
climate_assisted_risk,0.0375,0.1875,2,0.5,0.125,1,1,True,True,0
climate_assisted_risk,0.0375,0.1875,4,0.46875,0.05983919423477113,1,1,True,True,0
climate_assisted_risk,0.0375,0.1875,8,0.5,0.04091585441924857,1,1,True,True,1
climate_assisted_risk,0.0375,0.25,2,0.5,0.0,1,1,True,True,0
climate_assisted_risk,0.0375,0.25,4,0.5,0.0,1,1,True,True,0
climate_assisted_risk,0.0375,0.25,8,0.375,0.05282214092053228,1,1,True,True,1
climate_assisted_risk,0.05,0.0,2,0.4375,0.0625,1,1,True,True,0
climate_assisted_risk,0.05,0.0,4,0.4375,0.03608439182435161,1,1,True,True,0
climate_assisted_risk,0.05,0.0,8,0.46875,0.03917394815800054,1,1,True,True,1
climate_assisted_risk,0.05,0.0625,2,0.375,0.0,1,1,True,True,0
climate_assisted_risk,0.05,0.0625,4,0.375,0.05103103630798288,1,1,True,True,0
climate_assisted_risk,0.05,0.0625,8,0.453125,0.05756159356351619,1,1,True,True,1
climate_assisted_risk,0.05,0.125,2,0.5,0.0,1,1,True,True,0
climate_assisted_risk,0.05,0.125,4,0.46875,0.03125,1,1,True,True,0
climate_assisted_risk,0.05,0.125,8,0.453125,0.05249096435850378,1,1,True,True,1
climate_assisted_risk,0.05,0.1875,2,0.5,0.0,1,1,True,True,0
climate_assisted_risk,0.05,0.1875,4,0.5,0.05103103630798288,1,1,True,True,0
climate_assisted_risk,0.05,0.1875,8,0.5,0.03340765523905304,1,1,True,True,1
climate_assisted_risk,0.05,0.25,2,0.375,0.125,1,1,True,True,0
climate_assisted_risk,0.05,0.25,4,0.3125,0.11967838846954226,1,1,True,True,0
climate_assisted_risk,0.05,0.25,8,0.34375,0.08759561102834189,1,1,True,True,1
deterioration_relocation,0.0,0.0,2,0.125,0.125,1,-1,False,False,0
deterioration_relocation,0.0,0.0,4,0.0,0.08838834764831845,0,-1,False,False,0
deterioration_relocation,0.0,0.0,8,-0.0625,0.05282214092053228,-1,-1,True,False,0
deterioration_relocation,0.0,0.15,2,-0.125,0.0,-1,1,False,True,0
deterioration_relocation,0.0,0.15,4,0.21875,0.21271435267356392,1,1,True,True,0
deterioration_relocation,0.0,0.15,8,0.109375,0.11189694517405609,1,1,True,True,0
deterioration_relocation,0.0,0.3,2,0.0625,0.0625,1,1,True,True,0
deterioration_relocation,0.0,0.3,4,0.0625,0.03608439182435161,1,1,True,True,0
deterioration_relocation,0.0,0.3,8,0.015625,0.06861797387919373,1,1,True,True,0
deterioration_relocation,0.0,0.4499999999999999,2,0.0,0.25,0,-1,False,False,0
deterioration_relocation,0.0,0.4499999999999999,4,0.0625,0.11967838846954226,1,-1,False,False,0
deterioration_relocation,0.0,0.4499999999999999,8,-0.0625,0.0747017880833996,-1,-1,True,False,0
deterioration_relocation,0.0,0.6,2,-0.0625,0.0625,-1,-1,True,True,0
deterioration_relocation,0.0,0.6,4,-0.09375,0.05983919423477113,-1,-1,True,True,0
deterioration_relocation,0.0,0.6,8,-0.09375,0.03125,-1,-1,True,True,-1
deterioration_relocation,0.00625,0.0,2,0.125,0.37499999999999994,1,1,True,True,0
deterioration_relocation,0.00625,0.0,4,0.09375,0.1721115796026907,1,1,True,True,0
deterioration_relocation,0.00625,0.0,8,0.125,0.1132908708968707,1,1,True,True,0
deterioration_relocation,0.00625,0.15,2,0.0625,0.43749999999999994,1,-1,False,False,0
deterioration_relocation,0.00625,0.15,4,0.0,0.1839950180484968,0,-1,False,False,0
deterioration_relocation,0.00625,0.15,8,-0.078125,0.09430638470659646,-1,-1,True,False,0
deterioration_relocation,0.00625,0.3,2,-0.3125,0.0625,-1,-1,True,True,0
deterioration_relocation,0.00625,0.3,4,-0.28125,0.05983919423477113,-1,-1,True,True,0
deterioration_relocation,0.00625,0.3,8,-0.1875,0.06681531047810609,-1,-1,True,True,-1
deterioration_relocation,0.00625,0.4499999999999999,2,-0.125,0.0,-1,-1,True,True,0
deterioration_relocation,0.00625,0.4499999999999999,4,-0.1875,0.2072890493972125,-1,-1,True,True,0
deterioration_relocation,0.00625,0.4499999999999999,8,-0.0625,0.15125959237586978,-1,-1,True,True,0
deterioration_relocation,0.00625,0.6,2,0.25,0.125,1,-1,False,False,0
deterioration_relocation,0.00625,0.6,4,0.15625,0.147681738320394,1,-1,False,False,0
deterioration_relocation,0.00625,0.6,8,-0.078125,0.11313683837030523,-1,-1,True,False,0
deterioration_relocation,0.0125,0.0,2,0.0,0.0,0,1,False,True,0
deterioration_relocation,0.0125,0.0,4,0.09375,0.05983919423477113,1,1,True,True,0
deterioration_relocation,0.0125,0.0,8,0.140625,0.036881052772005145,1,1,True,True,1
deterioration_relocation,0.0125,0.15,2,0.125,0.125,1,1,True,True,0
deterioration_relocation,0.0125,0.15,4,0.09375,0.05983919423477113,1,1,True,True,0
deterioration_relocation,0.0125,0.15,8,0.109375,0.028322717724217676,1,1,True,True,1
deterioration_relocation,0.0125,0.3,2,0.125,0.0,1,1,True,True,0
deterioration_relocation,0.0125,0.3,4,0.0625,0.03608439182435161,1,1,True,True,0
deterioration_relocation,0.0125,0.3,8,0.109375,0.049762269664303464,1,1,True,True,1
deterioration_relocation,0.0125,0.4499999999999999,2,0.125,0.0,1,1,True,True,0
deterioration_relocation,0.0125,0.4499999999999999,4,0.125,0.0,1,1,True,True,0
deterioration_relocation,0.0125,0.4499999999999999,8,0.109375,0.015625,1,1,True,True,1
deterioration_relocation,0.0125,0.6,2,0.125,0.0,1,1,True,True,0
deterioration_relocation,0.0125,0.6,4,0.15625,0.03125,1,1,True,True,0
deterioration_relocation,0.0125,0.6,8,0.125,0.04091585441924857,1,1,True,True,1
deterioration_relocation,0.01875,0.0,2,0.125,0.125,1,1,True,True,0
deterioration_relocation,0.01875,0.0,4,0.15625,0.05983919423477113,1,1,True,True,0
deterioration_relocation,0.01875,0.0,8,0.125,0.04091585441924857,1,1,True,True,1
deterioration_relocation,0.01875,0.15,2,0.25,0.0,1,1,True,True,0
deterioration_relocation,0.01875,0.15,4,0.1875,0.03608439182435161,1,1,True,True,0
deterioration_relocation,0.01875,0.15,8,0.171875,0.03288151755057195,1,1,True,True,1
deterioration_relocation,0.01875,0.3,2,0.1875,0.0625,1,1,True,True,0
deterioration_relocation,0.01875,0.3,4,0.21875,0.03125,1,1,True,True,0
deterioration_relocation,0.01875,0.3,8,0.15625,0.03125,1,1,True,True,1
deterioration_relocation,0.01875,0.4499999999999999,2,0.0625,0.0625,1,1,True,True,0
deterioration_relocation,0.01875,0.4499999999999999,4,0.0625,0.03608439182435161,1,1,True,True,0
deterioration_relocation,0.01875,0.4499999999999999,8,0.09375,0.020457927209624284,1,1,True,True,1
deterioration_relocation,0.01875,0.6,2,0.0,0.0,0,1,False,True,0
deterioration_relocation,0.01875,0.6,4,0.0625,0.0625,1,1,True,True,0
deterioration_relocation,0.01875,0.6,8,0.078125,0.03288151755057195,1,1,True,True,1
deterioration_relocation,0.025,0.0,2,0.0625,0.0625,1,1,True,True,0
deterioration_relocation,0.025,0.0,4,0.0625,0.03608439182435161,1,1,True,True,0
deterioration_relocation,0.025,0.0,8,0.078125,0.022872657959731243,1,1,True,True,1
deterioration_relocation,0.025,0.15,2,0.0,0.0,0,1,False,True,0
deterioration_relocation,0.025,0.15,4,0.0625,0.03608439182435161,1,1,True,True,0
deterioration_relocation,0.025,0.15,8,0.078125,0.022872657959731243,1,1,True,True,1
deterioration_relocation,0.025,0.3,2,0.125,0.0,1,1,True,True,0
deterioration_relocation,0.025,0.3,4,0.0625,0.03608439182435161,1,1,True,True,0
deterioration_relocation,0.025,0.3,8,0.078125,0.03288151755057195,1,1,True,True,1
deterioration_relocation,0.025,0.4499999999999999,2,0.1875,0.0625,1,1,True,True,0
deterioration_relocation,0.025,0.4499999999999999,4,0.1875,0.03608439182435161,1,1,True,True,0
deterioration_relocation,0.025,0.4499999999999999,8,0.171875,0.03288151755057195,1,1,True,True,1
deterioration_relocation,0.025,0.6,2,0.0625,0.0625,1,1,True,True,0
deterioration_relocation,0.025,0.6,4,0.125,0.05103103630798288,1,1,True,True,0
deterioration_relocation,0.025,0.6,8,0.125,0.03340765523905304,1,1,True,True,1
engagement_habitat,-0.15,0.005,2,0.25,0.125,1,1,True,True,0
engagement_habitat,-0.15,0.005,4,0.21875,0.05983919423477113,1,1,True,True,0
engagement_habitat,-0.15,0.005,8,0.1875,0.0472455591261534,1,1,True,True,1
engagement_habitat,-0.15,0.02375,2,0.5625,0.0625,1,0,False,False,0
engagement_habitat,-0.15,0.02375,4,0.125,0.284128785353872,1,0,False,False,0
engagement_habitat,-0.15,0.02375,8,0.0,0.1494035761667992,0,0,True,False,0
engagement_habitat,-0.15,0.0424999999999999,2,-0.0625,0.0625,-1,-1,True,True,0
engagement_habitat,-0.15,0.0424999999999999,4,-0.09375,0.05983919423477113,-1,-1,True,True,0
engagement_habitat,-0.15,0.0424999999999999,8,-0.015625,0.08659448545210188,-1,-1,True,True,0
engagement_habitat,-0.15,0.0612499999999999,2,0.125,0.125,1,-1,False,False,0
engagement_habitat,-0.15,0.0612499999999999,4,0.0,0.08838834764831845,0,-1,False,False,0
engagement_habitat,-0.15,0.0612499999999999,8,-0.046875,0.05249096435850378,-1,-1,True,False,0
engagement_habitat,-0.15,0.08,2,-0.0625,0.0625,-1,-1,True,True,0
engagement_habitat,-0.15,0.08,4,-0.0625,0.03608439182435161,-1,-1,True,True,0
engagement_habitat,-0.15,0.08,8,-0.0625,0.0236227795630767,-1,-1,True,True,-1
engagement_habitat,-0.0499999999999999,0.005,2,0.125,0.0,1,1,True,True,0
engagement_habitat,-0.0499999999999999,0.005,4,0.15625,0.03125,1,1,True,True,0
engagement_habitat,-0.0499999999999999,0.005,8,0.140625,0.028322717724217676,1,1,True,True,1
engagement_habitat,-0.0499999999999999,0.02375,2,0.25,0.0,1,1,True,False,0
engagement_habitat,-0.0499999999999999,0.02375,4,0.0,0.15309310892394862,0,1,False,False,0
engagement_habitat,-0.0499999999999999,0.02375,8,0.046875,0.10004881620988826,1,1,True,False,0
engagement_habitat,-0.0499999999999999,0.0424999999999999,2,0.125,0.0,1,-1,False,False,0
engagement_habitat,-0.0499999999999999,0.0424999999999999,4,0.0625,0.03608439182435161,1,-1,False,False,0
engagement_habitat,-0.0499999999999999,0.0424999999999999,8,-0.046875,0.06222035653913551,-1,-1,True,False,0
engagement_habitat,-0.0499999999999999,0.0612499999999999,2,-0.25,0.125,-1,-1,True,True,0
engagement_habitat,-0.0499999999999999,0.0612499999999999,4,-0.15625,0.07864410870073697,-1,-1,True,True,0
engagement_habitat,-0.0499999999999999,0.0612499999999999,8,-0.125,0.0472455591261534,-1,-1,True,True,-1
engagement_habitat,-0.0499999999999999,0.08,2,0.0,0.0,0,-1,False,True,0
engagement_habitat,-0.0499999999999999,0.08,4,-0.09375,0.05983919423477113,-1,-1,True,True,0
engagement_habitat,-0.0499999999999999,0.08,8,-0.09375,0.03917394815800054,-1,-1,True,True,-1
engagement_habitat,0.05,0.005,2,0.125,0.125,1,1,True,True,0
engagement_habitat,0.05,0.005,4,0.1875,0.0625,1,1,True,True,0
engagement_habitat,0.05,0.005,8,0.15625,0.04574531591946249,1,1,True,True,1
engagement_habitat,0.05,0.02375,2,-0.0625,0.18749999999999997,-1,-1,True,False,0
engagement_habitat,0.05,0.02375,4,0.0,0.08838834764831845,0,-1,False,False,0
engagement_habitat,0.05,0.02375,8,-0.0625,0.09149063183892497,-1,-1,True,False,0
engagement_habitat,0.05,0.0424999999999999,2,-0.125,0.125,-1,-1,True,True,0
engagement_habitat,0.05,0.0424999999999999,4,-0.15625,0.05983919423477113,-1,-1,True,True,0
engagement_habitat,0.05,0.0424999999999999,8,-0.203125,0.04048740434646664,-1,-1,True,True,-1
engagement_habitat,0.05,0.0612499999999999,2,0.0,0.0,0,-1,False,False,0
engagement_habitat,0.05,0.0612499999999999,4,0.0,0.05103103630798288,0,-1,False,False,0
engagement_habitat,0.05,0.0612499999999999,8,-0.0625,0.04091585441924857,-1,-1,True,False,0
engagement_habitat,0.05,0.08,2,0.0,0.0,0,-1,False,True,0
engagement_habitat,0.05,0.08,4,-0.03125,0.03125,-1,-1,True,True,0
engagement_habitat,0.05,0.08,8,-0.03125,0.020457927209624284,-1,-1,True,True,0
engagement_habitat,0.15,0.005,2,0.125,0.0,1,1,True,True,0
engagement_habitat,0.15,0.005,4,0.15625,0.03125,1,1,True,True,0
engagement_habitat,0.15,0.005,8,0.15625,0.03125,1,1,True,True,1
engagement_habitat,0.15,0.02375,2,-0.0625,0.18749999999999997,-1,-1,True,False,0
engagement_habitat,0.15,0.02375,4,0.03125,0.2246235276338315,1,-1,False,False,0
engagement_habitat,0.15,0.02375,8,-0.015625,0.1386266746002164,-1,-1,True,False,0
engagement_habitat,0.15,0.0424999999999999,2,0.0,0.125,0,-1,False,True,0
engagement_habitat,0.15,0.0424999999999999,4,-0.1875,0.11967838846954226,-1,-1,True,True,0
engagement_habitat,0.15,0.0424999999999999,8,-0.171875,0.06222035653913551,-1,-1,True,True,-1
engagement_habitat,0.15,0.0612499999999999,2,-0.1875,0.0625,-1,-1,True,True,0
engagement_habitat,0.15,0.0612499999999999,4,-0.125,0.05103103630798288,-1,-1,True,True,0
engagement_habitat,0.15,0.0612499999999999,8,-0.0625,0.04091585441924857,-1,-1,True,True,0
engagement_habitat,0.15,0.08,2,-0.1875,0.0625,-1,-1,True,True,0
engagement_habitat,0.15,0.08,4,-0.15625,0.05983919423477113,-1,-1,True,True,0
engagement_habitat,0.15,0.08,8,-0.109375,0.043797805514170944,-1,-1,True,True,-1
engagement_habitat,0.25,0.005,2,0.3125,0.0625,1,1,True,True,0
engagement_habitat,0.25,0.005,4,0.15625,0.09375,1,1,True,True,0
engagement_habitat,0.25,0.005,8,0.21875,0.051484654440494625,1,1,True,True,1
engagement_habitat,0.25,0.02375,2,0.125,0.25,1,-1,False,True,0
engagement_habitat,0.25,0.02375,4,-0.125,0.1839950180484968,-1,-1,True,True,0
engagement_habitat,0.25,0.02375,8,-0.046875,0.0912998273938284,-1,-1,True,True,0
engagement_habitat,0.25,0.0424999999999999,2,-0.25,0.0,-1,-1,True,True,0
engagement_habitat,0.25,0.0424999999999999,4,-0.21875,0.03125,-1,-1,True,True,0
engagement_habitat,0.25,0.0424999999999999,8,-0.15625,0.08097480869293328,-1,-1,True,True,0
engagement_habitat,0.25,0.0612499999999999,2,-0.0625,0.0625,-1,-1,True,False,0
engagement_habitat,0.25,0.0612499999999999,4,0.0,0.05103103630798288,0,-1,False,False,0
engagement_habitat,0.25,0.0612499999999999,8,-0.0625,0.04091585441924857,-1,-1,True,False,0
engagement_habitat,0.25,0.08,2,-0.125,0.125,-1,-1,True,True,0
engagement_habitat,0.25,0.08,4,-0.125,0.07216878364870322,-1,-1,True,True,0
engagement_habitat,0.25,0.08,8,-0.109375,0.043797805514170944,-1,-1,True,True,-1
latent_survey,0.0,0.5,2,0.5625,0.0625,1,-1,False,False,0
latent_survey,0.0,0.5,4,0.28125,0.2620780338626901,1,-1,False,False,0
latent_survey,0.0,0.5,8,-0.03125,0.1856305614847481,-1,-1,True,False,0
latent_survey,0.0,15.375,2,0.0625,0.3125,1,-1,False,True,0
latent_survey,0.0,15.375,4,-0.15625,0.20650237084998968,-1,-1,True,True,0
latent_survey,0.0,15.375,8,-0.21875,0.1451407875625791,-1,-1,True,True,0
latent_survey,0.0,30.25,2,-0.0625,0.6874999999999999,-1,1,False,True,0
latent_survey,0.0,30.25,4,0.03125,0.3035167142569472,1,1,True,True,0
latent_survey,0.0,30.25,8,0.046875,0.15658446345799626,1,1,True,True,0
latent_survey,0.0,45.125,2,-0.375,0.0,-1,-1,True,True,0
latent_survey,0.0,45.125,4,-0.09375,0.20650237084998968,-1,-1,True,True,0
latent_survey,0.0,45.125,8,-0.09375,0.09668039208798086,-1,-1,True,True,0
latent_survey,0.0,60.0,2,-0.25,0.0,-1,-1,True,True,0
latent_survey,0.0,60.0,4,-0.125,0.125,-1,-1,True,True,0
latent_survey,0.0,60.0,8,-0.171875,0.0912998273938284,-1,-1,True,True,0
latent_survey,0.15,0.5,2,-0.1875,0.18749999999999997,-1,-1,True,True,0
latent_survey,0.15,0.5,4,-0.15625,0.09375,-1,-1,True,True,0
latent_survey,0.15,0.5,8,-0.125,0.10296930888098925,-1,-1,True,True,0
latent_survey,0.15,15.375,2,-0.125,0.37499999999999994,-1,-1,True,True,0
latent_survey,0.15,15.375,4,-0.125,0.15309310892394862,-1,-1,True,True,0
latent_survey,0.15,15.375,8,-0.1875,0.08517314298365586,-1,-1,True,True,-1
latent_survey,0.15,30.25,2,-0.4375,0.0625,-1,-1,True,True,0
latent_survey,0.15,30.25,4,-0.0625,0.2818281095514309,-1,-1,True,True,0
latent_survey,0.15,30.25,8,-0.140625,0.1445387908264471,-1,-1,True,True,0
latent_survey,0.15,45.125,2,-0.1875,0.18749999999999997,-1,-1,True,True,0
latent_survey,0.15,45.125,4,-0.09375,0.1795175827043134,-1,-1,True,True,0
latent_survey,0.15,45.125,8,-0.09375,0.11752184447400163,-1,-1,True,True,0
latent_survey,0.15,60.0,2,-0.375,0.125,-1,-1,True,True,0
latent_survey,0.15,60.0,4,-0.1875,0.1301041249666333,-1,-1,True,True,0
latent_survey,0.15,60.0,8,-0.140625,0.06861797387919373,-1,-1,True,True,-1
latent_survey,0.3,0.5,2,-0.1875,0.0625,-1,0,False,False,0
latent_survey,0.3,0.5,4,-0.09375,0.16437222747978647,-1,0,False,False,0
latent_survey,0.3,0.5,8,0.0,0.10564428184106456,0,0,True,False,0
latent_survey,0.3,15.375,2,-0.125,0.25,-1,-1,True,False,0
latent_survey,0.3,15.375,4,0.03125,0.1866299256996762,1,-1,False,False,0
latent_survey,0.3,15.375,8,-0.09375,0.11752184447400163,-1,-1,True,False,0
latent_survey,0.3,30.25,2,-0.3125,0.0625,-1,-1,True,True,0
latent_survey,0.3,30.25,4,-0.34375,0.05983919423477113,-1,-1,True,True,0
latent_survey,0.3,30.25,8,-0.265625,0.06442352540027595,-1,-1,True,True,-1
latent_survey,0.3,45.125,2,0.0,0.37499999999999994,0,1,False,True,0
latent_survey,0.3,45.125,4,0.15625,0.19348099605215324,1,1,True,True,0
latent_survey,0.3,45.125,8,0.03125,0.11512318712703239,1,1,True,True,0
latent_survey,0.3,60.0,2,0.1875,0.3125,1,-1,False,False,0
latent_survey,0.3,60.0,4,0.0,0.24473625259314022,0,-1,False,False,0
latent_survey,0.3,60.0,8,-0.21875,0.14124367874603905,-1,-1,True,False,0
latent_survey,0.4499999999999999,0.5,2,-0.375,0.0,-1,-1,True,True,0
latent_survey,0.4499999999999999,0.5,4,-0.40625,0.03125,-1,-1,True,True,0
latent_survey,0.4499999999999999,0.5,8,-0.375,0.09739921530924743,-1,-1,True,True,-1
latent_survey,0.4499999999999999,15.375,2,-0.1875,0.18749999999999997,-1,-1,True,True,0
latent_survey,0.4499999999999999,15.375,4,-0.125,0.08838834764831845,-1,-1,True,True,0
latent_survey,0.4499999999999999,15.375,8,-0.15625,0.06987712429686843,-1,-1,True,True,-1
latent_survey,0.4499999999999999,30.25,2,-0.375,0.125,-1,-1,True,True,0
latent_survey,0.4499999999999999,30.25,4,-0.375,0.07216878364870322,-1,-1,True,True,0
latent_survey,0.4499999999999999,30.25,8,-0.1875,0.08183170883849714,-1,-1,True,True,-1
latent_survey,0.4499999999999999,45.125,2,-0.125,0.25,-1,-1,True,True,0
latent_survey,0.4499999999999999,45.125,4,-0.21875,0.1183105905375057,-1,-1,True,True,0
latent_survey,0.4499999999999999,45.125,8,-0.1875,0.05786375623578446,-1,-1,True,True,-1
latent_survey,0.4499999999999999,60.0,2,-0.25,0.0,-1,-1,True,True,0
latent_survey,0.4499999999999999,60.0,4,-0.25,0.0,-1,-1,True,True,0
latent_survey,0.4499999999999999,60.0,8,-0.203125,0.1027998119613344,-1,-1,True,True,-1
latent_survey,0.6,0.5,2,-0.125,0.5,-1,-1,True,False,0
latent_survey,0.6,0.5,4,0.0625,0.2366211810750114,1,-1,False,False,0
latent_survey,0.6,0.5,8,-0.03125,0.13518753508684572,-1,-1,True,False,0
latent_survey,0.6,15.375,2,-0.125,0.0,-1,-1,True,True,0
latent_survey,0.6,15.375,4,-0.03125,0.13858473641302158,-1,-1,True,True,0
latent_survey,0.6,15.375,8,-0.171875,0.0912998273938284,-1,-1,True,True,0
latent_survey,0.6,30.25,2,-0.125,0.125,-1,-1,True,True,0
latent_survey,0.6,30.25,4,-0.34375,0.13858473641302158,-1,-1,True,True,0
latent_survey,0.6,30.25,8,-0.25,0.13975424859373686,-1,-1,True,True,0
latent_survey,0.6,45.125,2,-0.25,0.125,-1,-1,True,True,0
latent_survey,0.6,45.125,4,-0.1875,0.0625,-1,-1,True,True,0
latent_survey,0.6,45.125,8,-0.140625,0.08331007860054251,-1,-1,True,True,0
latent_survey,0.6,60.0,2,-0.3125,0.0625,-1,-1,True,True,0
latent_survey,0.6,60.0,4,-0.375,0.08838834764831845,-1,-1,True,True,0
latent_survey,0.6,60.0,8,-0.3125,0.05786375623578446,-1,-1,True,True,-1
