year,policy,seed,total_abundance,species_retained,latent_ebd,wild_abundance,mean_welfare,engagement,habitat_integrity,budget
1,S0,314159,377,8,0,377,0.7426128824449943,0.5189463866666667,0.7473193333333334,0.0
2,S0,314159,360,8,0,360,0.7439748452915055,0.5377722133333334,0.7412913333333334,0.0
3,S0,314159,382,8,0,382,0.7437608129432407,0.5564772,0.7352493333333333,0.0
4,S0,314159,371,8,0,371,0.7430856899350304,0.5750610666666667,0.7291933333333332,0.0
5,S0,314159,355,8,0,355,0.7428299871536125,0.5935235333333333,0.7231233333333332,0.0
6,S0,314159,365,8,0,365,0.7417024059919327,0.61186432,0.7170393333333333,0.0
7,S0,314159,377,8,0,377,0.7414573763199939,0.6300831466666666,0.7109413333333333,0.0
8,S0,314159,361,8,0,361,0.7402819669198254,0.6481797333333333,0.7048293333333332,0.0
9,S0,314159,369,8,0,369,0.7392865804091766,0.6661538,0.6987033333333333,0.0
10,S0,314159,377,8,0,377,0.738179145956411,0.6840050666666667,0.6925633333333332,0.0
11,S0,314159,387,8,0,387,0.7373170909302394,0.7017332533333334,0.6864093333333333,0.0
12,S0,314159,387,8,0,387,0.7358401906620848,0.71933808,0.6802413333333334,0.0
13,S0,314159,383,8,0,383,0.7351502586599072,0.7368192666666666,0.6740593333333332,0.0
14,S0,314159,381,8,0,381,0.7331149972443137,0.7541765333333333,0.6678633333333334,0.0
15,S0,314159,356,8,0,356,0.7322879608385294,0.7714096,0.6616533333333333,0.0
16,S0,314159,358,8,0,358,0.7308778866591976,0.7885181866666667,0.6554293333333333,0.0
17,S0,314159,333,8,0,333,0.7296879141780911,0.8055020133333334,0.6491913333333333,0.0
18,S0,314159,323,7,1,323,0.7284502509836266,0.8223608,0.6429393333333332,0.0
19,S0,314159,307,7,1,307,0.7273149680385139,0.8390942666666666,0.6366733333333333,0.0
20,S0,314159,283,6,2,283,0.7259731173828539,0.8557021333333333,0.6303933333333333,0.0
21,S0,314159,254,6,2,254,0.7246388544349803,0.87218412,0.6240993333333332,0.0
22,S0,314159,268,6,2,268,0.723172921048374,0.8885399466666667,0.6177913333333332,0.0
23,S0,314159,237,4,2,237,0.7215381837539736,0.9047693333333333,0.6114693333333333,0.0
24,S0,314159,229,4,2,229,0.720036215666432,0.920872,0.6051333333333332,0.0
25,S0,314159,222,4,2,222,0.7187573415285591,0.9368476666666667,0.5987833333333333,0.0
26,S0,314159,222,4,2,222,0.7174537725418773,0.9526960533333334,0.5924193333333333,0.0
27,S0,314159,192,4,2,192,0.7156185565203393,0.96841688,0.5860413333333333,0.0
28,S0,314159,161,4,2,161,0.7143392146204873,0.9840098666666667,0.5796493333333332,0.0
29,S0,314159,139,4,2,139,0.7126331376300699,0.9994747333333334,0.5732433333333332,0.0
30,S0,314159,124,4,2,124,0.711406454222778,1.0148112,0.5668233333333331,0.0
31,S0,314159,100,4,2,100,0.7102146636412178,1.0300189866666667,0.5603893333333332,0.0
32,S0,314159,74,4,2,74,0.7086520113210681,1.0450978133333333,0.5539413333333333,0.0
33,S0,314159,68,4,2,68,0.7073721691466568,1.0600474,0.5474793333333332,0.0
34,S0,314159,56,4,2,56,0.7055924182901759,1.0748674666666667,0.5410033333333332,0.0
35,S0,314159,59,4,2,59,0.7043253763980191,1.0895577333333333,0.5345133333333333,0.0
36,S0,314159,52,4,2,52,0.7022962643928928,1.10411792,0.5280093333333332,0.0
37,S0,314159,45,4,2,45,0.7008282327000469,1.1185477466666667,0.5214913333333332,0.0
38,S0,314159,30,3,2,30,0.6994865141294231,1.1328469333333333,0.5149593333333332,0.0
39,S0,314159,31,3,2,31,0.6979557387135126,1.1470152,0.5084133333333333,0.0
40,S0,314159,30,3,2,30,0.6959009694594401,1.1610522666666667,0.5018533333333332,0.0
41,S0,314159,24,3,2,24,0.6938038464496487,1.1749578533333334,0.4952793333333332,0.0
42,S0,314159,21,3,2,21,0.6916610950257179,1.18873168,0.4886913333333332,0.0
43,S0,314159,20,3,2,20,0.6894599724647569,1.2023734666666668,0.4820893333333332,0.0
44,S0,314159,13,2,2,13,0.6880298209725584,1.2158829333333334,0.4754733333333332,0.0
45,S0,314159,14,1,3,14,0.6862775092518171,1.2292598000000001,0.4688433333333332,0.0
46,S0,314159,10,1,3,10,0.6842085707264131,1.2425037866666668,0.4621993333333332,0.0
47,S0,314159,10,1,3,10,0.6820839818606774,1.2556146133333335,0.45554133333333313,0.0
48,S0,314159,10,1,3,10,0.6799211799824227,1.2685920000000002,0.4488693333333332,0.0
49,S0,314159,7,1,3,7,0.677773830671783,1.2814356666666669,0.44218333333333315,0.0
50,S0,314159,11,1,3,11,0.6754944276072057,1.2941453333333335,0.43548333333333317,0.0
51,S0,314159,7,1,3,7,0.6732556331532853,1.3067207200000002,0.42876933333333317,0.0
52,S0,314159,4,1,3,4,0.6709949737574056,1.3191615466666669,0.4220413333333331,0.0
53,S0,314159,3,1,3,3,0.6686863870064078,1.3314675333333335,0.4152993333333332,0.0
54,S0,314159,4,1,3,4,0.6663584419294627,1.341273626569252,0.29030466179593134,0.0
55,S0,314159,3,1,3,3,0.6640636414064077,1.3509443198051707,0.28353466179593134,0.0
56,S0,314159,1,1,3,1,0.661856822819065,1.3604793330410894,0.2767506617959313,0.0
57,S0,314159,1,1,3,1,0.6594901540190651,1.369878386277008,0.2699526617959313,0.0
58,S0,314159,1,1,3,1,0.6571013668190651,1.3791411995129268,0.2631406617959313,0.0
59,S0,314159,1,1,3,1,0.654690461219065,1.3882674927488454,0.2563146617959313,0.0
60,S0,314159,0,0,3,0,0.0,1.393256985984764,0.24947466179593128,0.0
61,S0,314159,0,0,3,0,0.0,1.3981093992206828,0.2426206617959313,0.0
62,S0,314159,0,0,3,0,0.0,1.4028244524566014,0.23575266179593127,0.0
63,S0,314159,0,0,3,0,0.0,1.40740186569252,0.22887066179593127,0.0
64,S0,314159,0,0,3,0,0.0,1.4118413589284387,0.22197466179593128,0.0
65,S0,314159,0,0,3,0,0.0,1.4161426521643572,0.21506466179593128,0.0
66,S0,314159,0,0,3,0,0.0,1.4203054654002758,0.20814066179593127,0.0
67,S0,314159,0,0,3,0,0.0,1.4243295186361944,0.20120266179593127,0.0
68,S0,314159,0,0,3,0,0.0,1.4282145318721131,0.19425066179593123,0.0
69,S0,314159,0,0,3,0,0.0,1.4319602251080317,0.18728466179593126,0.0
70,S0,314159,0,0,3,0,0.0,1.4356524251080316,0.18461000000000002,0.0
71,S0,314159,0,0,3,0,0.0,1.4393415451080316,0.18445600000000004,0.0
72,S0,314159,0,0,3,0,0.0,1.4430281051080316,0.18432800000000002,0.0
73,S0,314159,0,0,3,0,0.0,1.4467126251080316,0.184226,0.0
74,S0,314159,0,0,3,0,0.0,1.4503956251080317,0.18415,0.0
75,S0,314159,0,0,3,0,0.0,1.4540776251080316,0.1841,0.0
76,S0,314159,0,0,3,0,0.0,1.4577591451080316,0.18407600000000002,0.0
77,S0,314159,0,0,3,0,0.0,1.4614407051080316,0.184078,0.0
78,S0,314159,0,0,3,0,0.0,1.4651228251080315,0.184106,0.0
79,S0,314159,0,0,3,0,0.0,1.4688060251080315,0.18416,0.0
80,S0,314159,0,0,3,0,0.0,1.4724908251080315,0.18424,0.0
81,S0,314159,0,0,3,0,0.0,1.4761777451080316,0.184346,0.0
82,S0,314159,0,0,3,0,0.0,1.4798673051080315,0.184478,0.0
83,S0,314159,0,0,3,0,0.0,1.4835600251080316,0.184636,0.0
84,S0,314159,0,0,3,0,0.0,1.4872564251080316,0.18481999999999998,0.0
85,S0,314159,0,0,3,0,0.0,1.4909570251080315,0.18503,0.0
86,S0,314159,0,0,3,0,0.0,1.4946623451080314,0.18526600000000001,0.0
87,S0,314159,0,0,3,0,0.0,1.4983729051080314,0.185528,0.0
88,S0,314159,0,0,3,0,0.0,1.5,0.18581599999999998,0.0
89,S0,314159,0,0,3,0,0.0,1.5,0.18613,0.0
90,S0,314159,0,0,3,0,0.0,1.5,0.0700549665933048,0.0
91,S0,314159,0,0,3,0,0.0,1.5,0.07042096659330482,0.0
92,S0,314159,0,0,3,0,0.0,1.5,0.07081296659330481,0.0
93,S0,314159,0,0,3,0,0.0,1.5,0.07123096659330481,0.0
94,S0,314159,0,0,3,0,0.0,1.5,0.07167496659330481,0.0
95,S0,314159,0,0,3,0,0.0,1.5,0.07214496659330481,0.0
96,S0,314159,0,0,3,0,0.0,1.5,0.07264096659330481,0.0
97,S0,314159,0,0,3,0,0.0,1.5,0.0731629665933048,0.0
98,S0,314159,0,0,3,0,0.0,1.5,0.0737109665933048,0.0
99,S0,314159,0,0,3,0,0.0,1.5,0.0742849665933048,0.0
100,S0,314159,0,0,3,0,0.0,1.5,0.0748849665933048,0.0
1,S1,314159,395,8,0,395,0.7443852001935863,0.5209043866666666,0.7572193333333334,94.50170528
2,S1,314159,380,8,0,380,0.7469224901411627,0.5418753267097877,0.7605470021560534,95.0050078410349
3,S1,314159,415,8,0,415,0.7482547778054658,0.5629135366684339,0.7639104979323158,95.5099248800424
4,S1,314159,408,8,0,408,0.7500210544824101,0.5840197362783427,0.76730998049544,96.01647367068023
5,S1,314159,422,8,0,422,0.7517450050242903,0.6051946485061195,0.7707456113888372,96.52467156414686
6,S1,314159,437,8,0,437,0.7523929288744714,0.6264389995835933,0.7742175538736878,97.03453599000623
7,S1,314159,444,8,0,444,0.7533780398037085,0.6477535190423273,0.7777259729366985,97.54608445701585
8,S1,314159,475,8,0,475,0.7540849083991351,0.6691389397482861,0.7812710352979431,98.05933455395885
9,S1,314159,494,8,0,494,0.7546894658975297,0.6905959979366618,0.7848529094187849,98.57430395047987
10,S1,314159,515,8,0,515,0.7556620724253225,0.7121254332468595,0.7884717655098824,99.09101039792463
11,S1,314159,543,8,0,543,0.7561624921898293,0.733727988757645,0.792127775539277,99.60947173018347
12,S1,314159,574,8,0,574,0.7565680952563737,0.7554044110224563,0.7958211132405651,100.12970586453895
13,S1,314159,577,7,1,577,0.7575325178216022,0.7771554501048793,0.7995519541211543,100.65173080251711
14,S1,314159,588,7,1,588,0.7578579858337463,0.7989818596142914,0.8033204754706036,101.17556463074297
15,S1,314159,581,7,1,581,0.7584035138437496,0.8208843967416722,0.8071268563690471,101.70122552180013
16,S1,314159,538,7,1,538,0.7588678849265824,0.8428638222955863,0.8109712776957053,102.22873173509406
17,S1,314159,569,7,1,569,0.7591298588707354,0.8649209007383359,0.8148539221374795,102.75810161772006
18,S1,314159,587,7,1,587,0.7595059654493181,0.8870564002222886,0.8187749741976339,103.28935360533494
19,S1,314159,613,7,1,613,0.7596431485377944,0.9092710926263798,0.822734620204562,103.8225062230331
20,S1,314159,594,7,1,594,0.7596819238162785,0.9315081943953426,0.8238550884481398,104.35619666548821
21,S1,314159,603,7,1,603,0.7600227104645155,0.9538260414337031,0.8278923519180231,104.89182499440888
22,S1,314159,594,7,1,594,0.7602441083143308,0.9762254142855524,0.8319686425924697,105.42940994285325
23,S1,314159,605,7,1,605,0.7607319723308228,0.9987070973690887,0.8360841541768121,105.96897033685812
24,S1,314159,614,7,1,614,0.761235741851172,1.021271879013892,0.8402390822401612,106.51052509633341
25,S1,314159,626,7,1,626,0.7615558192120905,1.0439205514983858,0.8444336242246981,107.05409323596125
26,S1,314159,664,7,1,664,0.7616733498347378,1.0666539110874869,0.8486679794550582,107.59969386609968
27,S1,314159,627,7,1,627,0.7618437715379435,1.0894727580704429,0.8529423491478022,108.14734619369062
28,S1,314159,657,7,1,657,0.7625764184624914,1.1123778967988625,0.8572569364209776,108.69706952317269
29,S1,314159,666,7,1,666,0.7627580196995206,1.135370135724938,0.8616119463037716,109.2488832573985
30,S1,314159,694,7,1,694,0.7629311497064539,1.158445369967839,0.8657617121450527,109.80268887922813
31,S1,314159,701,7,1,701,0.7632462361371303,1.18156679851358,0.868071427287052,110.3576031643259
32,S1,314159,696,7,1,696,0.7630637225563793,1.2047348229818746,0.8704012234147277,110.91363575156498
33,S1,314159,727,7,1,727,0.7636903109744428,1.227949846366084,0.8727511692104697,111.47079631278602
34,S1,314159,720,7,1,720,0.7641737335317607,1.2512122730450976,0.8751213339506799,112.02909455308234
35,S1,314159,725,7,1,725,0.7643183139785451,1.2745225087952539,0.877511787507815,112.58854021108608
36,S1,314159,748,7,1,748,0.7645410366591344,1.2978809608023028,0.879922600352446,113.14914305925525
37,S1,314159,728,7,1,728,0.7649018026761496,1.3212880376734095,0.8823538435553351,113.71091290416182
38,S1,314159,750,7,1,750,0.7648359059477567,1.3447441494492,0.8848055887895324,114.2738595867808
39,S1,314159,732,7,1,732,0.764928979510226,1.3682497076158497,0.8872779083324872,114.83799298278039
40,S1,314159,706,7,1,706,0.7646832290420419,1.3918051251172132,0.8897708750681796,115.40332300281311
41,S1,314159,708,7,1,708,0.7647940321676787,1.4154108163669985,0.892284562489269,115.96985959280795
42,S1,314159,730,7,1,730,0.7650301873718948,1.4390671972609836,0.8948190446992607,116.53761273426359
43,S1,314159,682,7,1,682,0.7652578862916332,1.4627746851892773,0.89737439641469,117.10659244454264
44,S1,314159,673,7,1,673,0.765099705399854,1.4865336990486238,0.8999506929673257,117.67680877716695
45,S1,314159,664,7,1,664,0.7650985027720957,1.5,0.90254801030639,118.0
46,S1,314159,670,6,1,670,0.7649316526775363,1.5,0.9051511769730567,118.0
47,S1,314159,693,6,1,693,0.7651663170534391,1.5,0.9077403436397233,118.0
48,S1,314159,708,6,1,708,0.765182979406481,1.5,0.9103155103063899,118.0
49,S1,314159,672,6,1,672,0.7653680475613129,1.5,0.9128766769730566,118.0
50,S1,314159,664,6,1,664,0.7655148041558373,1.5,0.9154238436397232,118.0
51,S1,314159,665,6,1,665,0.7655660325655631,1.5,0.9179570103063899,118.0
52,S1,314159,639,6,1,639,0.765542778660637,1.5,0.9204761769730565,118.0
53,S1,314159,651,6,1,651,0.7653168701964094,1.5,0.9229813436397233,118.0
54,S1,314159,686,6,1,686,0.7649758912310461,1.5,0.8096686721023213,118.0
55,S1,314159,670,6,1,670,0.7646901933764937,1.5,0.8145806721023213,118.0
56,S1,314159,675,6,1,675,0.7649193872075453,1.5,0.8187469185774742,118.0
57,S1,314159,670,6,1,670,0.7645459159575857,1.5,0.8207957519108074,118.0
58,S1,314159,674,6,1,674,0.7643573560755859,1.5,0.8228045852441408,118.0
59,S1,314159,682,6,1,682,0.7641614379207103,1.5,0.8247734185774741,118.0
60,S1,314159,643,6,1,643,0.7641185861921695,1.5,0.8267022519108075,118.0
61,S1,314159,644,6,1,644,0.7637893768102059,1.5,0.8285910852441409,118.0
62,S1,314159,651,6,1,651,0.763560198895739,1.5,0.8304399185774742,118.0
63,S1,314159,641,6,1,641,0.7632423611409065,1.5,0.8322487519108076,118.0
64,S1,314159,628,6,1,628,0.7629380694200538,1.5,0.8340175852441409,118.0
65,S1,314159,654,6,1,654,0.7625633338374934,1.5,0.8357464185774742,118.0
66,S1,314159,628,6,1,628,0.7622279900173979,1.5,0.8374352519108076,118.0
67,S1,314159,597,6,1,597,0.7620038088193362,1.5,0.8390840852441409,118.0
68,S1,314159,600,6,1,600,0.7614547892152221,1.5,0.8406929185774743,118.0
69,S1,314159,599,5,1,599,0.761180651369053,1.5,0.8422617519108075,118.0
70,S1,314159,633,5,1,633,0.7607684062278329,1.5,0.843790585244141,118.0
71,S1,314159,622,5,1,622,0.7603539584694988,1.5,0.8452794185774742,118.0
72,S1,314159,625,5,1,625,0.7599559524413939,1.5,0.8467282519108076,118.0
73,S1,314159,644,5,1,644,0.7594521155104621,1.5,0.848137085244141,118.0
74,S1,314159,633,5,1,633,0.7589942910730475,1.5,0.8495059185774743,118.0
75,S1,314159,614,5,1,614,0.7581850823166111,1.5,0.8508347519108076,118.0
76,S1,314159,583,4,1,583,0.7575202357983404,1.5,0.8521235852441409,118.0
77,S1,314159,587,4,1,587,0.7568478180912716,1.5,0.8533724185774743,118.0
78,S1,314159,576,4,1,576,0.7561774230166214,1.5,0.8545812519108077,118.0
79,S1,314159,617,4,1,617,0.7552529799496575,1.5,0.855750085244141,118.0
80,S1,314159,607,4,1,607,0.7545759992981486,1.5,0.8568789185774742,118.0
81,S1,314159,597,4,1,597,0.7538209584857225,1.5,0.8579677519108077,118.0
82,S1,314159,622,4,1,622,0.7530940058489164,1.5,0.859016585244141,118.0
83,S1,314159,587,4,1,587,0.7520766198674198,1.5,0.8600254185774743,118.0
84,S1,314159,579,4,1,579,0.7514360229243808,1.5,0.8609942519108076,118.0
85,S1,314159,540,4,1,540,0.7506114984587916,1.5,0.861923085244141,118.0
86,S1,314159,543,4,1,543,0.7497246989267051,1.5,0.8628119185774743,118.0
87,S1,314159,510,4,1,510,0.7490041770207893,1.5,0.8636607519108077,118.0
88,S1,314159,503,4,1,503,0.7479063252902399,1.5,0.864469585244141,118.0
89,S1,314159,506,4,1,506,0.7469899166618713,1.5,0.8652384185774743,118.0
90,S1,314159,514,4,1,514,0.7463262763280597,1.5,0.7532453851707791,118.0
91,S1,314159,487,4,1,487,0.7454216897692889,1.5,0.7576533851707792,118.0
92,S1,314159,470,4,1,470,0.7445014532531097,1.5,0.7620473851707792,118.0
93,S1,314159,461,4,1,461,0.7434628404699043,1.5,0.7664273851707791,118.0
94,S1,314159,455,4,1,455,0.7422801153130563,1.5,0.7707933851707791,118.0
95,S1,314159,457,4,1,457,0.7410708749063404,1.5,0.7751453851707791,118.0
96,S1,314159,454,4,1,454,0.7399721934987987,1.5,0.7794833851707792,118.0
97,S1,314159,459,4,1,459,0.7390471258976448,1.5,0.7838073851707792,118.0
98,S1,314159,433,4,1,433,0.7376325265900229,1.5,0.7881173851707791,118.0
99,S1,314159,417,4,1,417,0.7366082936886159,1.5,0.7924133851707792,118.0
100,S1,314159,450,4,1,450,0.735357769394491,1.5,0.7966953851707793,118.0
1,S2,314159,397,8,0,391,0.7376942640106584,0.5213433478757347,0.7487593333333334,94.51224034901763
2,S2,314159,383,8,0,380,0.7409554103557016,0.5420691627360291,0.7440923095943592,95.00965990566469
3,S2,314159,421,8,0,413,0.7375626732325713,0.5635057027313468,0.7394184486970007,95.52413686555232
4,S2,314159,411,8,0,399,0.7343178213248539,0.585582652437726,0.7347379962678646,96.05398365850542
5,S2,314159,393,8,0,376,0.7294790206790179,0.6085781797271708,0.7300511736325471,96.6058763134521
6,S2,314159,403,8,0,386,0.7292456512006199,0.6314025665358725,0.7253582982514608,97.15366159686093
7,S2,314159,399,8,0,377,0.7233772789840961,0.6550656775674717,0.7206593109784557,97.72157626161932
8,S2,314159,408,8,0,380,0.7184459779425287,0.6796059440715925,0.7159545016766229,98.31054265771822
9,S2,314159,423,8,0,389,0.7128825388739229,0.7048980615839635,0.711244173490894,98.91755347801512
10,S2,314159,406,8,0,366,0.7052159549486234,0.7314022293682964,0.7065285862609775,99.55365350483912
11,S2,314159,402,8,0,363,0.7055197290805945,0.757703467172591,0.7018081588714473,100.18488321214218
12,S2,314159,388,8,0,354,0.7091456716588218,0.7832344019469005,0.6970828211897021,100.7976256467256
13,S2,314159,366,8,0,328,0.7027291909627744,0.8098368579229465,0.6923523069990151,101.4360845901507
14,S2,314159,361,8,0,318,0.6955051478264334,0.8374453749406072,0.6876169866171131,102.09868899857457
15,S2,314159,316,8,0,275,0.6908871315750771,0.8657246912472798,0.6828772077386925,102.7773925899347
16,S2,314159,294,8,0,256,0.690234956354794,0.8938734777400992,0.6781332021919876,103.45296346576238
17,S2,314159,306,8,0,269,0.692848798079057,0.9213270585903582,0.6733849248658945,104.1118494061686
18,S2,314159,294,8,0,252,0.6835453717451685,0.9502654155860194,0.6686321354973433,104.80636997406445
19,S2,314159,276,8,0,230,0.6739196750462106,0.9808229225305187,0.66387534722497,105.53975014073245
20,S2,314159,259,8,0,209,0.6638176313035915,1.0131763280972212,0.6586895833544292,106.3162318743333
21,S2,314159,261,7,1,207,0.6591404497520655,1.0464314105632275,0.6539265370934196,107.11435385351744
22,S2,314159,264,7,1,204,0.6469517907336021,1.081058266602642,0.6491609837889102,107.9453983984634
23,S2,314159,252,7,1,188,0.6374856476295988,1.1175118488388731,0.6443933975258481,108.82028437213296
24,S2,314159,235,7,1,179,0.6418356983284694,1.1527417838398,0.6396244096208067,109.66580281215519
25,S2,314159,224,7,1,169,0.6402582525975257,1.1883974272119975,0.6348535971813019,110.52153825308793
26,S2,314159,227,7,1,161,0.6185784739538713,1.2272129700634862,0.6300811073321463,111.45311128152366
27,S2,314159,208,5,2,139,0.6006908689020228,1.2688837460907936,0.6253080321346002,112.45320990617904
28,S2,314159,186,5,2,133,0.623955707479633,1.3070905822901966,0.6205353583572492,113.37017397496471
29,S2,314159,158,5,2,99,0.5892586925932819,1.3515718960168135,0.6157618888624886,114.43772550440352
30,S2,314159,156,5,2,83,0.5512828230939649,1.4027639995513161,0.6109897921097519,115.6663359892316
31,S2,314159,156,4,2,69,0.5126335821889959,1.4603222734521222,0.6062213873479969,117.04773456285093
32,S2,314159,128,4,2,54,0.5104976087397906,1.5,0.601458874725702,118.0
33,S2,314159,132,4,2,54,0.5044181151822463,1.5,0.5966960747257021,118.0
34,S2,314159,118,4,2,36,0.4619068780354853,1.5,0.591919274725702,118.0
35,S2,314159,121,3,2,29,0.43244560271810467,1.5,0.5871284747257021,118.0
36,S2,314159,103,3,2,18,0.41458111286355354,1.5,0.582323674725702,118.0
37,S2,314159,98,3,2,17,0.41546127626172175,1.5,0.577504874725702,118.0
38,S2,314159,97,3,2,16,0.4122418367112806,1.5,0.572672074725702,118.0
39,S2,314159,92,3,2,15,0.4167398130340537,1.5,0.5678252747257021,118.0
40,S2,314159,83,3,2,11,0.4112420993215514,1.5,0.5629644747257021,118.0
41,S2,314159,86,3,2,10,0.4045691703916904,1.5,0.5580896747257021,118.0
42,S2,314159,91,3,2,9,0.39135428709394526,1.5,0.5532008747257021,118.0
43,S2,314159,83,3,2,10,0.40543470394339143,1.5,0.548298074725702,118.0
44,S2,314159,83,3,2,4,0.37567167856018757,1.5,0.5433812747257021,118.0
45,S2,314159,86,3,2,2,0.3636746346360512,1.5,0.5384504747257021,118.0
46,S2,314159,78,3,2,1,0.3681816239048323,1.5,0.5335056747257021,118.0
47,S2,314159,80,3,2,0,0.35980466409218304,1.5,0.528546874725702,118.0
48,S2,314159,89,3,2,0,0.3468379534834392,1.5,0.523574074725702,118.0
49,S2,314159,87,3,2,0,0.3489003900985713,1.5,0.5185872747257021,118.0
50,S2,314159,88,3,2,0,0.345487248143411,1.5,0.5135864747257021,118.0
51,S2,314159,78,3,2,0,0.3572894710353442,1.5,0.5085716747257022,118.0
52,S2,314159,66,3,2,0,0.36958031602155134,1.5,0.5035428747257021,118.0
53,S2,314159,76,3,2,0,0.35953524560102734,1.5,0.4985000747257022,118.0
54,S2,314159,69,3,2,0,0.366423983170642,1.5,0.3752046031883003,118.0
55,S2,314159,69,3,2,0,0.36915445604946817,1.5,0.3701338031883003,118.0
56,S2,314159,68,3,2,0,0.3684212370118221,1.5,0.3650490031883003,118.0
57,S2,314159,68,2,2,0,0.3695750096854721,1.5,0.35995020318830023,118.0
58,S2,314159,58,2,2,0,0.38003510770514987,1.5,0.3548374031883002,118.0
59,S2,314159,62,2,2,0,0.37673123434001426,1.5,0.3497106031883002,118.0
60,S2,314159,56,2,2,0,0.38412196276120625,1.5,0.34456980318830027,118.0
61,S2,314159,62,2,2,0,0.3765127436736609,1.5,0.3394150031883003,118.0
62,S2,314159,58,2,2,0,0.3764944881867673,1.5,0.33424620318830023,118.0
63,S2,314159,51,2,2,0,0.38846146891593225,1.5,0.32906340318830024,118.0
64,S2,314159,45,2,2,0,0.394893450926984,1.5,0.32386660318830024,118.0
65,S2,314159,37,2,2,0,0.40321162733942284,1.5,0.3186558031883002,118.0
66,S2,314159,36,2,2,0,0.40444588282337457,1.5,0.31343100318830025,118.0
67,S2,314159,31,1,2,0,0.4113284120761339,1.5,0.30819220318830026,118.0
68,S2,314159,25,1,2,0,0.4159627787161997,1.5,0.3029394031883002,118.0
69,S2,314159,30,1,2,0,0.4086887224811967,1.5,0.2976726031883002,118.0
70,S2,314159,30,1,2,0,0.4068046889558326,1.5,0.2923918031883002,118.0
71,S2,314159,23,1,2,0,0.4164634899053391,1.5,0.2870970031883003,118.0
72,S2,314159,22,1,2,0,0.4211563729257334,1.5,0.2817882031883003,118.0
73,S2,314159,23,1,2,0,0.4180300478456773,1.5,0.2764654031883002,118.0
74,S2,314159,21,1,2,0,0.4218600308944493,1.5,0.2711286031883002,118.0
75,S2,314159,23,1,2,0,0.4221404891563443,1.5,0.2657778031883002,118.0
76,S2,314159,25,1,2,0,0.4095668289873273,1.5,0.26041300318830024,118.0
77,S2,314159,26,1,2,0,0.4108455589467007,1.5,0.25503420318830017,118.0
78,S2,314159,26,1,2,0,0.41642733492045864,1.5,0.25032115605751065,118.0
79,S2,314159,26,1,2,0,0.41383674369016377,1.5,0.24950795605751064,118.0
80,S2,314159,26,1,2,0,0.4084591718193634,1.5,0.24872075605751065,118.0
81,S2,314159,20,1,2,0,0.4144656932457382,1.5,0.24795955605751063,118.0
82,S2,314159,19,1,2,0,0.41879260996366485,1.5,0.2472243560575106,118.0
83,S2,314159,20,1,2,0,0.4218417568285175,1.5,0.24651515605751062,118.0
84,S2,314159,23,1,2,0,0.4154073708011668,1.5,0.24583195605751063,118.0
85,S2,314159,23,1,2,0,0.4151169398127532,1.5,0.2451747560575106,118.0
86,S2,314159,18,1,2,0,0.41883559683881355,1.5,0.24454355605751063,118.0
87,S2,314159,28,1,2,0,0.4124148158835705,1.5,0.2439383560575106,118.0
88,S2,314159,30,1,2,0,0.40715134880284654,1.5,0.24335915605751057,118.0
89,S2,314159,30,1,2,0,0.40740668770381966,1.5,0.24280595605751057,118.0
90,S2,314159,28,1,2,0,0.4092354971090776,1.5,0.1258637226508154,118.0
91,S2,314159,33,1,2,0,0.4043854912602588,1.5,0.1253625226508154,118.0
92,S2,314159,32,1,2,0,0.40972050084566225,1.5,0.12488732265081541,118.0
93,S2,314159,28,1,2,0,0.4117451680792796,1.5,0.1244381226508154,118.0
94,S2,314159,30,1,2,0,0.40533180605731983,1.5,0.12401492265081539,118.0
95,S2,314159,27,1,2,0,0.41119222704985564,1.5,0.12361772265081539,118.0
96,S2,314159,29,1,2,0,0.40724057558206467,1.5,0.12324652265081538,118.0
97,S2,314159,27,1,2,0,0.4092795964029509,1.5,0.1229013226508154,118.0
98,S2,314159,26,1,2,0,0.41327535273428456,1.5,0.12258212265081538,118.0
99,S2,314159,29,1,2,0,0.40904944948462324,1.5,0.12228892265081538,118.0
100,S2,314159,29,1,2,0,0.4153725102672762,1.5,0.12202172265081539,118.0
1,S3,314159,386,8,0,386,0.743196802377981,0.5208071866666667,0.7523593333333333,94.49937248
2,S3,314159,370,8,0,370,0.7454768474162227,0.5415890687007932,0.7510941017063254,94.99813764881904
3,S3,314159,427,8,0,427,0.7459031963259998,0.5623458688576697,0.7498400078438259,95.49630085258407
4,S3,314159,410,8,0,410,0.7465733390989959,0.5830778092858055,0.7485970214067961,95.99386742285932
5,S3,314159,399,8,0,396,0.7458210924797786,0.6037790964947097,0.7473651123249082,96.49069831587302
6,S3,314159,417,8,0,415,0.7470872358268101,0.6244581444346547,0.7461442435200283,96.98699546643171
7,S3,314159,416,8,0,409,0.744636750305393,0.6451033706580239,0.7449343880915364,97.48248089579256
8,S3,314159,411,8,0,406,0.7456826471277854,0.6657283484005003,0.7437355051286842,97.977480361612
9,S3,314159,434,8,0,430,0.7460505817243736,0.6863319265313891,0.7425475701389095,98.47196623675333
10,S3,314159,426,8,0,422,0.7459446891990016,0.7069118259390447,0.7413705572372419,98.96588382253707
11,S3,314159,448,8,0,446,0.7464434195164277,0.7274723432661112,0.7402044377818977,99.45933623838667
12,S3,314159,451,8,0,450,0.7464821234377779,0.7480115531967573,0.7390491883283125,99.95227727672217
13,S3,314159,454,8,0,450,0.7451882679349872,0.7685226004006687,0.7379047831030592,100.44454240961605
14,S3,314159,472,8,0,469,0.745080233126151,0.789012939415716,0.7367711880405038,100.93631054597718
15,S3,314159,434,8,0,433,0.7454854826587429,0.809484063659584,0.7356483780920211,101.42761752783001
16,S3,314159,421,8,0,420,0.7452902747085453,0.8299328900223628,0.7345363300154237,101.9183893605367
17,S3,314159,430,7,1,430,0.7452470897785898,0.8503615903591467,0.7334350168391947,102.40867816861952
18,S3,314159,440,7,1,440,0.7443947050905616,0.8707684786435246,0.7323444142188932,102.8984434874446
19,S3,314159,415,7,1,415,0.7439368775102714,0.8911537685589378,0.7312644957706604,103.38769044541449
20,S3,314159,424,7,1,420,0.7411749256979742,0.9114809459547574,0.7287362282815436,103.87554270291417
21,S3,314159,437,7,1,435,0.7420006310239706,0.9317908357402017,0.7276775556337706,104.36298005776483
22,S3,314159,444,7,1,440,0.7405913798048148,0.9522708121241628,0.7266294498286818,104.85449949097989
23,S3,314159,427,7,1,417,0.7382373065046628,0.9733332867747244,0.7255921166030271,105.35999888259337
24,S3,314159,397,7,1,387,0.7376054223358126,0.9944349898194118,0.7245662605467098,105.86643975566588
25,S3,314159,385,7,1,375,0.736528138585739,1.0156551193107106,0.7235519291103955,106.37572286345704
26,S3,314159,411,7,1,391,0.7318395481384208,1.0371935985388399,0.7225492655427138,106.89264636493215
27,S3,314159,397,7,1,374,0.7298008705196788,1.0586442174810586,0.7215586549195062,107.40746121954541
28,S3,314159,389,7,1,368,0.7298964329097628,1.0801052774545998,0.7205799909649714,107.92252665891039
29,S3,314159,379,6,1,355,0.7283212984993378,1.1020306302520115,0.7196132863085806,108.44873512604826
30,S3,314159,391,6,1,357,0.7234555300107467,1.1249668813568987,0.7186591025589332,108.99920515256557
31,S3,314159,406,6,1,362,0.7184046345902129,1.1487186930305164,0.7177186624986227,109.56924863273238
32,S3,314159,372,6,1,319,0.7118938252396649,1.1727650897175192,0.7167929526297124,110.14636215322047
33,S3,314159,369,6,1,317,0.7121439884634111,1.1961251211270123,0.7158823292822348,110.70700290704829
34,S3,314159,360,6,1,298,0.7060842863759419,1.2200070625938095,0.7149859622287499,111.28016950225144
35,S3,314159,362,6,1,287,0.6980477412439013,1.2442988760061489,0.7141044827716634,111.86317302414757
36,S3,314159,357,5,1,281,0.6958787877850415,1.2680256045243044,0.7132383866920805,112.4326145085833
37,S3,314159,366,5,1,283,0.6927220513740123,1.292101103896412,0.7123869904633131,113.01042649351389
38,S3,314159,355,5,1,280,0.6952060639516141,1.315695498497274,0.7115507159585862,113.57669196393456
39,S3,314159,368,5,1,287,0.6905611941756935,1.3385461650784671,0.7107289812335685,114.1251079618832
40,S3,314159,371,5,1,290,0.6900574863791767,1.3614738550491607,0.7099208866748473,114.67537252117985
41,S3,314159,344,5,1,273,0.6929446561822797,1.3847675483488566,0.709126525449915,115.23442116037255
42,S3,314159,328,5,1,265,0.6952781946450183,1.408096914178775,0.7083463402763975,115.7943259402906
43,S3,314159,319,5,1,258,0.6948107705864396,1.4316473931382048,0.7075803743037882,116.35953743531691
44,S3,314159,304,5,1,248,0.695725290039126,1.45494923419591,0.7068288949905281,116.91878162070184
45,S3,314159,297,5,1,244,0.6964859571173617,1.478324668921197,0.7060916015842116,117.47979205410873
46,S3,314159,286,5,1,215,0.6815192561504726,1.5,0.7053685831037386,118.0
47,S3,314159,276,5,1,206,0.6778328041315405,1.5,0.7046577831037387,118.0
48,S3,314159,272,5,1,192,0.6654292305002552,1.5,0.7039329831037388,118.0
49,S3,314159,243,4,1,169,0.6666107480424701,1.5,0.7031941831037387,118.0
50,S3,314159,220,4,1,142,0.6537481202013877,1.5,0.7024413831037387,118.0
51,S3,314159,201,4,1,130,0.6564211984537341,1.5,0.7016745831037389,118.0
52,S3,314159,184,4,1,102,0.6365018699783808,1.5,0.700893783103739,118.0
53,S3,314159,195,4,1,100,0.6251523546306685,1.5,0.7000989831037389,118.0
54,S3,314159,179,4,1,93,0.6306121340103749,1.5,0.581051511566337,118.0
55,S3,314159,192,4,1,95,0.6247391730664448,1.5,0.580228711566337,118.0
56,S3,314159,191,4,1,85,0.612468664380821,1.5,0.5793919115663372,118.0
57,S3,314159,184,4,1,75,0.6071934714384608,1.5,0.5785411115663371,118.0
58,S3,314159,184,4,1,58,0.5881153736503635,1.5,0.5776763115663371,118.0
59,S3,314159,184,4,1,53,0.5768582824040734,1.5,0.5767975115663372,118.0
60,S3,314159,166,4,1,39,0.5700412870660625,1.5,0.5759047115663373,118.0
61,S3,314159,176,4,1,28,0.5448751039796647,1.5,0.5749979115663372,118.0
62,S3,314159,161,4,1,19,0.5358578940560791,1.5,0.5740771115663372,118.0
63,S3,314159,158,3,1,15,0.5290905500756847,1.5,0.5731423115663372,118.0
64,S3,314159,160,3,1,13,0.5196686969788554,1.5,0.5721935115663371,118.0
65,S3,314159,161,3,1,11,0.5110960400749348,1.5,0.5712307115663372,118.0
66,S3,314159,162,3,1,7,0.5015612858810605,1.5,0.5702539115663372,118.0
67,S3,314159,166,3,1,4,0.4857883255863183,1.5,0.5692631115663372,118.0
68,S3,314159,170,3,1,0,0.47758115081601504,1.5,0.5682583115663372,118.0
69,S3,314159,186,3,1,0,0.46228049450043374,1.5,0.5672395115663371,118.0
70,S3,314159,209,3,1,0,0.44282582870167,1.5,0.5662067115663372,118.0
71,S3,314159,211,3,1,0,0.4421628363117963,1.5,0.5651599115663372,118.0
72,S3,314159,220,3,1,0,0.43384739248629045,1.5,0.5640991115663372,118.0
73,S3,314159,234,3,1,0,0.42486690615732114,1.5,0.5630243115663371,118.0
74,S3,314159,255,3,1,0,0.4075322171366602,1.5,0.5619355115663373,118.0
75,S3,314159,260,3,1,0,0.4065515158378695,1.5,0.5608327115663372,118.0
76,S3,314159,260,3,1,0,0.4031354230601084,1.5,0.5597159115663373,118.0
77,S3,314159,260,3,1,0,0.4097265508473929,1.5,0.5585851115663372,118.0
78,S3,314159,266,3,1,0,0.4076328702237556,1.5,0.5574403115663372,118.0
79,S3,314159,277,3,1,0,0.3983723361901283,1.5,0.5562815115663372,118.0
80,S3,314159,272,3,1,0,0.40459124757488213,1.5,0.5551087115663371,118.0
81,S3,314159,278,3,1,0,0.4125815344425217,1.5,0.5539219115663372,118.0
82,S3,314159,290,3,1,0,0.4081919849402038,1.5,0.5527211115663372,118.0
83,S3,314159,283,3,1,0,0.41196229032397147,1.5,0.5515063115663371,118.0
84,S3,314159,272,3,1,0,0.4218724179879254,1.5,0.5502775115663372,118.0
85,S3,314159,271,3,1,0,0.41992990680098,1.5,0.5490347115663371,118.0
86,S3,314159,264,3,1,0,0.41342294526422313,1.5,0.5477779115663372,118.0
87,S3,314159,244,3,1,0,0.4220752435321521,1.5,0.5465071115663372,118.0
88,S3,314159,241,3,1,0,0.42578887173782004,1.5,0.5452223115663372,118.0
89,S3,314159,243,3,1,0,0.4160646107101765,1.5,0.5439235115663371,118.0
90,S3,314159,251,3,1,0,0.41529746970024145,1.5,0.42619567815964204,118.0
91,S3,314159,233,3,1,0,0.4239584058170759,1.5,0.4248688781596421,118.0
92,S3,314159,237,3,1,0,0.42370954222034773,1.5,0.42352807815964205,118.0
93,S3,314159,233,3,1,0,0.4332489680287891,1.5,0.4221732781596421,118.0
94,S3,314159,229,3,1,0,0.44107799028988653,1.5,0.4208044781596421,118.0
95,S3,314159,219,3,1,0,0.4371521289203122,1.5,0.4194216781596422,118.0
96,S3,314159,217,3,1,0,0.43936004113910365,1.5,0.41802487815964223,118.0
97,S3,314159,251,3,1,0,0.41967024561122174,1.5,0.4166140781596422,118.0
98,S3,314159,238,3,1,0,0.4201624949774312,1.5,0.41518927815964224,118.0
99,S3,314159,244,3,1,0,0.41871913987736353,1.5,0.4137504781596422,118.0
100,S3,314159,249,3,1,0,0.411689453600098,1.5,0.4122976781596423,118.0
1,S4,314159,389,8,0,389,0.7427102163641669,0.5209459979777207,0.7512793333333333,94.50270395146529
2,S4,314159,372,8,0,372,0.7443389163677019,0.5418256557321535,0.7489936404098114,95.00381573757168
3,S4,314159,419,8,0,419,0.744667462952584,0.5626192155719604,0.7467137915130192,95.50286117372704
4,S4,314159,424,8,0,424,0.7445227136019804,0.5834397077814779,0.7444397048154987,96.00255298675546
5,S4,314159,424,8,0,424,0.7447574224296598,0.6042393623148477,0.7421714059137742,96.50174469555634
6,S4,314159,434,8,0,434,0.7443297803178167,0.6250371711513276,0.7399088750037183,97.00089210763186
7,S4,314159,418,8,0,418,0.7440250958835457,0.6457511702957504,0.7376521103311805,97.49802808709799
8,S4,314159,428,8,0,428,0.7437969270901605,0.6664603124359461,0.7354010322434297,97.99504749846271
9,S4,314159,450,8,0,450,0.7430803910203119,0.6872389807139889,0.7331556361243686,98.49373553713573
10,S4,314159,437,8,0,437,0.7410841994601969,0.7080456757610629,0.7309159880516393,98.9930962182655
11,S4,314159,462,8,0,462,0.7416580308845744,0.7286962011711837,0.7286821146618826,99.4887088281084
12,S4,314159,462,8,0,462,0.7418239160951314,0.7492692612057958,0.7264538675314757,99.9824622689391
13,S4,314159,461,8,0,461,0.7409183657630641,0.7698609562500565,0.7242311730373258,100.47666295000136
14,S4,314159,466,8,0,466,0.7397642669122959,0.7904663874424517,0.7220140488901458,100.97119329861883
15,S4,314159,418,8,0,418,0.7399978194683194,0.8109056911938639,0.7198025081447709,101.46173658865271
16,S4,314159,405,8,0,405,0.7389836952896374,0.8313870017681869,0.7175963929136816,101.95328804243648
17,S4,314159,409,8,0,409,0.7384006417506056,0.8519126183420817,0.7153957431201622,102.44590284020995
18,S4,314159,428,8,0,423,0.7345903138578092,0.872631957462338,0.7132006008726344,102.9431669790961
19,S4,314159,407,7,1,404,0.7360477917341212,0.8930406816965394,0.7110111502850066,103.43297636071694
20,S4,314159,424,7,1,422,0.7350403455562147,0.9135637202849436,0.7076802313070033,103.92552928683865
21,S4,314159,451,7,1,450,0.7350534519991516,0.9340545965023409,0.7055016822667621,104.41731031605616
22,S4,314159,465,7,1,465,0.7341571178183021,0.9546639643563711,0.7033286077552781,104.9119351445529
23,S4,314159,435,7,1,435,0.7323681416971353,0.9754752327411227,0.7011611203870022,105.41140558578694
24,S4,314159,432,7,1,432,0.7327345733638743,0.9961059617228275,0.6989994120481994,105.90654308134786
25,S4,314159,418,7,1,418,0.7321820788705685,1.016673641343041,0.6968433111542208,106.40016739223297
26,S4,314159,445,7,1,445,0.7309306252073698,1.037309069532408,0.6946927577829533,106.8954176687778
27,S4,314159,421,6,2,421,0.7259763323577706,1.058575132747222,0.6925478163226368,107.40580318593331
28,S4,314159,409,6,2,409,0.727899141680189,1.0794655638585509,0.6904090861287998,107.90717353260521
29,S4,314159,404,6,2,404,0.7276426767587432,1.100278216775436,0.6882762102006909,108.40667720261045
30,S4,314159,398,6,2,398,0.7230569081162965,1.1215903447964375,0.6861491146179143,108.9181682751145
31,S4,314159,401,5,2,393,0.719372403305118,1.1437181920735808,0.6840282740816089,109.44923660976593
32,S4,314159,365,5,2,360,0.7166795769142824,1.1659482621725257,0.6819144638513556,109.98275829214062
33,S4,314159,353,5,2,349,0.714370291682851,1.1882891203436952,0.6798077810797244,110.51893888824868
34,S4,314159,348,5,2,347,0.7100233264075536,1.2107136317924754,0.6777083310596991,111.0571271630194
35,S4,314159,360,5,2,349,0.7063757409906265,1.2328837334361604,0.6756161932953546,111.58920960246786
36,S4,314159,360,5,2,349,0.6977224360888011,1.2555610226227392,0.6735311259956123,112.13346454294573
37,S4,314159,383,5,2,369,0.6925238743754036,1.278278032183384,0.671453611191513,112.67867277240123
38,S4,314159,383,5,2,357,0.6860551224362337,1.3018852359421595,0.6693836866333002,113.24524566261182
39,S4,314159,389,5,2,368,0.682634180421524,1.3257135308091332,0.6673221983615395,113.81712473941919
40,S4,314159,397,5,2,377,0.675212622356104,1.3494177088711476,0.6652693565012205,114.38602501290754
41,S4,314159,371,5,2,354,0.6704740991769516,1.373500969840799,0.6632250430917316,114.96402327617916
42,S4,314159,363,5,2,347,0.6666414220825582,1.3976814564239444,0.6611896184134682,115.54435495417465
43,S4,314159,351,5,2,338,0.6607258760565222,1.4220902469868644,0.6591631748696535,116.13016592768473
44,S4,314159,346,5,2,339,0.662393609231425,1.446676402569892,0.6571459294403899,116.72023366167741
45,S4,314159,333,5,2,316,0.6562845573949548,1.4716797041243004,0.6551380506933923,117.32031289898322
46,S4,314159,342,5,2,314,0.6538699564968431,1.4975972396680894,0.6531399350841921,117.94233375203413
47,S4,314159,331,5,2,303,0.6494546507450524,1.5,0.6511524515007726,118.0
48,S4,314159,338,5,2,296,0.640624495471051,1.5,0.6491532515007726,118.0
49,S4,314159,300,5,2,258,0.642683439953025,1.5,0.6471400515007727,118.0
50,S4,314159,286,5,2,237,0.6332277860537749,1.5,0.6451128515007727,118.0
51,S4,314159,273,5,2,213,0.6311454355794668,1.5,0.6430716515007727,118.0
52,S4,314159,257,5,2,201,0.6298621030578142,1.5,0.6410164515007727,118.0
53,S4,314159,267,5,2,193,0.6224158327789339,1.5,0.6389472515007727,118.0
54,S4,314159,249,5,2,167,0.5932698089848816,1.5,0.518625379963371,118.0
55,S4,314159,256,5,2,156,0.5941647743543871,1.5,0.5165281799633709,118.0
56,S4,314159,232,5,2,129,0.5948173742774339,1.5,0.5144169799633709,118.0
57,S4,314159,222,5,2,108,0.5861494552833333,1.5,0.5122917799633708,118.0
58,S4,314159,197,5,2,83,0.5809154599350659,1.5,0.5101525799633708,118.0
59,S4,314159,194,5,2,65,0.569844424875636,1.5,0.5079993799633709,118.0
60,S4,314159,170,4,2,50,0.5699023934170769,1.5,0.5058321799633708,118.0
61,S4,314159,169,4,2,53,0.5748611203979712,1.5,0.5036509799633708,118.0
62,S4,314159,153,4,2,36,0.5563005193608391,1.5,0.5014557799633708,118.0
63,S4,314159,155,4,2,39,0.5615668805307618,1.5,0.4992465799633708,118.0
64,S4,314159,153,4,2,25,0.5347781109319879,1.5,0.49702337996337076,118.0
65,S4,314159,141,4,2,21,0.5315785295356417,1.5,0.49478617996337076,118.0
66,S4,314159,146,4,2,19,0.5231249782908691,1.5,0.49253497996337076,118.0
67,S4,314159,145,4,2,14,0.5245437357164093,1.5,0.4902697799633708,118.0
68,S4,314159,134,4,2,8,0.5221682164196662,1.5,0.48799057996337075,118.0
69,S4,314159,141,4,2,10,0.5191275880630485,1.5,0.48569737996337076,118.0
70,S4,314159,133,4,2,7,0.531151562559549,1.5,0.4833901799633707,118.0
71,S4,314159,145,4,2,13,0.537900931841205,1.5,0.4810689799633707,118.0
72,S4,314159,142,3,2,9,0.5228614006359126,1.5,0.4787337799633707,118.0
73,S4,314159,157,3,2,10,0.5217051604742813,1.5,0.47638457996337064,118.0
74,S4,314159,158,3,2,12,0.5240777900979005,1.5,0.47402137996337074,118.0
75,S4,314159,164,3,2,7,0.5079659137137754,1.5,0.47164417996337066,118.0
76,S4,314159,153,3,2,6,0.5026402483839371,1.5,0.4692529799633707,118.0
77,S4,314159,157,3,2,7,0.49839982586790227,1.5,0.4668477799633706,118.0
78,S4,314159,151,3,2,4,0.4961758847927088,1.5,0.46442857996337067,118.0
79,S4,314159,153,3,2,10,0.5021817109743602,1.5,0.46199537996337064,118.0
80,S4,314159,160,3,2,14,0.5029763970855246,1.5,0.45954817996337066,118.0
81,S4,314159,155,3,2,12,0.5058378490883828,1.5,0.4570869799633706,118.0
82,S4,314159,159,3,2,10,0.4982803782415118,1.5,0.45461177996337065,118.0
83,S4,314159,155,3,2,13,0.5025410248991435,1.5,0.45212257996337063,118.0
84,S4,314159,157,3,2,16,0.527602787700245,1.5,0.4496193799633706,118.0
85,S4,314159,151,2,2,18,0.5353770893902515,1.5,0.4471021799633706,118.0
86,S4,314159,153,2,2,16,0.5302253655906588,1.5,0.44457097996337064,118.0
87,S4,314159,158,2,2,26,0.5431431338751463,1.5,0.44202577996337067,118.0
88,S4,314159,163,2,2,38,0.5652295279682243,1.5,0.43946657996337063,118.0
89,S4,314159,154,2,2,34,0.5733590249975427,1.5,0.4368933799633707,118.0
90,S4,314159,155,2,2,30,0.5501182859041287,1.5,0.3178911465566755,118.0
91,S4,314159,139,2,2,28,0.5584887401051549,1.5,0.31528994655667547,118.0
92,S4,314159,129,2,2,19,0.555280122939689,1.5,0.3126747465566755,118.0
93,S4,314159,129,2,2,11,0.5399316028533755,1.5,0.31004554655667543,118.0
94,S4,314159,121,2,2,5,0.5328834234011781,1.5,0.3074023465566755,118.0
95,S4,314159,118,2,2,4,0.5308127635746138,1.5,0.3047451465566755,118.0
96,S4,314159,124,2,2,2,0.5291839599427681,1.5,0.3021211738341959,118.0
97,S4,314159,143,2,2,1,0.5128139361996612,1.5,0.30375837383419596,118.0
98,S4,314159,137,2,2,1,0.512988010275623,1.5,0.30542157383419594,118.0
99,S4,314159,143,2,2,0,0.5154440937452291,1.5,0.3071107738341959,118.0
100,S4,314159,142,2,2,0,0.5090304080548774,1.5,0.3088259738341959,118.0
1,S5,314159,397,8,0,397,0.7427283127108188,0.5209355655079765,0.7509193333333334,94.50245357219143
2,S5,314159,375,8,0,375,0.7438420490995616,0.5418001006078819,0.7482934216619324,95.00320241458915
3,S5,314159,405,8,0,405,0.7439190399519942,0.5627303214703158,0.7456715369488575,95.50552771528757
4,S5,314159,396,8,0,396,0.7440192609329037,0.5835412951791469,0.7430537359466077,96.00499108429952
5,S5,314159,399,8,0,399,0.7439984278608214,0.6044068353462962,0.7404399156256426,96.50576404831111
6,S5,314159,404,8,0,404,0.7436152041141787,0.6254303685019932,0.7378301231313817,97.01032884404783
7,S5,314159,425,8,0,425,0.7425849376184738,0.6463993289896238,0.7352244949697675,97.51358389575097
8,S5,314159,442,8,0,442,0.7404214953652037,0.6676534176287001,0.7326229839900145,98.0236820230888
9,S5,314159,455,8,0,455,0.7387484479762904,0.6891005277661505,0.7300258365428457,98.53841266638761
10,S5,314159,464,8,0,464,0.7370248255996832,0.7105867783610238,0.7274332193988355,99.05408268066456
11,S5,314159,496,8,0,496,0.7397128254268376,0.731664649430466,0.7248451663753395,99.55995158633118
12,S5,314159,497,8,0,497,0.736318808850576,0.7526682662651673,0.7222613246324475,100.06403839036402
13,S5,314159,491,8,0,491,0.7358868630558997,0.7735143632239094,0.7196816300145006,100.56434471737381
14,S5,314159,471,8,0,471,0.7365714487762667,0.7941752931927356,0.717105946424326,101.06020703662564
15,S5,314159,448,8,0,448,0.736291812672146,0.8151277611845742,0.7145341138776446,101.56306626842976
16,S5,314159,422,8,0,422,0.7359554804538037,0.8358967571162859,0.711966384263308,102.06152217079085
17,S5,314159,424,8,0,424,0.735137943579978,0.8568353751352509,0.7094025990614566,102.564049003246
18,S5,314159,419,7,1,414,0.7321905652574494,0.8778148107973948,0.7068429048255732,103.06755545913747
19,S5,314159,388,7,1,384,0.730284959807369,0.8987677740286821,0.7042873368221022,103.57042657668836
20,S5,314159,365,7,1,360,0.7296523840112836,0.9196857212633026,0.7006918822789702,104.07245731031927
21,S5,314159,347,7,1,344,0.7302483970330452,0.9406305130954365,0.6981444907421416,104.57513231429047
22,S5,314159,353,7,1,349,0.7270733406661604,0.9619365313398234,0.6956011955054561,105.08647675215576
23,S5,314159,342,7,1,339,0.7243020935150389,0.9834361400862935,0.6930623086685337,105.60246736207104
24,S5,314159,354,7,1,350,0.7237339495673614,1.0048078299796677,0.6905279974935682,106.11538791951203
25,S5,314159,358,6,2,355,0.718333229807225,1.0267523740144275,0.6879981514586707,106.64205697634625
26,S5,314159,391,6,2,387,0.7103274439708155,1.049059690987028,0.6854732655098191,107.17743258368866
27,S5,314159,381,6,2,379,0.6977133847768503,1.0721869005316242,0.6829536530828318,107.73248561275896
28,S5,314159,365,6,2,363,0.6971531978369369,1.0952269338596343,0.6804400225648911,108.28544641263123
29,S5,314159,363,6,2,356,0.6904085330659147,1.1191075633034235,0.6779322986357458,108.85858151928215
30,S5,314159,360,6,2,353,0.6820788783216637,1.1431117430103879,0.67543120757044,109.43468183224931
31,S5,314159,369,5,2,352,0.6805134313467275,1.1674903717316318,0.6729368561164009,110.01976892155916
32,S5,314159,323,5,2,302,0.6738892088313028,1.1925169482269025,0.6704495677975771,110.62040675744566
33,S5,314159,313,5,2,294,0.6661135490829534,1.2178804357325883,0.6679699024408453,111.22913045758212
34,S5,314159,309,5,2,297,0.6592572744135489,1.2431329230271795,0.6654981511373181,111.8351901526523
35,S5,314159,319,5,2,299,0.6548200913740686,1.2679166167912246,0.6630342179828136,112.42999880298939
36,S5,314159,330,5,2,307,0.6498097613421497,1.292798473780322,0.6605776979397211,113.02716337072773
37,S5,314159,324,5,2,292,0.6502865993423431,1.3170593189016817,0.6581286758210674,113.60942365364035
38,S5,314159,318,5,2,281,0.6516846056636612,1.3421619820207438,0.6556866150725985,114.21188756849784
39,S5,314159,318,5,2,290,0.6453914608675341,1.367278850780616,0.6532522430250643,114.81469241873477
40,S5,314159,347,5,2,319,0.6343394896627608,1.3921971489631746,0.6508255719521389,115.41273157511618
41,S5,314159,325,5,2,307,0.6314482230751575,1.4175542006458743,0.6484064302888429,116.02130081550098
42,S5,314159,330,5,2,313,0.6230895632096252,1.4430389530730867,0.645995197118201,116.63293487375408
43,S5,314159,318,5,2,307,0.6233394097566335,1.4686468933574908,0.643591982773656,117.24752544057976
44,S5,314159,304,5,2,297,0.6168096245398812,1.4946466207049653,0.6411968936895168,117.87151889691916
45,S5,314159,320,5,2,296,0.6043963266477989,1.5,0.6388102683698059,118.0
46,S5,314159,321,5,2,294,0.5948643960491187,1.5,0.6364142683698061,118.0
47,S5,314159,329,5,2,309,0.5794428499239972,1.5,0.6340042683698061,118.0
48,S5,314159,328,5,2,299,0.5772668198958965,1.5,0.6315802683698061,118.0
49,S5,314159,318,5,2,286,0.580335612596926,1.5,0.6291422683698061,118.0
50,S5,314159,312,5,2,289,0.5740691128486151,1.5,0.626690268369806,118.0
51,S5,314159,321,5,2,292,0.5635938456924983,1.5,0.6242242683698062,118.0
52,S5,314159,323,5,2,283,0.5695941812134795,1.5,0.6217442683698061,118.0
53,S5,314159,349,5,2,287,0.5670444243627542,1.5,0.6192502683698061,118.0
54,S5,314159,322,5,2,246,0.535678629145354,1.5,0.4985035968324043,118.0
55,S5,314159,300,5,2,206,0.5535948223298196,1.5,0.49598159683240434,118.0
56,S5,314159,267,5,2,169,0.570835503902607,1.5,0.4934455968324043,118.0
57,S5,314159,247,4,2,132,0.5730290106758265,1.5,0.4908955968324043,118.0
58,S5,314159,232,4,2,119,0.5758118802004937,1.5,0.4883315968324043,118.0
59,S5,314159,220,4,2,93,0.5690893799268143,1.5,0.4857535968324043,118.0
60,S5,314159,207,4,2,78,0.5673322689082825,1.5,0.48316159683240434,118.0
61,S5,314159,220,4,2,92,0.5779919411021791,1.5,0.4805555968324044,118.0
62,S5,314159,208,4,2,59,0.554316236428929,1.5,0.4779355968324044,118.0
63,S5,314159,205,4,2,55,0.5537236571981883,1.5,0.4753015968324043,118.0
64,S5,314159,203,4,2,39,0.5392222934828083,1.5,0.4726535968324043,118.0
65,S5,314159,203,4,2,36,0.531434386428641,1.5,0.4699915968324044,118.0
66,S5,314159,200,4,2,27,0.5193494739799212,1.5,0.46731559683240437,118.0
67,S5,314159,183,4,2,26,0.5343265141179911,1.5,0.4646255968324044,118.0
68,S5,314159,183,4,2,13,0.5130734653634547,1.5,0.46192159683240436,118.0
69,S5,314159,210,4,2,30,0.5262171749202618,1.5,0.45920359683240436,118.0
70,S5,314159,242,4,2,40,0.521373456531478,1.5,0.4564715968324043,118.0
71,S5,314159,241,4,2,40,0.5261878826827147,1.5,0.4537255968324044,118.0
72,S5,314159,253,4,2,32,0.5079458219362785,1.5,0.4509655968324044,118.0
73,S5,314159,286,4,2,32,0.49799141336366165,1.5,0.4481915968324044,118.0
74,S5,314159,286,4,2,28,0.4938432141606875,1.5,0.4454035968324044,118.0
75,S5,314159,298,4,2,26,0.48115862803628223,1.5,0.4426015968324044,118.0
76,S5,314159,288,4,2,28,0.48564208767631784,1.5,0.4397855968324044,118.0
77,S5,314159,291,4,2,32,0.4904331899039744,1.5,0.4369555968324044,118.0
78,S5,314159,285,3,2,22,0.48824470706880746,1.5,0.43411159683240436,118.0
79,S5,314159,297,3,2,36,0.4949397492403721,1.5,0.43125359683240444,118.0
80,S5,314159,308,3,2,39,0.4873589642241403,1.5,0.42838159683240445,118.0
81,S5,314159,303,3,2,41,0.4999664217771854,1.5,0.4254955968324045,118.0
82,S5,314159,307,3,2,38,0.4871921691089512,1.5,0.4225955968324045,118.0
83,S5,314159,302,3,2,48,0.5003030350260282,1.5,0.4196815968324045,118.0
84,S5,314159,300,3,2,60,0.5159328815768817,1.5,0.4167535968324045,118.0
85,S5,314159,307,3,2,57,0.5101666878590255,1.5,0.41381159683240454,118.0
86,S5,314159,308,3,2,58,0.5088924531984635,1.5,0.4108555968324046,118.0
87,S5,314159,340,3,2,75,0.5092363857503208,1.5,0.4078855968324045,118.0
88,S5,314159,378,3,2,107,0.526372621245941,1.5,0.40490159683240456,118.0
89,S5,314159,385,3,2,121,0.5363780674263933,1.5,0.40190359683240456,118.0
90,S5,314159,363,3,2,94,0.5043548354646166,1.5,0.2824765634257094,118.0
91,S5,314159,335,3,2,67,0.4991327680879298,1.5,0.27945056342570945,118.0
92,S5,314159,333,3,2,59,0.4992206466687204,1.5,0.27641056342570947,118.0
93,S5,314159,309,3,2,49,0.4979653856699773,1.5,0.2733565634257094,118.0
94,S5,314159,298,3,2,38,0.4925868973200633,1.5,0.2741822517468855,118.0
95,S5,314159,290,3,2,23,0.47427971847115663,1.5,0.2754842517468855,118.0
96,S5,314159,284,3,2,15,0.47377166909506835,1.5,0.2768122517468855,118.0
97,S5,314159,296,3,2,11,0.46106069196056537,1.5,0.27816625174688553,118.0
98,S5,314159,284,3,2,4,0.44494186948517034,1.5,0.2795462517468855,118.0
99,S5,314159,263,3,2,4,0.46691188683512685,1.5,0.2809522517468855,118.0
100,S5,314159,277,3,2,2,0.4522774283750651,1.5,0.2823842517468855,118.0
1,S6,314159,395,8,0,395,0.7448262539620927,0.5207911866666667,0.7595593333333334,94.49898848000001
2,S6,314159,381,8,0,381,0.7478169236550201,0.5416931468571324,0.7650980095232853,95.00063552457118
3,S6,314159,423,8,0,423,0.7498779893906174,0.5627068286033623,0.7706840873114928,95.50496388648068
4,S6,314159,421,8,0,421,0.752286359319915,0.5838331865011863,0.7763178948911981,96.01199647602847
5,S6,314159,440,8,0,440,0.7540649139995385,0.6050731817663837,0.781999763259864,96.5217563623932
6,S6,314159,459,8,0,459,0.7552298882508988,0.6264277822911561,0.7877300262386209,97.03426677498774
7,S6,314159,486,8,0,486,0.7569706210453366,0.6478979627009938,0.7935090204918794,97.54955110482383
8,S6,314159,497,8,0,497,0.7581258769424079,0.669484704411936,0.7993370855471098,98.06763290588646
9,S6,314159,519,8,0,519,0.7593275692775605,0.6911889956882318,0.8052145638147903,98.58853589651756
10,S6,314159,550,8,0,550,0.7606962843247084,0.7130118317004023,0.811141800608524,99.11228396080965
11,S6,314159,565,8,0,565,0.76147331700984,0.7349542145837089,0.8171191441653272,99.638901150009
12,S6,314159,579,8,0,579,0.7626289343227516,0.7570171534970307,0.8231469456660884,100.16841168392874
13,S6,314159,569,8,0,569,0.7638617102893489,0.7792016646821548,0.8292255592562011,100.70083995237171
14,S6,314159,573,8,0,573,0.7648414628779165,0.8015087715234823,0.8353553420663715,101.23621051656357
15,S6,314159,566,8,0,566,0.7662015383531774,0.8239395046081543,0.8415366542335988,101.7745481105957
16,S6,314159,565,8,0,565,0.7673975440275124,0.8464949017866011,0.8477698589223358,102.31587764287842
17,S6,314159,580,8,0,580,0.7681230735463275,0.8691760082335177,0.854055322345824,102.86022419760441
18,S6,314159,613,8,0,613,0.7692143209418897,0.89198387650927,0.8603934137876107,103.40761303622247
19,S6,314159,589,8,0,589,0.7701545511563875,0.9149195666217349,0.8667845056232443,103.95806959892164
20,S6,314159,655,8,0,655,0.7703730520157012,0.9379128890693521,0.8696661223808583,104.50990933766444
21,S6,314159,644,8,0,644,0.7713117493966248,0.9610290130935523,0.8758062012100045,105.06469631424524
22,S6,314159,652,8,0,652,0.7720554238850805,0.9842185353698883,0.8794761138167996,105.62124484887731
23,S6,314159,662,8,0,662,0.7729781880920402,1.0074820211100681,0.883174287008991,106.17956850664163
24,S6,314159,654,8,0,654,0.7734765140811161,1.0308200382216202,0.8869008555775952,106.73968091731886
25,S6,314159,672,7,1,672,0.7740935288373617,1.054233157328592,0.8906559553485837,107.3015957758862
26,S6,314159,708,7,1,708,0.7749710948808175,1.0777219517923486,0.8944397231878326,107.86532684301635
27,S6,314159,719,7,1,719,0.7755584836165996,1.1012869977324709,0.8982522970061124,108.43088794557929
28,S6,314159,716,7,1,716,0.7762545067552422,1.1249288740477532,0.9020938157641133,108.99829297714606
29,S6,314159,738,6,1,738,0.7771129534714785,1.1486481624373035,0.9059644194775113,109.56755589849527
30,S6,314159,762,6,1,762,0.7774284762317425,1.172445447421745,0.9098642492220703,110.13869073812188
31,S6,314159,762,6,1,762,0.7780605706974948,1.1963213163645208,0.9137934471387851,110.71171159274849
32,S6,314159,750,6,1,750,0.7786689390327662,1.2202763594933022,0.9177521564390613,111.28663262783924
33,S6,314159,764,6,1,764,0.7795403236121795,1.2443111699215008,0.9217405214099351,111.863468078116
34,S6,314159,743,6,1,743,0.7800623928794174,1.2684263436698875,0.9257586874193334,112.4422322480773
35,S6,314159,749,6,1,749,0.7805800273879252,1.292622479688315,0.9298068009213707,113.02293951251956
36,S6,314159,761,6,1,761,0.7813283475417923,1.3169001798775488,0.9338850094616881,113.60560431706116
37,S6,314159,794,6,1,794,0.781757940330332,1.3412600491112054,0.9379934616828303,114.19024117866891
38,S6,314159,843,6,1,843,0.7825371226850464,1.3657026952577989,0.9421323073296639,114.77686468618717
39,S6,314159,852,6,1,852,0.7829957463009103,1.3902287292028956,0.9463016972548349,115.36548950086949
40,S6,314159,831,6,1,831,0.7836359934851355,1.414838764871381,0.9505017834242677,115.95613035691312
41,S6,314159,813,6,1,813,0.7839979280428178,1.439533419249835,0.9547327189227026,116.54880206199603
42,S6,314159,847,6,1,847,0.7847001707159387,1.4643133124090206,0.9589946579592769,117.1435194978165
43,S6,314159,840,6,1,840,0.7852418427049187,1.4891790675264835,0.9632877558731443,117.7402976206356
44,S6,314159,845,6,1,845,0.7859253086851825,1.5,0.9675591754578451,118.0
45,S6,314159,828,6,1,828,0.7864529536195342,1.5,0.9685735754578451,118.0
46,S6,314159,834,6,1,834,0.7868951345946392,1.5,0.9695479754578451,118.0
47,S6,314159,837,6,1,837,0.7871459564500416,1.5,0.9704823754578452,118.0
48,S6,314159,842,6,1,842,0.7877075575852411,1.5,0.9713767754578452,118.0
49,S6,314159,819,6,1,819,0.7881502387681494,1.5,0.9722311754578451,118.0
50,S6,314159,839,6,1,839,0.7886857271256192,1.5,0.9730455754578452,118.0
51,S6,314159,849,6,1,849,0.7888457950574634,1.5,0.973819975457845,118.0
52,S6,314159,864,6,1,864,0.7893414544054436,1.5,0.9745543754578451,118.0
53,S6,314159,862,6,1,862,0.7898329266079369,1.5,0.975248775457845,118.0
54,S6,314159,885,6,1,885,0.7903229163279104,1.5,0.8611475705871099,118.0
55,S6,314159,910,6,1,910,0.7903579068327404,1.5,0.8652450372537764,118.0
56,S6,314159,941,6,1,941,0.7905702647715235,1.5,0.8693025039204433,118.0
57,S6,314159,954,6,1,954,0.7908119660677679,1.5,0.8733199705871099,118.0
58,S6,314159,969,6,1,969,0.7910232581657344,1.5,0.8772974372537766,118.0
59,S6,314159,997,6,1,997,0.7910834717091663,1.5,0.8812349039204433,118.0
60,S6,314159,957,6,1,957,0.7912911065408349,1.5,0.8851323705871099,118.0
61,S6,314159,993,6,1,993,0.7914578289385301,1.5,0.8889898372537767,118.0
62,S6,314159,991,6,1,991,0.7915153180658356,1.5,0.8928073039204434,118.0
63,S6,314159,1011,6,1,1011,0.7916112030997586,1.5,0.8965847705871101,118.0
64,S6,314159,992,6,1,992,0.7915494549920771,1.5,0.9000750617959317,118.0
65,S6,314159,1005,6,1,1005,0.7914154893561208,1.5,0.9035581284625983,118.0
66,S6,314159,987,6,1,987,0.7914219344867014,1.5,0.9070411951292651,118.0
67,S6,314159,993,6,1,993,0.7913227504831037,1.5,0.9105242617959317,118.0
68,S6,314159,991,6,1,991,0.7913245581347139,1.5,0.9140073284625984,118.0
69,S6,314159,1007,6,1,1007,0.7914259780791941,1.5,0.9174903951292651,118.0
70,S6,314159,1028,6,1,1028,0.7912030269871809,1.5,0.9209734617959318,118.0
71,S6,314159,1035,6,1,1035,0.7912554598908083,1.5,0.9244309284625984,118.0
72,S6,314159,1007,6,1,1007,0.7911443161118749,1.5,0.9278483951292652,118.0
73,S6,314159,1013,6,1,1013,0.7910149919413394,1.5,0.9312258617959318,118.0
74,S6,314159,988,6,1,988,0.790912666836684,1.5,0.9345633284625986,118.0
75,S6,314159,986,6,1,986,0.7907406294254423,1.5,0.9378607951292652,118.0
76,S6,314159,1025,6,1,1025,0.7907295691540378,1.5,0.9411182617959318,118.0
77,S6,314159,1019,6,1,1019,0.7907367264832783,1.5,0.9443357284625985,118.0
78,S6,314159,1025,6,1,1025,0.7903625045198922,1.5,0.9475131951292651,118.0
79,S6,314159,1033,6,1,1033,0.7901516521798638,1.5,0.9506506617959318,118.0
80,S6,314159,1033,6,1,1033,0.7897960156979861,1.5,0.9537481284625985,118.0
81,S6,314159,1035,6,1,1035,0.7897478834054709,1.5,0.9568055951292651,118.0
82,S6,314159,1042,6,1,1042,0.7895700308556253,1.5,0.9598230617959319,118.0
83,S6,314159,1023,6,1,1023,0.7891053805380305,1.5,0.9628005284625986,118.0
84,S6,314159,1027,6,1,1027,0.7888180276662368,1.5,0.9657379951292652,118.0
85,S6,314159,1031,6,1,1031,0.7882696271762101,1.5,0.968635461795932,118.0
86,S6,314159,1039,6,1,1039,0.7878726426572222,1.5,0.9714929284625985,118.0
87,S6,314159,1023,6,1,1023,0.7874332638999856,1.5,0.9741247999999999,118.0
88,S6,314159,1071,6,1,1071,0.7868657443002811,1.5,0.9734191999999999,118.0
89,S6,314159,1072,6,1,1072,0.7865093504705608,1.5,0.9726735999999999,118.0
90,S6,314159,1067,6,1,1067,0.7863262799223363,1.5,0.8599586999266381,118.0
91,S6,314159,1041,6,1,1041,0.7858887150792865,1.5,0.8636448332599714,118.0
92,S6,314159,1012,6,1,1012,0.7853988193975757,1.5,0.8673169665933047,118.0
93,S6,314159,1000,6,1,1000,0.7850708587423668,1.5,0.8709750999266381,118.0
94,S6,314159,1008,6,1,1008,0.7841336492034914,1.5,0.8746192332599714,118.0
95,S6,314159,999,6,1,999,0.7836988837478412,1.5,0.8782493665933048,118.0
96,S6,314159,1023,6,1,1023,0.7831901381670309,1.5,0.8818654999266382,118.0
97,S6,314159,1031,6,1,1031,0.7825046332322069,1.5,0.8854676332599715,118.0
98,S6,314159,1025,6,1,1025,0.7818102378602725,1.5,0.8890557665933048,118.0
99,S6,314159,1040,6,1,1040,0.7809131493454065,1.5,0.8926298999266381,118.0
100,S6,314159,1034,6,1,1034,0.780318903573003,1.5,0.8961900332599715,118.0
1,S7,314159,386,8,0,386,0.7434344246159084,0.5205123866666667,0.7536193333333334,94.49229727999999
2,S7,314159,370,8,0,370,0.7459378360238781,0.5410232736279061,0.7535443480619733,94.98455856706974
3,S7,314159,397,8,0,397,0.7462768232336435,0.5615330011329401,0.7534863752516987,95.47679202719056
4,S7,314159,376,8,0,376,0.7471167386160601,0.5820419093959284,0.7534454131494117,95.96900582550228
5,S7,314159,365,8,0,365,0.74720927539849,0.6026358180583116,0.7534214605164183,96.46325963339947
6,S7,314159,390,8,0,390,0.7476372439588044,0.6233841109757781,0.7534146458733225,96.96121866341866
7,S7,314159,399,8,0,399,0.7479985310099984,0.6441071513696125,0.7534252026491179,97.4585716328707
8,S7,314159,414,8,0,414,0.7481170344909865,0.6649234595996638,0.7534530926619887,97.95816303039193
9,S7,314159,432,8,0,432,0.7491321623404569,0.6857389842938775,0.7534984569329034,98.45773562305305
10,S7,314159,453,8,0,453,0.7496406638376856,0.7065027488107671,0.7535612942771558,98.9560659714584
11,S7,314159,477,8,0,477,0.7498636641641208,0.7271900028195182,0.7536415264333575,99.45256006766843
12,S7,314159,484,8,0,484,0.7497805371616636,0.7477907339870937,0.7537390377176209,99.94697761569024
13,S7,314159,500,8,0,500,0.7497598990056008,0.768370207933242,0.7538536973074091,100.4408849903978
14,S7,314159,518,8,0,518,0.7493409151028078,0.7889501490547096,0.7539854730618042,100.93480357731303
15,S7,314159,482,8,0,482,0.7491127295488524,0.8095375666589095,0.754134365687175,101.42890159981381
16,S7,314159,489,8,0,489,0.7489169116712618,0.8301061101759898,0.7543003864879632,101.92254664422376
17,S7,314159,498,7,1,498,0.7484916341645066,0.8506566638486573,0.7544835069265492,102.41575993236778
18,S7,314159,490,7,1,490,0.748400712412155,0.871211562334499,0.7546836998022884,102.90907749602798
19,S7,314159,486,7,1,486,0.7485858937138349,0.8917495817681897,0.7549009716845382,103.40198996243655
20,S7,314159,496,7,1,496,0.7478396724460277,0.9123187107129809,0.7533112859492342,103.89564905711153
21,S7,314159,477,7,1,477,0.7478201462036409,0.932895373754809,0.7535627118398324,104.38948897011542
22,S7,314159,465,7,1,465,0.7477651740819357,0.953546192296095,0.7538312496449496,104.88510861510628
23,S7,314159,443,7,1,443,0.7476858344659421,0.9741859140156911,0.7541170114877014,105.38046193637658
24,S7,314159,456,7,1,456,0.7471273507891149,0.9947599276625727,0.754419980589693,105.87423826390174
25,S7,314159,449,7,1,449,0.7470045895323452,1.015341053981617,0.7547400576003188,106.3681852955588
26,S7,314159,487,7,1,487,0.7463188900066366,1.0360534409362128,0.755077253273939,106.8652825824691
27,S7,314159,467,7,1,467,0.746131170344405,1.0567802347159896,0.7554317660766346,107.36272563318374
28,S7,314159,448,7,1,448,0.7456815578898175,1.077475592786106,0.7558036177915252,107.85941422686653
29,S7,314159,446,6,1,446,0.7451248764740739,1.0980860847751628,0.7561927608878177,108.35406603460389
30,S7,314159,433,6,1,433,0.7445504533501466,1.1188021769706262,0.7565990670479978,108.85125224729502
31,S7,314159,442,6,1,442,0.7438701167880293,1.1397355720658884,0.7570226959395773,109.3536537295813
32,S7,314159,412,6,1,412,0.7418721899108055,1.1610064049864375,0.7574639761245411,109.8641537196745
33,S7,314159,400,6,1,400,0.7401129115792163,1.182696873342615,0.7579234178088804,110.38472496022275
34,S7,314159,396,6,1,396,0.7376401839943656,1.2047756135229497,0.7584016554813745,110.91461472455077
35,S7,314159,399,6,1,399,0.73765874463667,1.2268011178441227,0.7588992762090213,111.44322682825893
36,S7,314159,407,6,1,407,0.7344837661195768,1.24926924527391,0.7594161994992016,111.98246188657383
37,S7,314159,430,5,1,430,0.73072622417391,1.2721817955379642,0.7599530945980556,112.53236309291114
38,S7,314159,439,5,1,439,0.7303052206015908,1.2951299580935272,0.7605106334729091,113.08311899424464
39,S7,314159,459,5,1,459,0.7256890400324775,1.3184427158850751,0.7610888699695465,113.6426251812418
40,S7,314159,440,5,1,440,0.725358900310823,1.341834664810376,0.7616883553559649,114.20403195544901
41,S7,314159,426,5,1,426,0.719806821158597,1.3656457316268673,0.762309209369158,114.77549755904481
42,S7,314159,450,5,1,450,0.7174841113056937,1.3895341062745084,0.7629520657153778,115.3488185505882
43,S7,314159,434,5,1,434,0.7155744181021944,1.4136252489435075,0.7636170412840647,115.92700597464417
44,S7,314159,425,5,1,425,0.7161537913878714,1.437679337796717,0.7643044426604674,116.5043041071212
45,S7,314159,440,5,1,440,0.7110442352561076,1.4620596220731013,0.765014213819216,117.08943092975441
46,S7,314159,434,5,1,434,0.70708897790865,1.4866965866822266,0.7657468479677906,117.68071808037344
47,S7,314159,416,5,1,416,0.7045728068591781,1.5,0.766502733206854,118.0
48,S7,314159,414,5,1,414,0.6979511501421916,1.5,0.7672647332068542,118.0
49,S7,314159,379,5,1,379,0.7025175289735357,1.5,0.768012733206854,118.0
50,S7,314159,369,5,1,369,0.6980517307350917,1.5,0.768746733206854,118.0
51,S7,314159,333,5,1,332,0.6991040010099292,1.5,0.7694667332068542,118.0
52,S7,314159,333,5,1,333,0.6993427441767628,1.5,0.7701727332068541,118.0
53,S7,314159,328,5,1,320,0.6949217319243395,1.5,0.7708647332068542,118.0
54,S7,314159,300,5,1,296,0.6683217223793697,1.5,0.6533040616694522,118.0
55,S7,314159,294,4,1,291,0.6783244955053931,1.5,0.6539680616694522,118.0
56,S7,314159,273,4,1,271,0.6908462397673035,1.5,0.6546180616694524,118.0
57,S7,314159,249,4,1,248,0.6956266490973508,1.5,0.6552540616694523,118.0
58,S7,314159,243,4,1,242,0.6967110459652317,1.5,0.6558760616694523,118.0
59,S7,314159,216,4,1,215,0.7012834300992152,1.5,0.6564840616694524,118.0
60,S7,314159,216,4,1,216,0.7075617907248328,1.5,0.6570780616694524,118.0
61,S7,314159,215,4,1,215,0.7120862356215932,1.5,0.6576580616694524,118.0
62,S7,314159,201,4,1,201,0.7144631379595225,1.5,0.6582240616694524,118.0
63,S7,314159,195,4,1,195,0.715934022596627,1.5,0.6587760616694524,118.0
64,S7,314159,201,4,1,201,0.7189856114746609,1.5,0.6593140616694524,118.0
65,S7,314159,199,4,1,199,0.7204107593314975,1.5,0.6598380616694524,118.0
66,S7,314159,206,4,1,206,0.721770368521444,1.5,0.6603480616694523,118.0
67,S7,314159,203,4,1,203,0.7244559658200498,1.5,0.6608440616694523,118.0
68,S7,314159,217,4,1,217,0.7271903489534683,1.5,0.6613260616694524,118.0
69,S7,314159,228,4,1,228,0.7286821651671307,1.5,0.6617940616694523,118.0
70,S7,314159,243,4,1,243,0.7300785755757905,1.5,0.6622480616694523,118.0
71,S7,314159,247,4,1,247,0.7325496634150718,1.5,0.6626880616694524,118.0
72,S7,314159,275,4,1,275,0.7348807870405385,1.5,0.6631140616694524,118.0
73,S7,314159,310,4,1,310,0.7370222981147997,1.5,0.6635260616694524,118.0
74,S7,314159,327,4,1,327,0.7389538538414243,1.5,0.6639240616694524,118.0
75,S7,314159,334,4,1,334,0.7408291862666193,1.5,0.6643080616694524,118.0
76,S7,314159,339,4,1,339,0.7417070939615028,1.5,0.6646780616694524,118.0
77,S7,314159,361,4,1,361,0.744331072421997,1.5,0.6650340616694523,118.0
78,S7,314159,387,4,1,387,0.7465858980830441,1.5,0.6653760616694524,118.0
79,S7,314159,432,4,1,432,0.748859437867771,1.5,0.6657040616694524,118.0
80,S7,314159,464,4,1,464,0.750796404354157,1.5,0.6660180616694524,118.0
81,S7,314159,497,4,1,497,0.7527161354044248,1.5,0.6663180616694524,118.0
82,S7,314159,527,4,1,520,0.7516102164660736,1.5,0.6666040616694523,118.0
83,S7,314159,559,4,1,552,0.754072137982685,1.5,0.6668760616694523,118.0
84,S7,314159,587,4,1,581,0.7563233104374765,1.5,0.6671340616694522,118.0
85,S7,314159,615,4,1,610,0.7579878292057616,1.5,0.6673780616694523,118.0
86,S7,314159,633,4,1,628,0.7591052335673033,1.5,0.6676080616694523,118.0
87,S7,314159,633,4,1,629,0.7607768784668401,1.5,0.6676852894835349,118.0
88,S7,314159,664,4,1,661,0.7611233619712783,1.5,0.6654654561502017,118.0
89,S7,314159,672,4,1,669,0.7610732258599044,1.5,0.6632056228168682,118.0
90,S7,314159,599,4,1,597,0.6979599459839614,1.5,0.5469645894101731,118.0
91,S7,314159,522,4,1,521,0.6996254088690225,1.5,0.5471245894101732,118.0
92,S7,314159,472,4,1,471,0.7011317307186865,1.5,0.5472705894101731,118.0
93,S7,314159,445,4,1,436,0.7004587457004529,1.5,0.5474025894101731,118.0
94,S7,314159,414,4,1,401,0.7005191029803125,1.5,0.5475205894101731,118.0
95,S7,314159,413,4,1,403,0.7026963475487875,1.5,0.5476245894101731,118.0
96,S7,314159,403,4,1,393,0.7046214897850326,1.5,0.5477145894101731,118.0
97,S7,314159,412,4,1,402,0.7064980831261312,1.5,0.5477905894101731,118.0
98,S7,314159,390,4,1,379,0.7065922681123578,1.5,0.547852589410173,118.0
99,S7,314159,380,4,1,367,0.7073293912107742,1.5,0.5479005894101731,118.0
100,S7,314159,382,4,1,360,0.7058217816918031,1.5,0.5479345894101731,118.0
