source_id,source,url,identifier_version,accessed_utc,retrieval_condition,local_path,file_size,sha256,license,completeness
literature-audit-openalex-takhi,OpenAlex API,https://api.openalex.org/works/https://doi.org/10.1046/j.1523-1739.1996.10030728.x,DOI 10.1046/j.1523-1739.1996.10030728.x; OpenAlex work record,2026-09-25T00:46:16+00:00,HTTP GET; public API; no authentication,/home/ubuntu/repos/wip/agentic-conservation/data/raw/20260925T004616Z/literature_fulltext_audit/openalex_takhi.json,16605,e31f1207932204ffebb0d1a64ef061976be48ecd884a265e7e42101d18d01a44,OpenAlex data are CC0,complete OpenAlex work-record response
literature-audit-landing-takhi,DOI resolver and publisher landing page,https://doi.org/10.1046/j.1523-1739.1996.10030728.x,DOI 10.1046/j.1523-1739.1996.10030728.x,2026-09-25T00:46:16+00:00,HTTP GET with redirects and browser user agent,/home/ubuntu/repos/wip/agentic-conservation/data/raw/20260925T004616Z/literature_fulltext_audit/landing_takhi.html,5580,b6e9f7150fb2be2adaf8f6d3b89b0b5f3d5828af32b3b209548a6ea95a6405c3,publisher terms; local audit preservation only,complete HTTP response after DOI redirect; response may be an access-control page and is not classified as article full text
literature-audit-openalex-horse_xinjiang,OpenAlex API,https://api.openalex.org/works/https://doi.org/10.1016/j.biocon.2014.06.021,DOI 10.1016/j.biocon.2014.06.021; OpenAlex work record,2026-09-25T00:46:16+00:00,HTTP GET; public API; no authentication,/home/ubuntu/repos/wip/agentic-conservation/data/raw/20260925T004616Z/literature_fulltext_audit/openalex_horse_xinjiang.json,16225,2d0502deaf96f7b2463e1215bb44607c633f3b44a3fe809fd6ec924020bcd60d,OpenAlex data are CC0,complete OpenAlex work-record response
literature-audit-landing-horse_xinjiang,DOI resolver and publisher landing page,https://doi.org/10.1016/j.biocon.2014.06.021,DOI 10.1016/j.biocon.2014.06.021,2026-09-25T00:46:16+00:00,HTTP GET with redirects and browser user agent,/home/ubuntu/repos/wip/agentic-conservation/data/raw/20260925T004616Z/literature_fulltext_audit/landing_horse_xinjiang.html,2728,8c4da5a18833ea3d83d409e623cee18a86a63b4906d29dd627f1e697646b903c,publisher terms; local audit preservation only,complete HTTP response after DOI redirect; response may be an access-control page and is not classified as article full text
literature-audit-openalex-oryx_genetics,OpenAlex API,https://api.openalex.org/works/https://doi.org/10.1016/j.biocon.2019.108244,DOI 10.1016/j.biocon.2019.108244; OpenAlex work record,2026-09-25T00:46:16+00:00,HTTP GET; public API; no authentication,/home/ubuntu/repos/wip/agentic-conservation/data/raw/20260925T004616Z/literature_fulltext_audit/openalex_oryx_genetics.json,23819,7cf525b39bda96f55c069c64e4301998a06ada50536b95e4282131fc9e398a66,OpenAlex data are CC0,complete OpenAlex work-record response
literature-audit-landing-oryx_genetics,DOI resolver and publisher landing page,https://doi.org/10.1016/j.biocon.2019.108244,DOI 10.1016/j.biocon.2019.108244,2026-09-25T00:46:16+00:00,HTTP GET with redirects and browser user agent,/home/ubuntu/repos/wip/agentic-conservation/data/raw/20260925T004616Z/literature_fulltext_audit/landing_oryx_genetics.html,2759,0ced338547546bf10fe6ded06fbfbd2810b33dc4cf60ccf7f94537a13348cf94,publisher terms; local audit preservation only,complete HTTP response after DOI redirect; response may be an access-control page and is not classified as article full text
literature-audit-openalex-condor_niche,OpenAlex API,https://api.openalex.org/works/https://doi.org/10.1016/j.biocon.2015.01.002,DOI 10.1016/j.biocon.2015.01.002; OpenAlex work record,2026-09-25T00:46:16+00:00,HTTP GET; public API; no authentication,/home/ubuntu/repos/wip/agentic-conservation/data/raw/20260925T004616Z/literature_fulltext_audit/openalex_condor_niche.json,16895,4c651e5280a0da30a57d5ccf1a8c918cd2b4253b836cfeabc5a6f99f25936d10,OpenAlex data are CC0,complete OpenAlex work-record response
literature-audit-landing-condor_niche,DOI resolver and publisher landing page,https://doi.org/10.1016/j.biocon.2015.01.002,DOI 10.1016/j.biocon.2015.01.002,2026-09-25T00:46:16+00:00,HTTP GET with redirects and browser user agent,/home/ubuntu/repos/wip/agentic-conservation/data/raw/20260925T004616Z/literature_fulltext_audit/landing_condor_niche.html,2732,184d383f21a3bb2cb3c6ec7f18c29502edfc72f8817e510a7d2131714dd28a60,publisher terms; local audit preservation only,complete HTTP response after DOI redirect; response may be an access-control page and is not classified as article full text
literature-audit-openalex-condor_junk,OpenAlex API,https://api.openalex.org/works/https://doi.org/10.1017/s095927090700069x,DOI 10.1017/s095927090700069x; OpenAlex work record,2026-09-25T00:46:16+00:00,HTTP GET; public API; no authentication,/home/ubuntu/repos/wip/agentic-conservation/data/raw/20260925T004616Z/literature_fulltext_audit/openalex_condor_junk.json,20896,b33ab5b5e5a3a49703890b718abf1f2b868d0eda7e6815a3f58081630dfede6b,OpenAlex data are CC0,complete OpenAlex work-record response
literature-audit-landing-condor_junk,DOI resolver and publisher landing page,https://doi.org/10.1017/s095927090700069x,DOI 10.1017/s095927090700069x,2026-09-25T00:46:16+00:00,HTTP GET with redirects and browser user agent,/home/ubuntu/repos/wip/agentic-conservation/data/raw/20260925T004616Z/literature_fulltext_audit/landing_condor_junk.html,764619,bb78da45cedb82727d45da0a44b3449051b91104eecebdcf60693cdf10e32e79,publisher terms; local audit preservation only,complete HTTP response after DOI redirect; response may be an access-control page and is not classified as article full text
literature-audit-openalex-voinformation,OpenAlex API,https://api.openalex.org/works/https://doi.org/10.1111/j.1523-1739.2012.01907.x,DOI 10.1111/j.1523-1739.2012.01907.x; OpenAlex work record,2026-09-25T00:46:16+00:00,HTTP GET; public API; no authentication,/home/ubuntu/repos/wip/agentic-conservation/data/raw/20260925T004616Z/literature_fulltext_audit/openalex_voinformation.json,17705,4263b7d45cb87b4049187356c2ea81a32e16037999137d2ef760b5154cc5503c,OpenAlex data are CC0,complete OpenAlex work-record response
literature-audit-landing-voinformation,DOI resolver and publisher landing page,https://doi.org/10.1111/j.1523-1739.2012.01907.x,DOI 10.1111/j.1523-1739.2012.01907.x,2026-09-25T00:46:16+00:00,HTTP GET with redirects and browser user agent,/home/ubuntu/repos/wip/agentic-conservation/data/raw/20260925T004616Z/literature_fulltext_audit/landing_voinformation.html,5571,6d76490d29ba3ba5100b0c1ff31dba933820fd988341822b035127784043f276,publisher terms; local audit preservation only,complete HTTP response after DOI redirect; response may be an access-control page and is not classified as article full text
literature-audit-openalex-partial_observability,OpenAlex API,https://api.openalex.org/works/https://doi.org/10.1016/j.biocon.2018.05.009,DOI 10.1016/j.biocon.2018.05.009; OpenAlex work record,2026-09-25T00:46:16+00:00,HTTP GET; public API; no authentication,/home/ubuntu/repos/wip/agentic-conservation/data/raw/20260925T004616Z/literature_fulltext_audit/openalex_partial_observability.json,17261,5e239fa80b84058b9cdba9d27c9b151315466ab3fdd34670d9433a45d0cc1a23,OpenAlex data are CC0,complete OpenAlex work-record response
literature-audit-landing-partial_observability,DOI resolver and publisher landing page,https://doi.org/10.1016/j.biocon.2018.05.009,DOI 10.1016/j.biocon.2018.05.009,2026-09-25T00:46:16+00:00,HTTP GET with redirects and browser user agent,/home/ubuntu/repos/wip/agentic-conservation/data/raw/20260925T004616Z/literature_fulltext_audit/landing_partial_observability.html,2683,bf9613ab0e1ee6a99e4b367e8f685438fd6919fb9758d19e42e212d3c35241d6,publisher terms; local audit preservation only,complete HTTP response after DOI redirect; response may be an access-control page and is not classified as article full text
literature-audit-fulltext-condor-junk,Cambridge Core,https://www.cambridge.org/core/services/aop-cambridge-core/content/view/363E14BD4E4068AD8D9E5E2467905E65/S095927090700069Xa.pdf/div-class-title-junk-ingestion-and-nestling-mortality-in-a-reintroduced-population-of-california-condors-span-class-italic-gymnogyps-californianus-span-div.pdf,DOI 10.1017/s095927090700069x; publisher PDF,2026-09-25T00:46:16+00:00,HTTP GET; public publisher PDF; no authentication,/home/ubuntu/repos/wip/agentic-conservation/data/raw/20260925T004616Z/literature_fulltext_audit/condor_junk_fulltext.pdf,150894,e96e8c8e42e9838b108c3426396e6798074d8868c15119c589707c870a95dc4c,publisher terms; local audit preservation only,complete 12-page publisher PDF; redistribution not established
literature-audit-failed-oryx-author-manuscript,University of Edinburgh Research Explorer,https://www.research.ed.ac.uk/files/185094877/Manuscript_revised_R2.pdf,DOI 10.1016/j.biocon.2019.108244; attempted author manuscript,2026-09-25T00:46:16+00:00,HTTP GET; Cloudflare access-control challenge returned,/home/ubuntu/repos/wip/agentic-conservation/data/raw/20260925T004616Z/literature_fulltext_audit/oryx_genetics_failed_response.html,5876,a878d6e6339be99ca213c4a7345077e6691f89600100d616a330f62ddcbe86e9,publisher/repository terms; local audit preservation only,access-control response only; article text was not retrieved
